{"noiseKey":{"private":{"type":"Buffer","data":"8J0HOLn6E+sIpFHHra3mhrTVck6fksQn6FDJrDGJ/ks="},"public":{"type":"Buffer","data":"T9wXJEhVP9QuPdu1PwhtGSo4DxuljWMDiPN8EpuyjBM="}},"pairingEphemeralKeyPair":{"private":{"type":"Buffer","data":"gAcTUQkRLyct70eRO6yYuEbmdjdCW45GWOEfBOiMn1A="},"public":{"type":"Buffer","data":"GP8ZQjc5UxIFUTgXd6QoGZphzMdkdEzANSNCaAqd7G0="}},"signedIdentityKey":{"private":{"type":"Buffer","data":"6E3N4HmlKMVaYTLclUFieHgT/cmyFGniH83uml7Jk24="},"public":{"type":"Buffer","data":"BSSJTLJdaHj+t2YMNB0nna0+bUI4lneV9iJ3FX0Tbzg="}},"signedPreKey":{"keyPair":{"private":{"type":"Buffer","data":"ILTcxmH2wJGXKnmYrh7q9Y81olgUPXh0amewWleKhEg="},"public":{"type":"Buffer","data":"QytRahvcHAcwVOVO5lcDxqc4IsuxPqv8X7YwlXAfgCg="}},"signature":{"type":"Buffer","data":"hhKvTnPHz+bTfGovzqPas0h16CdGS6NkQSuxhlCYdrcKoeMAjYKcGgiK2T14dIfhyILeA3vNDT/jNZqYxY5Zgg=="},"keyId":1},"registrationId":107,"advSecretKey":"NmMN9h7j5/UoO1Ne1tDZaASQflucPDVmx32C0LU9QRA=","processedHistoryMessages":[{"key":{"remoteJid":"62857513374666@s.whatsapp.net","fromMe":true,"id":"5C779A974CF6E80606FA19A23DA5E8EF"},"messageTimestamp":1696327413},{"key":{"remoteJid":"62857513374666@s.whatsapp.net","fromMe":true,"id":"FD85F06A7B8892FE1983DCBE94B427CA"},"messageTimestamp":1696327413},{"key":{"remoteJid":"62857513374666@s.whatsapp.net","fromMe":true,"id":"0D4E6CD937F99073FEE705A81A878A59"},"messageTimestamp":1696327445},{"key":{"remoteJid":"62857513374666@s.whatsapp.net","fromMe":true,"id":"1FE07BE3F15588A1A1D960EA5ABB0D02"},"messageTimestamp":1696327990},{"key":{"remoteJid":"62857513374666@s.whatsapp.net","fromMe":true,"id":"D0C5AEF97831A581DE9CE5CA65E5E90A"},"messageTimestamp":1696328091},{"key":{"remoteJid":"62857513374666@s.whatsapp.net","fromMe":true,"id":"74AC8C8D07A02D78F5A148263CF42B80"},"messageTimestamp":1696328167},{"key":{"remoteJid":"62857513374666@s.whatsapp.net","fromMe":true,"id":"0BE2A215E6B83548FB25BF41060AC74F"},"messageTimestamp":1696328453},{"key":{"remoteJid":"62857513374666@s.whatsapp.net","fromMe":true,"id":"3D184A356F667276AF389AD5B7D8942C"},"messageTimestamp":1696328475},{"key":{"remoteJid":"62857513374666@s.whatsapp.net","fromMe":true,"id":"67A54F9C3AE770BC9C54C2C41AD39526"},"messageTimestamp":1696328476},{"key":{"remoteJid":"62857513374666@s.whatsapp.net","fromMe":true,"id":"F79DADDC2E77EBBDB02B735017E04A45"},"messageTimestamp":1696328552}],"nextPreKeyId":397,"firstUnuploadedPreKeyId":397,"accountSyncCounter":1,"accountSettings":{"unarchiveChats":false},"deviceId":"2zJy5meLTKC0bzQCNUrI6A","phoneId":"ea7da8b1-87fb-4498-ae8d-270552968502","identityId":{"type":"Buffer","data":"NOlDMq40ibg4MNykQRqcBRjm9wY="},"registered":true,"backupToken":{"type":"Buffer","data":"1QV5RkYSBBPFpzxJ/O8ckDFh4j0="},"registration":{},"pairingCode":"7SJWE5AK","me":{"id":"62857513374666:2@s.whatsapp.net","name":"Miaw"},"account":{"details":"CIyV0vgEEO/N76gGGAE=","accountSignatureKey":"RLjrvi0+y5s+ER4s0dK5MqGhKSfJfZyrG/UALg8KshA=","accountSignature":"qROBzAkM+7ByrmOoMhxyt+EMvCk5D+tZJxqg1oCyDoOZ2MfCx/HD/XfDXAY/qaSXGRBGEpFhSK++pmcYYWRXDQ==","deviceSignature":"48r2J1uP+WnEWoiD1/xrEhIZzg4KFNogT0stfZdGnB8AuLnct8fXGfQ6C6apvvx/b8MwxYoCeQ9PqGixlG71iQ=="},"signalIdentities":[{"identifier":{"name":"62857513374666:2@s.whatsapp.net","deviceId":0},"identifierKey":{"type":"Buffer","data":"BUS4674tPsubPhEeLNHSuTKhoSknyX2cqxv1AC4PCrIQ"}}],"platform":"android","lastAccountSyncTimestamp":1696327476,"myAppStateKeyId":"AAAAACiB"}