[{"senderKeyId":1021440968,"senderChainKey":{"iteration":9,"seed":"pAS8DqWjy7CA+8MfgH6nCq+VJ6b15WMEB2SL4LRO2A4="},"senderSigningKey":{"public":"BSfLF/zVZwfX5KPvjoVwXHaOvzeJKXkUdyQrT0TWUWIc","private":"mDa4jemqy/C+ylwNdXkMZGh2lgBntzvnHIX6a8Li53k="},"senderMessageKeys":[{"iteration":1,"seed":"Um1fox3elZzVwBlVVJE9pB0rOskVhye4yYB5n456PqU="},{"iteration":3,"seed":"Nwz+uLDUXwkcRhW9W0XNUZ1aQI7GFOqs/pVNylFnexc="},{"iteration":5,"seed":"ZDNjUXt6pggCCDPH9ZYKuPFzZFKu5vY/Y8FCTX2QUuY="},{"iteration":7,"seed":"uc7A/mcvsOrlghT96Gk2ayzQNrtiUoF/BSwB9kuTqKI="}]}]