{"_sessions":{"BcI2dxNkGG5Qt5BpLzN3e+jlmwXfOAM69biyc1PlVn4F":{"registrationId":2004754373,"currentRatchet":{"ephemeralKeyPair":{"pubKey":"BVnn22O97tj6DPWG1UjCHi0ZKLGib9pts/FZyTFrIPFE","privKey":"kKwwog4xJb/xNPni7edKhHjlx5wC8VZP0a4KDoNMfmE="},"lastRemoteEphemeralKey":"BZjVfJUCKlTtRUKTD0brWvMAbngsO38oPc0vRzSbcvlh","previousCounter":0,"rootKey":"m7ptuca0t9jRVYGVTJyuh8Nz7oPmFNCG7XuqQupJaWw="},"indexInfo":{"baseKey":"BcI2dxNkGG5Qt5BpLzN3e+jlmwXfOAM69biyc1PlVn4F","baseKeyType":1,"closed":-1,"used":1696337706185,"created":1696337706185,"remoteIdentityKey":"BYjMbVN7Xw8150snY/QQwRTQqVEwXyWD94bmhkQx1d1u"},"_chains":{"BVnn22O97tj6DPWG1UjCHi0ZKLGib9pts/FZyTFrIPFE":{"chainKey":{"counter":2,"key":"EKoScNBjp+tSUKPDSrCNGJKbmMxq2a+4W4pSWVTCY74="},"chainType":1,"messageKeys":{}}},"pendingPreKey":{"signedKeyId":6,"baseKey":"BcI2dxNkGG5Qt5BpLzN3e+jlmwXfOAM69biyc1PlVn4F","preKeyId":6026036}}},"version":"v1"}