{"_sessions":{"BXXriRAlpZA54rrn/h/OgimJcR+ErmstbyfK3vFVd314":{"registrationId":217851047,"currentRatchet":{"ephemeralKeyPair":{"pubKey":"BdhG0hqruGTrNvN/MTMn432lTkTfKYq8tvLQU2L+mwM2","privKey":"uOIOt+LgfoG+5QG+NY7YUZzXqHuSSLVHWcB9ePNRI10="},"lastRemoteEphemeralKey":"BWsC07NPdl4qy38YIWQsbr4G3rtBlHGFAbeflM7Acpce","previousCounter":0,"rootKey":"GuwtVAqDJedqqAz1g69tjO4BGVGs8FnERfdKEO7J5as="},"indexInfo":{"baseKey":"BXXriRAlpZA54rrn/h/OgimJcR+ErmstbyfK3vFVd314","baseKeyType":1,"closed":-1,"used":1696337719431,"created":1696337719431,"remoteIdentityKey":"Ba5WoUy/afYRA4r1eVKvFiVnmNd452rmYW8jz4xyqIRr"},"_chains":{"BdhG0hqruGTrNvN/MTMn432lTkTfKYq8tvLQU2L+mwM2":{"chainKey":{"counter":0,"key":"d7cVebD1ddbMZqXM6qbDbqv1Z1tHWngCYOkXEh1gFeQ="},"chainType":1,"messageKeys":{}}},"pendingPreKey":{"signedKeyId":10,"baseKey":"BXXriRAlpZA54rrn/h/OgimJcR+ErmstbyfK3vFVd314","preKeyId":9113604}}},"version":"v1"}