{"_sessions":{"BSAwdQJ4yXFbQp1Ek8RrYs8+oNj8p7Is/tsUqezcWhAM":{"registrationId":1535758318,"currentRatchet":{"ephemeralKeyPair":{"pubKey":"BV8yEHQsthRlPkZ6P/bIXRpvu5AHxZ9pxNDx1bfsydsR","privKey":"OPxdrYwp9DxdqMieT6EREZxqKWpVtqvPmaW9OfyTsUI="},"lastRemoteEphemeralKey":"BQ7B6BwCvR8dNHPkFcNJhOJrgygcKCnzkwSUj+ta/0dd","previousCounter":0,"rootKey":"derKHqZAMe3eSrDlYfzb+Lf8KBWSSZRZlucTCrhQzMc="},"indexInfo":{"baseKey":"BSAwdQJ4yXFbQp1Ek8RrYs8+oNj8p7Is/tsUqezcWhAM","baseKeyType":1,"closed":-1,"used":1696337705676,"created":1696337705676,"remoteIdentityKey":"Bdle6pvSrJeEc4ZNdGrR5LwLW7MCPtrIJvSVz1vYSek9"},"_chains":{"BV8yEHQsthRlPkZ6P/bIXRpvu5AHxZ9pxNDx1bfsydsR":{"chainKey":{"counter":2,"key":"6XNDNQKkqujmNtmioi+/uxs7ubyQET+g2jTmjmM0WkA="},"chainType":1,"messageKeys":{}}},"pendingPreKey":{"signedKeyId":0,"baseKey":"BSAwdQJ4yXFbQp1Ek8RrYs8+oNj8p7Is/tsUqezcWhAM","preKeyId":14644676}}},"version":"v1"}