{"_sessions":{"Ba4OrpWONQIDrlBJX7LgwGYIjghswxWtqsxyPT86UZ81":{"registrationId":1569564045,"currentRatchet":{"ephemeralKeyPair":{"pubKey":"BVTdY4ZISNxrIAxdyzY/evCNFcYPf6lBSOoOd5C661Jr","privKey":"sJ3z1IvxxlZ1Cnawu5Lpd8k6AAGP/rgsQGHGEs1//Uo="},"lastRemoteEphemeralKey":"BbEIUjmnYNm2oomRNfyug3t1HZLwFoUPt7EciVGkHrN1","previousCounter":0,"rootKey":"napwFOfRc/wu4Mq5sGT0uIuNAgkxqXKpYfVoSeInfx4="},"indexInfo":{"baseKey":"Ba4OrpWONQIDrlBJX7LgwGYIjghswxWtqsxyPT86UZ81","baseKeyType":1,"closed":-1,"used":1696337705272,"created":1696337705272,"remoteIdentityKey":"BfRU2l+CDnn/PbxMEQLshPI6n/YfmAxt/9hwahf/PMRZ"},"_chains":{"BVTdY4ZISNxrIAxdyzY/evCNFcYPf6lBSOoOd5C661Jr":{"chainKey":{"counter":2,"key":"zfy15KzZXUfbc1+5q46DkeVOd7V374qe+5emtMi68c0="},"chainType":1,"messageKeys":{}}},"pendingPreKey":{"signedKeyId":1,"baseKey":"Ba4OrpWONQIDrlBJX7LgwGYIjghswxWtqsxyPT86UZ81","preKeyId":1573113}}},"version":"v1"}