{"_sessions":{"BZftU+DNYO4K3+2rJvJDcnDIscydjguDEuPLfwrLIBFc":{"registrationId":685787504,"currentRatchet":{"ephemeralKeyPair":{"pubKey":"BVHfW5lMo+l4bWPYWXmVDX5MazpnZfzO94SXBkYXHTpu","privKey":"oEzEhJKiGTkO7z+E1mq4HcJ8ls5lXnkUe1BGwlzTElg="},"lastRemoteEphemeralKey":"BQ3VeaCtFWZ3t9r5GU8c9aZsV7PKfblY6iwm4vpDgRA4","previousCounter":0,"rootKey":"nW9W1k7cupterlollSW1L59ZO7JyqtzqYs2sAET9g00="},"indexInfo":{"baseKey":"BZftU+DNYO4K3+2rJvJDcnDIscydjguDEuPLfwrLIBFc","baseKeyType":1,"closed":-1,"used":1696337705587,"created":1696337705587,"remoteIdentityKey":"BXXcTQ6nX0pzZmCSWX9XkawUL/Zqon6Au6nkOZy9QyVR"},"_chains":{"BVHfW5lMo+l4bWPYWXmVDX5MazpnZfzO94SXBkYXHTpu":{"chainKey":{"counter":2,"key":"4hLs53POX/LwiQPZr+gOpSrmYWKzXRTKAzlEVCG2GJY="},"chainType":1,"messageKeys":{}}},"pendingPreKey":{"signedKeyId":9,"baseKey":"BZftU+DNYO4K3+2rJvJDcnDIscydjguDEuPLfwrLIBFc"}}},"version":"v1"}