{"_sessions":{"Be8XZLD17Vh0u75/aDQpDOYVkK/wmwMomZqiOHEavRJ0":{"registrationId":11402,"currentRatchet":{"ephemeralKeyPair":{"pubKey":"Bb1M3mR7B3YIbsy5e5AQfgVBX25pBEmB3KKhIhSVAXpK","privKey":"GIdFlnlGBeUPz2aeNUPhRyQtnNaBxT2M9bk8s1MSWW4="},"lastRemoteEphemeralKey":"BYlEBP6gFqPwDRLwWXxfV1AlNWMj+fqWy2L2tfpsGV1K","previousCounter":0,"rootKey":"NrjUoCylAXKSicnNQs1MOyugiFdTnDZuXRqrWRHBn9Y="},"indexInfo":{"baseKey":"Be8XZLD17Vh0u75/aDQpDOYVkK/wmwMomZqiOHEavRJ0","baseKeyType":1,"closed":-1,"used":1696337751876,"created":1696337751876,"remoteIdentityKey":"Bbda0Jp2mT3gIndCfPMkcV4aTJhtHGzVaT83ILmpUudj"},"_chains":{"Bb1M3mR7B3YIbsy5e5AQfgVBX25pBEmB3KKhIhSVAXpK":{"chainKey":{"counter":0,"key":"HK4qgzsekzzeaNecxKo8n4j8eXA5dDWlU5Dd5RyQNj8="},"chainType":1,"messageKeys":{}}},"pendingPreKey":{"signedKeyId":1,"baseKey":"Be8XZLD17Vh0u75/aDQpDOYVkK/wmwMomZqiOHEavRJ0","preKeyId":930}}},"version":"v1"}