{"_sessions":{"BcgrX9QoWq1IVDYG07TYbMv/WIAwShgIqKNfe6x3OF04":{"registrationId":1836246506,"currentRatchet":{"ephemeralKeyPair":{"pubKey":"BekdrkfshdrTsV0GtxwNrSEhxJkhlAgbADAi35EN7dAf","privKey":"yJj9LlVg+18ZEyjgOXjkQbfO633ZGEZ5Udu3RirYOUQ="},"lastRemoteEphemeralKey":"BejWx7RHMF8K5IYjMea7+r9itdJIryFHeRH3eE6q9gYw","previousCounter":0,"rootKey":"vQS6E7htRTmjwG8UYcbjXdK+1OrQTO0UmfjvGiPmDss="},"indexInfo":{"baseKey":"BcgrX9QoWq1IVDYG07TYbMv/WIAwShgIqKNfe6x3OF04","baseKeyType":1,"closed":-1,"used":1696337706490,"created":1696337706490,"remoteIdentityKey":"BZUTRD4kCmqqrWoK/Tmck3iM4zBNxPBStMqfBg0GMDgS"},"_chains":{"BekdrkfshdrTsV0GtxwNrSEhxJkhlAgbADAi35EN7dAf":{"chainKey":{"counter":2,"key":"vxZ+JAQjjI5vtlrCMEklYPJ8dtNdQFwdcvRBlaynNeI="},"chainType":1,"messageKeys":{}}},"pendingPreKey":{"signedKeyId":0,"baseKey":"BcgrX9QoWq1IVDYG07TYbMv/WIAwShgIqKNfe6x3OF04","preKeyId":15439525}}},"version":"v1"}