{"_sessions":{"BW6U3CgOJDrhtQN14v+GmLJuTwBn51iIF1d5st0dupck":{"registrationId":184430973,"currentRatchet":{"ephemeralKeyPair":{"pubKey":"BcEJFKbjwQPjU1cyt3NmIVASQO2IFPrrNwPHGbTv5F0n","privKey":"KMu8oUcpD8NwKmF67FNsqLxbB7e0dT7uhqi/mrq1pFc="},"lastRemoteEphemeralKey":"BeLwH1fbCalFAiFvbV80hpQkmcpBK/NQKK9Ar7H2jZFu","previousCounter":0,"rootKey":"/SrLKoIoL2eP6ART0rkReMC4zaCzv0jPrw0GTf7SHso="},"indexInfo":{"baseKey":"BW6U3CgOJDrhtQN14v+GmLJuTwBn51iIF1d5st0dupck","baseKeyType":1,"closed":-1,"used":1696337705538,"created":1696337705538,"remoteIdentityKey":"BeM6hPrX5HQlxxwEnROxYoUp+rbYO2/WCHIXLY5URv9s"},"_chains":{"BcEJFKbjwQPjU1cyt3NmIVASQO2IFPrrNwPHGbTv5F0n":{"chainKey":{"counter":2,"key":"yQ+pTHarzWHssNbJ/bM57lhHq+s9PYi9sI+NwQm/EXo="},"chainType":1,"messageKeys":{}}},"pendingPreKey":{"signedKeyId":13,"baseKey":"BW6U3CgOJDrhtQN14v+GmLJuTwBn51iIF1d5st0dupck","preKeyId":4298169}}},"version":"v1"}