{"_sessions":{"BVfSQuWSjFnoO/HiAjD1EAjX80DtDJcIOmqCB1wcffA0":{"registrationId":1571572488,"currentRatchet":{"ephemeralKeyPair":{"pubKey":"BePjK9l3i4OXnEqbJTAfjPHwwi84BtIn+cs0JS5MESR4","privKey":"aGn6gDiVq3PsuE/U8mOPgSZ3zTR071nHUkkWVXGkkHE="},"lastRemoteEphemeralKey":"BQwJzdoqRDNoDF3h78tCZohlZaAg7/wkjgAHuwQO8LEK","previousCounter":0,"rootKey":"MNBK7TcqKKRT5Z7PqOs8QWnj8ohwJvHlEWAqJcx4RpM="},"indexInfo":{"baseKey":"BVfSQuWSjFnoO/HiAjD1EAjX80DtDJcIOmqCB1wcffA0","baseKeyType":1,"closed":-1,"used":1696337719761,"created":1696337719761,"remoteIdentityKey":"Bfj1XMhQbqPLcPBTbi//8f/xG3/PWaFIygPfenPy8W1c"},"_chains":{"BePjK9l3i4OXnEqbJTAfjPHwwi84BtIn+cs0JS5MESR4":{"chainKey":{"counter":0,"key":"8LSVMy93LkcsycDJ9NVe22X8aVlwZWPNtIzgfwZVtcY="},"chainType":1,"messageKeys":{}}},"pendingPreKey":{"signedKeyId":6,"baseKey":"BVfSQuWSjFnoO/HiAjD1EAjX80DtDJcIOmqCB1wcffA0","preKeyId":14842153}}},"version":"v1"}