{"_sessions":{"Becjte3PRnsbkRGrnRT+AjC7RC8TYtEiKkLP23VZnwwu":{"registrationId":1439746917,"currentRatchet":{"ephemeralKeyPair":{"pubKey":"BVVzEp3Fnc0cjDL4TFsPazxmH542C6bcPxjk8EhdgDJT","privKey":"4EKaBogkM8j9+rWodqVZEjLySkbSdTu1DAhGcsmZLEU="},"lastRemoteEphemeralKey":"BX6cBcfGD1ZaHQjWod0Q6Fga1WsDavVsUzRnld8NpC0C","previousCounter":0,"rootKey":"T4SoTIfzQw4N2XsOgjicmywhss7M7KEh0zQBD55m5fQ="},"indexInfo":{"baseKey":"Becjte3PRnsbkRGrnRT+AjC7RC8TYtEiKkLP23VZnwwu","baseKeyType":1,"closed":-1,"used":1696337703412,"created":1696337703412,"remoteIdentityKey":"BQVL1QHdDWAacb4yh0LciWNRrcbrGp/F9WmKAzB3NKhv"},"_chains":{"BVVzEp3Fnc0cjDL4TFsPazxmH542C6bcPxjk8EhdgDJT":{"chainKey":{"counter":2,"key":"KJw92e7MW+z1xHF+wNVT/xqkNeOfNhwjZcnayFw88pY="},"chainType":1,"messageKeys":{}}},"pendingPreKey":{"signedKeyId":1,"baseKey":"Becjte3PRnsbkRGrnRT+AjC7RC8TYtEiKkLP23VZnwwu"}}},"version":"v1"}