{"_sessions":{"BZxE2gTX6a3TmSx/j4m05/y5JxG5ss8arlIT8XYQ4SRl":{"registrationId":192132685,"currentRatchet":{"ephemeralKeyPair":{"pubKey":"BYM6a7TKF8HyHHW6TLnRxQEj972Nk1SgBS6EkpUjqWFt","privKey":"cIO0U8CfipMsWcFO3kw9IdKDd7S3cjhAXId807zGrUE="},"lastRemoteEphemeralKey":"BapDeB7ADKCr0H6H6bABW9p+m0G775vwDycZGs7E7lMk","previousCounter":0,"rootKey":"ejm38V1rkAUnI4XXFiP39kHHg3+ifi75Z6H5JI0c1O0="},"indexInfo":{"baseKey":"BZxE2gTX6a3TmSx/j4m05/y5JxG5ss8arlIT8XYQ4SRl","baseKeyType":1,"closed":-1,"used":1696337731862,"created":1696337731862,"remoteIdentityKey":"BVzi/4kt640jlS8OM8AiRQucI/tdTvSoLKb6SoKL2Px3"},"_chains":{"BYM6a7TKF8HyHHW6TLnRxQEj972Nk1SgBS6EkpUjqWFt":{"chainKey":{"counter":0,"key":"yu1wprbk6wOSDLwfAb234B8CPunHv3wPlxtQIrbpZMo="},"chainType":1,"messageKeys":{}}},"pendingPreKey":{"signedKeyId":2,"baseKey":"BZxE2gTX6a3TmSx/j4m05/y5JxG5ss8arlIT8XYQ4SRl","preKeyId":13841844}}},"version":"v1"}