{"_sessions":{"Bc0S2YsHrtiNo7rb4XX5BTAY47XcXQJ4oDsUKIr7tL05":{"registrationId":1666628997,"currentRatchet":{"ephemeralKeyPair":{"pubKey":"BWtfrX4YS/vqxU7k6jpEgO+f4yPEB+uM5RUWJf1ZfdNg","privKey":"cAKnNAuvUzHRB8X7zYJRqp7IovIBJ/Ng9jD2bc/RXH4="},"lastRemoteEphemeralKey":"BQLaLGb6P0ZRtfddbP8f6ph1WY75nV197T9k+WVHJ+QV","previousCounter":0,"rootKey":"FqlCaZa8kNHzURpUtTkvMaBZvRsCEV9NPvmkKJOKT1s="},"indexInfo":{"baseKey":"Bc0S2YsHrtiNo7rb4XX5BTAY47XcXQJ4oDsUKIr7tL05","baseKeyType":1,"closed":-1,"used":1696337752987,"created":1696337752987,"remoteIdentityKey":"BT6jAnQT+OHwT3odSTZLIL42FGi5PVygv/Slwpmh0wNq"},"_chains":{"BWtfrX4YS/vqxU7k6jpEgO+f4yPEB+uM5RUWJf1ZfdNg":{"chainKey":{"counter":0,"key":"X1WJkES3m3grMT8ElppCSmMv9sSLjdWkIxgIto3d4h4="},"chainType":1,"messageKeys":{}}},"pendingPreKey":{"signedKeyId":1,"baseKey":"Bc0S2YsHrtiNo7rb4XX5BTAY47XcXQJ4oDsUKIr7tL05","preKeyId":11305971}}},"version":"v1"}