{"_sessions":{"BU3/XHo75ZKYSEUarDMCP11MFRxSuJfSgh77Cs1VtEl/":{"registrationId":744224854,"currentRatchet":{"ephemeralKeyPair":{"pubKey":"Bb01qtwQ0r2xrXEAnAzX9bywo62Xp/zNboa5oURSWVwx","privKey":"8JNFrFilHtg/EyQYDxifhSbvK9EXoeCNEdUEh8aXfHA="},"lastRemoteEphemeralKey":"BY5AXSFa0eOXi4eBeZ04O759g6FD+pyV04Tkq7gSJ1Zk","previousCounter":0,"rootKey":"1usHJOdiw49CZC6G4+y+7GMNkzn5wVw/VVpQki+ueXs="},"indexInfo":{"baseKey":"BU3/XHo75ZKYSEUarDMCP11MFRxSuJfSgh77Cs1VtEl/","baseKeyType":1,"closed":-1,"used":1696337705523,"created":1696337705523,"remoteIdentityKey":"Bfpi4vf9G8zA5eBQ/lo+Qhf2XjXL44qOhbJfELBE2Sdt"},"_chains":{"Bb01qtwQ0r2xrXEAnAzX9bywo62Xp/zNboa5oURSWVwx":{"chainKey":{"counter":2,"key":"2rTTcVRNGv+jN4sIqrwECp1gwXzQ7Y+neRit3vfccXI="},"chainType":1,"messageKeys":{}}},"pendingPreKey":{"signedKeyId":5,"baseKey":"BU3/XHo75ZKYSEUarDMCP11MFRxSuJfSgh77Cs1VtEl/","preKeyId":14719710}}},"version":"v1"}