{"_sessions":{"BVVg03+Piumo0Xv2Ed/YR6QVaZ0uKjxQF6hlExVtNw5X":{"registrationId":956987335,"currentRatchet":{"ephemeralKeyPair":{"pubKey":"Bfaz9YrKxcr2uLAkMPsygHI5yJ/B4oKY240CDvonU95h","privKey":"6PGa3ngAwhLvdxZgp53G5DNMY3RMZoKfQ06TNUaC61g="},"lastRemoteEphemeralKey":"BaX4dndqXoEkXcl61/o0++cISMDSBNQ472xwtxJg8fwI","previousCounter":0,"rootKey":"Ew3wbj1Wm8BOoXWckg6Xl2iJJwczkZCfFUXkPJ6nrOU="},"indexInfo":{"baseKey":"BVVg03+Piumo0Xv2Ed/YR6QVaZ0uKjxQF6hlExVtNw5X","baseKeyType":1,"closed":-1,"used":1696337705405,"created":1696337705405,"remoteIdentityKey":"BTZAQo66Q02dv3V+2TN43CiAlCmQVEr9NDESG9mAbjhm"},"_chains":{"Bfaz9YrKxcr2uLAkMPsygHI5yJ/B4oKY240CDvonU95h":{"chainKey":{"counter":2,"key":"zn5E5/F1ZgwmLEh6XkeFuwkkzQJiCrXRl098x8XsNsI="},"chainType":1,"messageKeys":{}}},"pendingPreKey":{"signedKeyId":0,"baseKey":"BVVg03+Piumo0Xv2Ed/YR6QVaZ0uKjxQF6hlExVtNw5X","preKeyId":12763620}}},"version":"v1"}