{"_sessions":{"BT4iJ/suBpjR6yLm1Vy3FZfA7rA3AwSO7KzL1NFrhYhX":{"registrationId":9659,"currentRatchet":{"ephemeralKeyPair":{"pubKey":"BaRp7RlHDuvPjmcgOEStW1bN8wEAQO4eWUk11/hp6kNn","privKey":"wGAr7vUMOx0WBoVOZf1PHtf9RWogyBBqCbTLZR+uPHA="},"lastRemoteEphemeralKey":"Bcon5jIBWiZrt810K28kr7rCoM7ztaliSzvsS3T/C5xr","previousCounter":0,"rootKey":"mlCADPFefk+rF7yFv906SC1PLuGKAJIwR68HVd3dJmQ="},"indexInfo":{"baseKey":"BT4iJ/suBpjR6yLm1Vy3FZfA7rA3AwSO7KzL1NFrhYhX","baseKeyType":1,"closed":-1,"used":1696337751849,"created":1696337751849,"remoteIdentityKey":"BR53+7qmMng7lAohwF0NXlFn6HZmYLd0VddAgYP5luB9"},"_chains":{"BaRp7RlHDuvPjmcgOEStW1bN8wEAQO4eWUk11/hp6kNn":{"chainKey":{"counter":0,"key":"cdTpH1VIgf9Sh5Ojl1m2is9VfAVpvx2DJEejDyYpJhM="},"chainType":1,"messageKeys":{}}},"pendingPreKey":{"signedKeyId":1,"baseKey":"BT4iJ/suBpjR6yLm1Vy3FZfA7rA3AwSO7KzL1NFrhYhX"}}},"version":"v1"}