{"_sessions":{"BWaifykAtDE+igCyrV+sHNfgjgm2qQecFw8zdGwyKk11":{"registrationId":1290898373,"currentRatchet":{"ephemeralKeyPair":{"pubKey":"BTo7YniD0O6tdmFVv8whMdN46aalpKdEpE5mSoPtb05V","privKey":"qPfytW3eLunE1LdSZYle1Nwl9puw1LOQ1/1qCtgWiVo="},"lastRemoteEphemeralKey":"BcrBpjHuJJ9l1O0bHOI06/C0fvYADiMHNubG1dWDLjZq","previousCounter":0,"rootKey":"JglLukYkCAEn1Ne4l3aUhKc0bz9+1RmYDTqphc56v6A="},"indexInfo":{"baseKey":"BWaifykAtDE+igCyrV+sHNfgjgm2qQecFw8zdGwyKk11","baseKeyType":1,"closed":-1,"used":1696337704577,"created":1696337704577,"remoteIdentityKey":"Bf+GbJpSlsjFuSss7pSHQq0mdDgUPrixWYC6pDUPVr8Y"},"_chains":{"BTo7YniD0O6tdmFVv8whMdN46aalpKdEpE5mSoPtb05V":{"chainKey":{"counter":4,"key":"eytLhj2UoOJxWvQ9bCoUqg3u3+79crPpel3kcXDtMK4="},"chainType":1,"messageKeys":{}}},"pendingPreKey":{"signedKeyId":0,"baseKey":"BWaifykAtDE+igCyrV+sHNfgjgm2qQecFw8zdGwyKk11","preKeyId":13064320}}},"version":"v1"}