{"_sessions":{"BeObV9uiTXesMS4NgnjMEUhnBfxrerqBlLblN1IpwPpI":{"registrationId":722,"currentRatchet":{"ephemeralKeyPair":{"pubKey":"BQ8eMv/x0whVbiTrqMMM/UFUYbV7uYa0gS3a/4dat2xY","privKey":"kJobmzrxk8+ogvIttI9XCvzMVLmbcpuuOBNk29N/R24="},"lastRemoteEphemeralKey":"BXrkkdMm0Wxbidk3YB7SxqSHCKbIX/3rrBRsfibN8cAk","previousCounter":0,"rootKey":"qEOcl+KqihgQuNTOOQkT7+Okv0OERBfH5z40zzL4qqc="},"indexInfo":{"baseKey":"BeObV9uiTXesMS4NgnjMEUhnBfxrerqBlLblN1IpwPpI","baseKeyType":1,"closed":-1,"used":1696337703991,"created":1696337703991,"remoteIdentityKey":"BTUPXWUNb/GE1Y/Th+w1RgPHvJ7J5ipNlYdLuWqeQkFp"},"_chains":{"BQ8eMv/x0whVbiTrqMMM/UFUYbV7uYa0gS3a/4dat2xY":{"chainKey":{"counter":2,"key":"GxoNtWGqGab4D3+SbYLWLQnPqX00j87pZFq1AuNu3rM="},"chainType":1,"messageKeys":{}}},"pendingPreKey":{"signedKeyId":2,"baseKey":"BeObV9uiTXesMS4NgnjMEUhnBfxrerqBlLblN1IpwPpI","preKeyId":690}}},"version":"v1"}