{"_sessions":{"BXA+jSY1uNSMwtb/YKOiWIze/uhamhQ4I77MRahscXgm":{"registrationId":13972,"currentRatchet":{"ephemeralKeyPair":{"pubKey":"BZROR+q+CmWFoDARb24LzueiGCPdX29fbKOPw4E5tPsJ","privKey":"4P75cQUJUIk/k2LRf1Np6NXwQxPjCO2t2UWH9BZKUWQ="},"lastRemoteEphemeralKey":"Bb+d/c84av3eP17NsRZIQyRPF6pOVB9pounF9mFWeuNn","previousCounter":0,"rootKey":"TVLUjPHCIYO/dFq2EaqHOeVEkkx8xYZLx7jYLeXn1Bo="},"indexInfo":{"baseKey":"BXA+jSY1uNSMwtb/YKOiWIze/uhamhQ4I77MRahscXgm","baseKeyType":1,"closed":-1,"used":1696337751900,"created":1696337751900,"remoteIdentityKey":"BVHLNxUAv8lbx4lQwc1i5gZw9bHDWCQXAYZ97YlUxhcp"},"_chains":{"BZROR+q+CmWFoDARb24LzueiGCPdX29fbKOPw4E5tPsJ":{"chainKey":{"counter":0,"key":"SNO1KbICFPcNMmO7pjd4gDZKlXtqt0V/dhYtIq5Pw2A="},"chainType":1,"messageKeys":{}}},"pendingPreKey":{"signedKeyId":1,"baseKey":"BXA+jSY1uNSMwtb/YKOiWIze/uhamhQ4I77MRahscXgm"}}},"version":"v1"}