{"_sessions":{"BfIJIDbt57mgIWkIUbHDDReQYtheNhxN7yIzcCQlkTE8":{"registrationId":2051290847,"currentRatchet":{"ephemeralKeyPair":{"pubKey":"BehYihkotD9nu+PwA87AQbRbWc80qoLehDUY49qrBTdZ","privKey":"2BJI4i8SIVshuv4k6xtJN5fiIE86+Kh6Tsb61IzGpHI="},"lastRemoteEphemeralKey":"BQ3Zz21F1IC5uxJrVouoPESRwRHTAvX6b1StI+b+A5R6","previousCounter":0,"rootKey":"Ypdv39brPlGnACuvwM53bj8b00M9bV2P2H5MZZru1Dk="},"indexInfo":{"baseKey":"BfIJIDbt57mgIWkIUbHDDReQYtheNhxN7yIzcCQlkTE8","baseKeyType":1,"closed":-1,"used":1696337752940,"created":1696337752940,"remoteIdentityKey":"BfYRyw08kOEAKIVjkRY/a45OSoW9uuG0bQdPGyFp6+0L"},"_chains":{"BehYihkotD9nu+PwA87AQbRbWc80qoLehDUY49qrBTdZ":{"chainKey":{"counter":0,"key":"UXrd/np5dhRBNAq3+5fACfw3+mugK/71PuqtmQaKltc="},"chainType":1,"messageKeys":{}}},"pendingPreKey":{"signedKeyId":1,"baseKey":"BfIJIDbt57mgIWkIUbHDDReQYtheNhxN7yIzcCQlkTE8","preKeyId":6765988}}},"version":"v1"}