{"_sessions":{"BXE+Nje3eMwOBgFVdND6rKnADYSOCxc+un7GZKbH+6kz":{"registrationId":1125708848,"currentRatchet":{"ephemeralKeyPair":{"pubKey":"Bb3XsjZqEhGM4/IbcljvdAGJoFjr1ErnlbAFPcSwqGpW","privKey":"OBLafHl9JbUkJffjkRWYL0TTQQieK665wo2G7/YdWE4="},"lastRemoteEphemeralKey":"BbFabgA9Tko2t0IDgQRMlbegv7ZBaTczm6VgbJ/3E0M0","previousCounter":0,"rootKey":"cWO9BI7m16MOHKJoW6SfFfykEutYQdSM1pquOwZ+VO0="},"indexInfo":{"baseKey":"BXE+Nje3eMwOBgFVdND6rKnADYSOCxc+un7GZKbH+6kz","baseKeyType":1,"closed":-1,"used":1696337705807,"created":1696337705807,"remoteIdentityKey":"BUMcrZx1PTfPMo+Lew3aHpCdU14nT3UJdWfziOXchzpB"},"_chains":{"Bb3XsjZqEhGM4/IbcljvdAGJoFjr1ErnlbAFPcSwqGpW":{"chainKey":{"counter":2,"key":"fu7XCxkTfHTkVG1sZRrVzyhX7r4EsGoaRtQZNKalwHw="},"chainType":1,"messageKeys":{}}},"pendingPreKey":{"signedKeyId":3,"baseKey":"BXE+Nje3eMwOBgFVdND6rKnADYSOCxc+un7GZKbH+6kz","preKeyId":12980067}}},"version":"v1"}