{"_sessions":{"Bavp2aL0R5Pt0HFa9L/4tJoOOT2uX+hujlQTIeB+cU0i":{"registrationId":731994374,"currentRatchet":{"ephemeralKeyPair":{"pubKey":"BUNNKIXXMigGmzKLyrhuzeJgTHIuntnscU70qfNxkJpj","privKey":"SD2kGJ1C6BLguwBJatkYrzbPwFRKsJ59cVKOgdKEU1E="},"lastRemoteEphemeralKey":"Bet+1Ghenqj+j1Ck3Q1Pd4SlNxh2YmYuW2Sb9ct8I9NE","previousCounter":0,"rootKey":"U0prO32xRzFGLhQmVRmxe3c6jButF2XwqvadBKhrCyQ="},"indexInfo":{"baseKey":"Bavp2aL0R5Pt0HFa9L/4tJoOOT2uX+hujlQTIeB+cU0i","baseKeyType":1,"closed":-1,"used":1696337752662,"created":1696337752662,"remoteIdentityKey":"BYoTNSaVme9oexHFmYjm5WMl6t5aG3F1Ie8+wMdVcSUx"},"_chains":{"BUNNKIXXMigGmzKLyrhuzeJgTHIuntnscU70qfNxkJpj":{"chainKey":{"counter":0,"key":"0XOwXtFGsmyNoYiVLY6H4g9/dhG+z9vljSeS42NQ4jI="},"chainType":1,"messageKeys":{}}},"pendingPreKey":{"signedKeyId":3,"baseKey":"Bavp2aL0R5Pt0HFa9L/4tJoOOT2uX+hujlQTIeB+cU0i"}}},"version":"v1"}