{"_sessions":{"BQDP1WiUIp6cSR7iLyf4V1yl/6vlaozc7jaBrZBJRZly":{"registrationId":1762056464,"currentRatchet":{"ephemeralKeyPair":{"pubKey":"BfQvpYQ/SQiK5ssvDiabwUzs6tG/CMeQyshkW4BuYBI6","privKey":"KKo2FkrXbYQqykPo1YsUzFUrcpJlzAfDU5Ken0RY938="},"lastRemoteEphemeralKey":"BSRJWZLr8k4J3nRfBxcfU57VlhCsQfpOWpvnL9EJ2kZC","previousCounter":0,"rootKey":"Zm0mXRHAstWO1vwRgX0GVW6+cTA2pOHWLM/65vPm74o="},"indexInfo":{"baseKey":"BQDP1WiUIp6cSR7iLyf4V1yl/6vlaozc7jaBrZBJRZly","baseKeyType":1,"closed":-1,"used":1696337706499,"created":1696337706499,"remoteIdentityKey":"BRtbZLUUsIXf7TsmqQrD+9UtUGa2N7h7EGQvSZDyO1w7"},"_chains":{"BfQvpYQ/SQiK5ssvDiabwUzs6tG/CMeQyshkW4BuYBI6":{"chainKey":{"counter":2,"key":"jl1kk98xRty3CFbmMWn7n2gIvX6i9CE0u0b5Z6lI+Ek="},"chainType":1,"messageKeys":{}}},"pendingPreKey":{"signedKeyId":8,"baseKey":"BQDP1WiUIp6cSR7iLyf4V1yl/6vlaozc7jaBrZBJRZly","preKeyId":8652770}}},"version":"v1"}