{"_sessions":{"BZgdhSURRQv9uZgv24izYU4Jx/TvcTFEObwE6ncdPfht":{"registrationId":2035533474,"currentRatchet":{"ephemeralKeyPair":{"pubKey":"BZocsVwoM8R5L638SuUHa+PiWtW+VC0/xXlTjpgeBFFy","privKey":"QCIthF+NPMj43hhBrfFG8735+afOqOxBQ/B9vxeB2mk="},"lastRemoteEphemeralKey":"BWieJraLQ3u28LqEP8rvvtgiqs1tWLetgHhbTy6Wqth2","previousCounter":0,"rootKey":"7bqErodxK4/NCijncbzQej6UV23yZ+5u5u6zutekL3o="},"indexInfo":{"baseKey":"BZgdhSURRQv9uZgv24izYU4Jx/TvcTFEObwE6ncdPfht","baseKeyType":1,"closed":-1,"used":1696337731715,"created":1696337731715,"remoteIdentityKey":"BUdICPpOJZbP24TY5uyCJSQzKqJGEDa377qsQeH/WERp"},"_chains":{"BZocsVwoM8R5L638SuUHa+PiWtW+VC0/xXlTjpgeBFFy":{"chainKey":{"counter":0,"key":"TcUXeWYTTUXcDQ5QsJ4EoZwDUP0uzNyXj5gWL788sOU="},"chainType":1,"messageKeys":{}}},"pendingPreKey":{"signedKeyId":0,"baseKey":"BZgdhSURRQv9uZgv24izYU4Jx/TvcTFEObwE6ncdPfht"}}},"version":"v1"}