{"_sessions":{"BXRVrafr89VR+w45eUePlNHkxuDHvgPxJnPbY5sOeLkY":{"registrationId":5794,"currentRatchet":{"ephemeralKeyPair":{"pubKey":"BYj35gMiaAAPDzL89L+pyfTZh0wqTo92If3wtfTH7/Nh","privKey":"ICoEbNhN3hBma0JFMPv1zYweVMSGYu1AXl33rkgJ4l8="},"lastRemoteEphemeralKey":"Bf/Uy8YRUYqitDQ25ZjNGKXfq+EvZQDTD6E36l6+OW1T","previousCounter":0,"rootKey":"Fan0nAFghbSYdDFUk6OPlIUTirg1wolMsmjbJSo2g80="},"indexInfo":{"baseKey":"BXRVrafr89VR+w45eUePlNHkxuDHvgPxJnPbY5sOeLkY","baseKeyType":1,"closed":-1,"used":1696337703962,"created":1696337703962,"remoteIdentityKey":"BRhPu3w2rBMsmYB/t4TBhFh9/288zjN6Lj0B2Bow8wYg"},"_chains":{"BYj35gMiaAAPDzL89L+pyfTZh0wqTo92If3wtfTH7/Nh":{"chainKey":{"counter":2,"key":"h5D/PFJW42MXP+RJULDpUu0J7Z76YSSzN8dihlHvTnA="},"chainType":1,"messageKeys":{}}},"pendingPreKey":{"signedKeyId":1,"baseKey":"BXRVrafr89VR+w45eUePlNHkxuDHvgPxJnPbY5sOeLkY","preKeyId":345}}},"version":"v1"}