{"_sessions":{"BdpBnzJ1nG+S6qVWSycy2mlbOqScsOq/yp1QWMmOxv5T":{"registrationId":1357447485,"currentRatchet":{"ephemeralKeyPair":{"pubKey":"BQZAaFdMbVqPWpjGWsBnMA+PhIMz038Gp3snVBIMoRk9","privKey":"sMuG4WhDRa2vkEANfyRer3GVyTz7yjhHrwNJqLbNlnE="},"lastRemoteEphemeralKey":"BbYA14KZqhP/kobrgINXdPKR9Bce0WaIAMxqkft09HgM","previousCounter":0,"rootKey":"TdSt+Oao4fggGMMnZUTl/a6bqvZKfoVDL5L1CldZc+Q="},"indexInfo":{"baseKey":"BdpBnzJ1nG+S6qVWSycy2mlbOqScsOq/yp1QWMmOxv5T","baseKeyType":1,"closed":-1,"used":1696337704446,"created":1696337704446,"remoteIdentityKey":"BU3oEsjIiNAzZ+KsSo9YLOBMVtugJrVmz9PuN1UDltYU"},"_chains":{"BQZAaFdMbVqPWpjGWsBnMA+PhIMz038Gp3snVBIMoRk9":{"chainKey":{"counter":2,"key":"aNNRLIF9i6xFkKMgBvmw0W1ONMBKqq2xIK906WaJ6Gs="},"chainType":1,"messageKeys":{}}},"pendingPreKey":{"signedKeyId":2,"baseKey":"BdpBnzJ1nG+S6qVWSycy2mlbOqScsOq/yp1QWMmOxv5T","preKeyId":12730126}}},"version":"v1"}