{"_sessions":{"BSmKBu8D48fcytqEjQVQt2L2IFSPsw8DQqWjniiSUbhF":{"registrationId":366549363,"currentRatchet":{"ephemeralKeyPair":{"pubKey":"BRkuWSVE9XxY+qxgfjF73hYnyzMGXcPMSMeoJJEO8Gpe","privKey":"+Mi10D+0Fr9dWSXl3scMZmKDcO0FB/udzAFiS9Jzd1c="},"lastRemoteEphemeralKey":"Bf3XSyRhkrajusrCPUOkC8rL1KG8yWaubz73A2ecB4BI","previousCounter":0,"rootKey":"O26c3GHO7RH36puvv88+CdLt5GqLjTzXQThr7G0BRio="},"indexInfo":{"baseKey":"BSmKBu8D48fcytqEjQVQt2L2IFSPsw8DQqWjniiSUbhF","baseKeyType":1,"closed":-1,"used":1696337719678,"created":1696337719678,"remoteIdentityKey":"BcX33v5r5EMFrOZaWZUy24QlYr2vL6r+v1+RDdHVsqFk"},"_chains":{"BRkuWSVE9XxY+qxgfjF73hYnyzMGXcPMSMeoJJEO8Gpe":{"chainKey":{"counter":0,"key":"bfVULcaRA2rrnSetpyf/qEVTUu6C1IoYe7HYaqL/puo="},"chainType":1,"messageKeys":{}}},"pendingPreKey":{"signedKeyId":3,"baseKey":"BSmKBu8D48fcytqEjQVQt2L2IFSPsw8DQqWjniiSUbhF","preKeyId":12915758}}},"version":"v1"}