{"_sessions":{"BYmpTYm0tAJiI4wsIwUE+32lFjnKX7PCqVnsQhRFjIQq":{"registrationId":1828703114,"currentRatchet":{"ephemeralKeyPair":{"pubKey":"Bbe1ZivS8Rn6wz2eAaTQUAADbw3msZSSShzY1877raBU","privKey":"0IUglitAlKmMiSjvklmTLnk4rGcZe2ppVXcw8PhReVA="},"lastRemoteEphemeralKey":"BYGWhoMOCf7LVIrJXnXLTAyz6UapJ4l8/3OQ8LUnkkhv","previousCounter":0,"rootKey":"mYfmWjJC1EyVBfVhoENe5MCt7/gVbvUM33EuPpGefXk="},"indexInfo":{"baseKey":"BYmpTYm0tAJiI4wsIwUE+32lFjnKX7PCqVnsQhRFjIQq","baseKeyType":1,"closed":-1,"used":1696337706523,"created":1696337706523,"remoteIdentityKey":"BbB9OpfS9ZIlaQdXSjOqYnnWN9wn1g27dsJGzN6sbUBo"},"_chains":{"Bbe1ZivS8Rn6wz2eAaTQUAADbw3msZSSShzY1877raBU":{"chainKey":{"counter":2,"key":"JYQMC03DeDpjAiEk+vAmclIEntTYj/GIWO1F1pvOFug="},"chainType":1,"messageKeys":{}}},"pendingPreKey":{"signedKeyId":10,"baseKey":"BYmpTYm0tAJiI4wsIwUE+32lFjnKX7PCqVnsQhRFjIQq","preKeyId":11278684}}},"version":"v1"}