{"_sessions":{"BR3u1WVnvRp0KZuurQgO/Z9Z692mdnry1c6Ebv3HTOI7":{"registrationId":1255072066,"currentRatchet":{"ephemeralKeyPair":{"pubKey":"Bf2O/SigJLp5LdxK2kFBmdoEpTT9bXiT7q0ciMV/xaov","privKey":"cJqsaOxIV0BoNLRSRPMWmTMIzK9aqNdsoXhEsYU8aE8="},"lastRemoteEphemeralKey":"BQYYRntm4kLoHe6Hdr0XZymt+uvlNFhmlSSAEODcpVZC","previousCounter":0,"rootKey":"Wc41Jje2ZxvHPgdqKbdcYIgRIppDz/ESovexwUfID14="},"indexInfo":{"baseKey":"BR3u1WVnvRp0KZuurQgO/Z9Z692mdnry1c6Ebv3HTOI7","baseKeyType":1,"closed":-1,"used":1696337731767,"created":1696337731767,"remoteIdentityKey":"BTeR29xumF9RKe9X6PBcMlWNAgmXTleXcSCrieRZ830r"},"_chains":{"Bf2O/SigJLp5LdxK2kFBmdoEpTT9bXiT7q0ciMV/xaov":{"chainKey":{"counter":1,"key":"fHc+/47EaaQiChp/3VNNvVLLDFRGOjfQRfyHznbKXjI="},"chainType":1,"messageKeys":{}}},"pendingPreKey":{"signedKeyId":0,"baseKey":"BR3u1WVnvRp0KZuurQgO/Z9Z692mdnry1c6Ebv3HTOI7","preKeyId":4292851}}},"version":"v1"}