{"_sessions":{"BVqYFo1qpZLo45iMDit4CFJSzLVh6FgQqOYaqdsVoTlA":{"registrationId":599437007,"currentRatchet":{"ephemeralKeyPair":{"pubKey":"BSLS2obMAFpMvlHFUL8OinETidIHeIpuDdrbP3h0gttM","privKey":"qOA20hrffi+9ME20mnImr1LhziV6uzuvip4Uteeu30w="},"lastRemoteEphemeralKey":"BYOcl/mKUvNaV8LRmLJD9kNbhxnVBDqp3dvx/4UHAZxZ","previousCounter":0,"rootKey":"iQKa7QX10BpWSFd7VP+TQzI0MVnNlJQqrFTWYkEhfqg="},"indexInfo":{"baseKey":"BVqYFo1qpZLo45iMDit4CFJSzLVh6FgQqOYaqdsVoTlA","baseKeyType":1,"closed":-1,"used":1696337752263,"created":1696337752263,"remoteIdentityKey":"BYIbuGffQteuQVH+pI2IOWpAsVEEMaJkdc9VJvKvy+Ue"},"_chains":{"BSLS2obMAFpMvlHFUL8OinETidIHeIpuDdrbP3h0gttM":{"chainKey":{"counter":0,"key":"vcdH9FwYJEbamtNtUnWooysS8yoSOiUxrlFWKJf1SyU="},"chainType":1,"messageKeys":{}}},"pendingPreKey":{"signedKeyId":9,"baseKey":"BVqYFo1qpZLo45iMDit4CFJSzLVh6FgQqOYaqdsVoTlA","preKeyId":13754144}}},"version":"v1"}