{"_sessions":{"Bcs6MzgY55Wws6xpmOpg47SvTqvC8Ajnhe7U4S3t1Z5x":{"registrationId":417609989,"currentRatchet":{"ephemeralKeyPair":{"pubKey":"BRB5pB58LVFv6Nmbxgckm4ueqo+bBrYDgyuVWOHkzJdx","privKey":"GIDS3TfmjEnl90A84S/Z3DnMX403j6dwQVA5yVWQtmM="},"lastRemoteEphemeralKey":"BUYNpyuZPBVoemlFVBj8h2Ul1nchMCRJlpd1vXndFA5Q","previousCounter":0,"rootKey":"52OOZ/fQ5kB4oIbRitX4VAIQInHfiMcIVYfxatdBMhE="},"indexInfo":{"baseKey":"Bcs6MzgY55Wws6xpmOpg47SvTqvC8Ajnhe7U4S3t1Z5x","baseKeyType":1,"closed":-1,"used":1696337752917,"created":1696337752917,"remoteIdentityKey":"BcpuSNqjvtDRY80ZDA92zO9tOdvvT/ck3VYBJOKqEDM2"},"_chains":{"BRB5pB58LVFv6Nmbxgckm4ueqo+bBrYDgyuVWOHkzJdx":{"chainKey":{"counter":0,"key":"iunvRR7ByyEk2rX+nVv/U/6sqXUIBfcUz7fEG/BcYzQ="},"chainType":1,"messageKeys":{}}},"pendingPreKey":{"signedKeyId":28,"baseKey":"Bcs6MzgY55Wws6xpmOpg47SvTqvC8Ajnhe7U4S3t1Z5x","preKeyId":4245280}}},"version":"v1"}