{"_sessions":{"BdDd9UEtWq7dzmllpvIf9Zru8rRuMGFvlQKjkLLxk8Il":{"registrationId":1569950584,"currentRatchet":{"ephemeralKeyPair":{"pubKey":"BfkgpB8+DN60U76W3H/v//QFNMB0XzEBRPGJWfO4iBAf","privKey":"ADW6tPF4+rBxBzNBHXqu/I3Jffq5OT39tE6s6o88+Uk="},"lastRemoteEphemeralKey":"BQ1C+aqG0Ewhc2lFlNIC9UrdY+McWdPB7v7yB8YbH6BH","previousCounter":0,"rootKey":"xuOA8oKBdM9TvrtTNhXqZ3131QrotvvXnU8lk64gk9Q="},"indexInfo":{"baseKey":"BdDd9UEtWq7dzmllpvIf9Zru8rRuMGFvlQKjkLLxk8Il","baseKeyType":1,"closed":-1,"used":1696337752169,"created":1696337752169,"remoteIdentityKey":"BSP3uebHBPK4h7Ht2/4CLbbd3Cv0eaElmrAL4FAY/dxk"},"_chains":{"BfkgpB8+DN60U76W3H/v//QFNMB0XzEBRPGJWfO4iBAf":{"chainKey":{"counter":0,"key":"vfnPyUydksvEiRbJNovXbyipcMIp49g+MxbwVsJPc14="},"chainType":1,"messageKeys":{}}},"pendingPreKey":{"signedKeyId":7,"baseKey":"BdDd9UEtWq7dzmllpvIf9Zru8rRuMGFvlQKjkLLxk8Il","preKeyId":11788355}}},"version":"v1"}