{"_sessions":{"BWabrue1b9Q1QoiwzezdmK/PYQneFdUfd1KOrIfJvABc":{"registrationId":1845900101,"currentRatchet":{"ephemeralKeyPair":{"pubKey":"BSO2obE5JbA72qY1Seibxqa8jMp/jeFwBKpMmCFclZ8v","privKey":"wI5gEmJ8BoCbhxd6UZ74wg6klEbq42lhh5oeXVzWZ0w="},"lastRemoteEphemeralKey":"BRG6p/EgVf6wAyYzMspELEBlsMIMTNYmfkXWiL3u4QgZ","previousCounter":0,"rootKey":"AsIkugB/d4U0UoTrf6Ap9MTVXty+BfpKvVGxD5fp4+8="},"indexInfo":{"baseKey":"BWabrue1b9Q1QoiwzezdmK/PYQneFdUfd1KOrIfJvABc","baseKeyType":1,"closed":-1,"used":1696337705643,"created":1696337705643,"remoteIdentityKey":"BfrBVH3wvX6sEncv1sfElo8ANHf4Fy/96RNRZM6yYgMD"},"_chains":{"BSO2obE5JbA72qY1Seibxqa8jMp/jeFwBKpMmCFclZ8v":{"chainKey":{"counter":3,"key":"wAIPs5IWEFRVmPlkB+7aWW+jh0IwYLV8Q9Qb3Ek64xI="},"chainType":1,"messageKeys":{}}},"pendingPreKey":{"signedKeyId":0,"baseKey":"BWabrue1b9Q1QoiwzezdmK/PYQneFdUfd1KOrIfJvABc","preKeyId":6999171}}},"version":"v1"}