{"_sessions":{"BVcRFgraV3pR78B8IuOvkN5cMqx2EhUgaac3e7J/W4ZR":{"registrationId":949212550,"currentRatchet":{"ephemeralKeyPair":{"pubKey":"Bblanawo5F99EiwDik19MscKtJyy+NTV62KToYHYEilO","privKey":"sBVWVbYPqp87JGExrukEVaQQ5T69YROmN/Ixo7RlPmY="},"lastRemoteEphemeralKey":"BXeGZwAuljchqVqt3gBw8++/MzX5tfltBPzBAfa0tK01","previousCounter":0,"rootKey":"pdmcy5OD1rlHxu8so/M2FAhEVo48PE7FDu9wOMMnncc="},"indexInfo":{"baseKey":"BVcRFgraV3pR78B8IuOvkN5cMqx2EhUgaac3e7J/W4ZR","baseKeyType":1,"closed":-1,"used":1696337705666,"created":1696337705666,"remoteIdentityKey":"BX4bMIIVeChaCNff/na3FRqQNcFGscPX2swbA/1qSTVr"},"_chains":{"Bblanawo5F99EiwDik19MscKtJyy+NTV62KToYHYEilO":{"chainKey":{"counter":2,"key":"vzzJcmJLLxL+YyWhAMTEfHdaJXi51r/XeJPednBZbP4="},"chainType":1,"messageKeys":{}}},"pendingPreKey":{"signedKeyId":16,"baseKey":"BVcRFgraV3pR78B8IuOvkN5cMqx2EhUgaac3e7J/W4ZR","preKeyId":7187340}}},"version":"v1"}