{"_sessions":{"BaQC1ipmOfOWYb0+ow66Usw4egz5rBYGbMmeRJw9BQZd":{"registrationId":2013367128,"currentRatchet":{"ephemeralKeyPair":{"pubKey":"BZo/L/OYv93U5VXnF47WM7PORQAnHQeeYZHbfhO284Yo","privKey":"ACFD43fUa1EPwqns0u46x4v4hcdUEzoHp9HRFnAH/E8="},"lastRemoteEphemeralKey":"Bc/xmfs8JabS7aqiVyIJpM8M7h1lrcG7a8jepWoK8x9e","previousCounter":0,"rootKey":"7yCT/JM7bMwUZlJWM7j+nxPGzRG7BR3Ng+tNiQkw0Cg="},"indexInfo":{"baseKey":"BaQC1ipmOfOWYb0+ow66Usw4egz5rBYGbMmeRJw9BQZd","baseKeyType":1,"closed":-1,"used":1696337706704,"created":1696337706704,"remoteIdentityKey":"BVw2XWCiilDfx6qF0/TWZaFcALP6p4zoD7MKsDqDzsZC"},"_chains":{"BZo/L/OYv93U5VXnF47WM7PORQAnHQeeYZHbfhO284Yo":{"chainKey":{"counter":2,"key":"p1HwiJwUZLMojwDeD6EW4LC70I5s6qt0JBHmNoizb18="},"chainType":1,"messageKeys":{}}},"pendingPreKey":{"signedKeyId":47,"baseKey":"BaQC1ipmOfOWYb0+ow66Usw4egz5rBYGbMmeRJw9BQZd","preKeyId":6226765}}},"version":"v1"}