{"_sessions":{"BX4BFYjtes7RUz3md+5sxESB/yXvMCybeMEc4p3Nfahu":{"registrationId":451816323,"currentRatchet":{"ephemeralKeyPair":{"pubKey":"Bf+mEW+oCqWC7HKY7PMawWMyaV4Wc1SHii0WwFoMIA0e","privKey":"YHZPn8Mp0XgVwMYqcJkXNp90raRgJ3cYAA2eeldfqkQ="},"lastRemoteEphemeralKey":"BVn9MW7BAUJUruIg56SPKJgj7VgKYC5YUmqIPmXxFHAa","previousCounter":0,"rootKey":"13SvTj/zfP9l48yT8gQNxtYo4h1c3UY99jQjsXKcVVI="},"indexInfo":{"baseKey":"BX4BFYjtes7RUz3md+5sxESB/yXvMCybeMEc4p3Nfahu","baseKeyType":1,"closed":-1,"used":1696337704459,"created":1696337704459,"remoteIdentityKey":"BbZPWZRdA4IEtsohhvHy7/GyMsrwZtpE+3ju8ltahEMN"},"_chains":{"Bf+mEW+oCqWC7HKY7PMawWMyaV4Wc1SHii0WwFoMIA0e":{"chainKey":{"counter":2,"key":"4fy/5AHUItWH0+gPb6ds7rK5/r5zAA8tJkb5tgoqeng="},"chainType":1,"messageKeys":{}}},"pendingPreKey":{"signedKeyId":12,"baseKey":"BX4BFYjtes7RUz3md+5sxESB/yXvMCybeMEc4p3Nfahu","preKeyId":10045110}}},"version":"v1"}