{"_sessions":{"BV05Fsu1QIQHymfDnSjzaVagnIqRT/DqkiHTFU4C3U8+":{"registrationId":1703825852,"currentRatchet":{"ephemeralKeyPair":{"pubKey":"BfFTS3EE9JxHtW9qq6wP/4DdwxOVxUwSPKd6gO4TMa8P","privKey":"OBV4o0TvMhqik+ktWFlIzJbqnCI5oD6chyvYOGlGGVY="},"lastRemoteEphemeralKey":"BV6xUYXiyPYHjLgWubtLxz854c7axNg7pQtqg5kXLrQZ","previousCounter":0,"rootKey":"EIH7l0KEROaDWeQ8pL7L6TArB6e09M3N6b2Rufask5g="},"indexInfo":{"baseKey":"BV05Fsu1QIQHymfDnSjzaVagnIqRT/DqkiHTFU4C3U8+","baseKeyType":1,"closed":-1,"used":1696337751957,"created":1696337751957,"remoteIdentityKey":"BdejE/iJDEm3sCuREmhU89OZAyM2SAmhUHhrDUCDGest"},"_chains":{"BfFTS3EE9JxHtW9qq6wP/4DdwxOVxUwSPKd6gO4TMa8P":{"chainKey":{"counter":0,"key":"AOSREUipfkVobJNXlELu17RjJzouBeNYJZt5DDJ+5cA="},"chainType":1,"messageKeys":{}}},"pendingPreKey":{"signedKeyId":1,"baseKey":"BV05Fsu1QIQHymfDnSjzaVagnIqRT/DqkiHTFU4C3U8+"}}},"version":"v1"}