{"_sessions":{"BRN80tbC0e0ULoWbZLam9lJS2E7upbsbJsyrSGj0mMwn":{"registrationId":832766732,"currentRatchet":{"ephemeralKeyPair":{"pubKey":"BfJk13BHGwz1q3l+IgPwEcjKN3K5JFIUsTe8b7PgFGl8","privKey":"EBVOvEJNm7ULZ09V3Cz38G7HUp4jYWxQc71khQY/31Y="},"lastRemoteEphemeralKey":"BdwUnGbDibNUqWH/nr/b227A01VruCpDEkkT3cpUgCkb","previousCounter":0,"rootKey":"rEnGCS1PhWAqu9whWYBF7u3RxfMIVnz2byvq4FkG60Q="},"indexInfo":{"baseKey":"BRN80tbC0e0ULoWbZLam9lJS2E7upbsbJsyrSGj0mMwn","baseKeyType":1,"closed":-1,"used":1696337707141,"created":1696337707141,"remoteIdentityKey":"BQJLJaGVcb6+JSjwxEG2VVuyMUtaf040l4ddFe6k7X1K"},"_chains":{"BfJk13BHGwz1q3l+IgPwEcjKN3K5JFIUsTe8b7PgFGl8":{"chainKey":{"counter":2,"key":"brlsrgqn20xk0SbZfOVwfarLlv3xKFke1twho1UxUn0="},"chainType":1,"messageKeys":{}}},"pendingPreKey":{"signedKeyId":16,"baseKey":"BRN80tbC0e0ULoWbZLam9lJS2E7upbsbJsyrSGj0mMwn","preKeyId":3738302}}},"version":"v1"}