{"_sessions":{"BX2qVynqbssvuyIaA3S4mdCHV7KxYiVm0B18quKkUf48":{"registrationId":911000173,"currentRatchet":{"ephemeralKeyPair":{"pubKey":"BXMbcRfIZOhfaFsfwvoNT/9vlnbQeTGBMtLC5/FoD/BI","privKey":"WDVvze2HY/T3ZYq0HYyv54cTO7qsdmjTGSUVaniNRWU="},"lastRemoteEphemeralKey":"BSx8AfwLwe1irD4rPwbBhIjv6UPCcsp5r6ozWqpwvBEO","previousCounter":0,"rootKey":"g9L/CSGU/XwxabxpDVO57iYYYew5+dCsWKRapMHQaCo="},"indexInfo":{"baseKey":"BX2qVynqbssvuyIaA3S4mdCHV7KxYiVm0B18quKkUf48","baseKeyType":1,"closed":-1,"used":1696337705292,"created":1696337705292,"remoteIdentityKey":"BTe2AXSOENPqB1rEovCCxYtinppsrgNXBjpU+kYtp2kD"},"_chains":{"BXMbcRfIZOhfaFsfwvoNT/9vlnbQeTGBMtLC5/FoD/BI":{"chainKey":{"counter":2,"key":"dmZf3qi6bP1VzItGDh7D6go2T6ZUb606j+VUqLO/mrY="},"chainType":1,"messageKeys":{}}},"pendingPreKey":{"signedKeyId":0,"baseKey":"BX2qVynqbssvuyIaA3S4mdCHV7KxYiVm0B18quKkUf48"}}},"version":"v1"}