{"_sessions":{"BYyzPmmItJ/+IWA9qQL2UXRm2mpYF1xK+HkKNw6IgRlW":{"registrationId":1580239776,"currentRatchet":{"ephemeralKeyPair":{"pubKey":"BRftPUBvzROyyR+21CHjXZBnsEarXbClZnlNcggV5N4S","privKey":"2E/MKigfcjaHJNvdPYV8uh6KqXnETByl3SafU3YtQ00="},"lastRemoteEphemeralKey":"BdaKsYMaPBo0PNPk7zibD9zXzaG+z7FZmYj9wUsOlfwX","previousCounter":0,"rootKey":"oXjTjX5KpfzRxeFhFAszexZuUUzhArXSzWJUn3sGnts="},"indexInfo":{"baseKey":"BYyzPmmItJ/+IWA9qQL2UXRm2mpYF1xK+HkKNw6IgRlW","baseKeyType":1,"closed":-1,"used":1696337719397,"created":1696337719397,"remoteIdentityKey":"BaNw3nsATDj2hoL8kuetwjruxg25W/Jl8i9BB8kn1dMM"},"_chains":{"BRftPUBvzROyyR+21CHjXZBnsEarXbClZnlNcggV5N4S":{"chainKey":{"counter":0,"key":"vWVQOvtB742JJTP4vkG4tylc5ohH86iuP3JZChgm4G0="},"chainType":1,"messageKeys":{}}},"pendingPreKey":{"signedKeyId":3,"baseKey":"BYyzPmmItJ/+IWA9qQL2UXRm2mpYF1xK+HkKNw6IgRlW","preKeyId":9946026}}},"version":"v1"}