{"_sessions":{"Bcp2rIGFjSVl9nH5TNrFNbFcFBOjfcxBM9y/1bNTSX5S":{"registrationId":1966483006,"currentRatchet":{"ephemeralKeyPair":{"pubKey":"BRlOenyutm04LcpbpL6YFjnZd0mefNOCHXgbwMOqBMYa","privKey":"sH8KQtH3VtvePAyjJD2pRWsIHSgNtmUDiYn2zg3YIWA="},"lastRemoteEphemeralKey":"BaziNalRSk+75pFLc98OTGeXapCj+IVt+hFv53SL4Axy","previousCounter":0,"rootKey":"6GWHPDiCFZvYJKB3yIhgbWs+zBGQgqnow5evFEpP7p8="},"indexInfo":{"baseKey":"Bcp2rIGFjSVl9nH5TNrFNbFcFBOjfcxBM9y/1bNTSX5S","baseKeyType":1,"closed":-1,"used":1696337752442,"created":1696337752442,"remoteIdentityKey":"Bb+7URkCl/ECdsLN5w52susT2SIREx6F62nSuVY/xxEv"},"_chains":{"BRlOenyutm04LcpbpL6YFjnZd0mefNOCHXgbwMOqBMYa":{"chainKey":{"counter":0,"key":"NryWx2xq693jc+3NDxvd8F+K+d/EP4dsWoCy7vMKLms="},"chainType":1,"messageKeys":{}}},"pendingPreKey":{"signedKeyId":6,"baseKey":"Bcp2rIGFjSVl9nH5TNrFNbFcFBOjfcxBM9y/1bNTSX5S","preKeyId":11292529}}},"version":"v1"}