{"_sessions":{"BaYWeM/nOWy1jnIYRvhSswgZ8A3Xw3c0e3UYjwFegjN/":{"registrationId":519,"currentRatchet":{"ephemeralKeyPair":{"pubKey":"BQVsP7G6maD7aOeBEhyodxNKmhkTdTImVaF8hob48j9V","privKey":"kLliIah14sqdgNM1zFMHEwVvH4Mn8gHKmBrmfnl7PXU="},"lastRemoteEphemeralKey":"BTUCIVX85eAzsFs0DY2s2ICqLtFrxpxlDTICOMS26opL","previousCounter":0,"rootKey":"STR0zWIAqiQoDRuJbaF+tN5jzUqPnsfU96+KchX5lS4="},"indexInfo":{"baseKey":"BaYWeM/nOWy1jnIYRvhSswgZ8A3Xw3c0e3UYjwFegjN/","baseKeyType":1,"closed":-1,"used":1696337719224,"created":1696337719224,"remoteIdentityKey":"BTTpJi0s06hvLqeGCLtP7njcjF63LWeJpC7b86ievQsH"},"_chains":{"BQVsP7G6maD7aOeBEhyodxNKmhkTdTImVaF8hob48j9V":{"chainKey":{"counter":0,"key":"uBywzhEZUY8uuPc26cscAYHKruCAKWEYIse+rsXon04="},"chainType":1,"messageKeys":{}}},"pendingPreKey":{"signedKeyId":1,"baseKey":"BaYWeM/nOWy1jnIYRvhSswgZ8A3Xw3c0e3UYjwFegjN/"}}},"version":"v1"}