{"_sessions":{"BXOWEFyfB+AXn4ogp+AYmPTjVeSGyh/E5W44N0uSTmMz":{"registrationId":2062368191,"currentRatchet":{"ephemeralKeyPair":{"pubKey":"BVBPEfy5hef/De1wgzUTEypK2JTKSw5QubFinXW215Ji","privKey":"GAlMf+HnaQ4y8Gi4XI3H99y435X+hfWvLKx7E2qLyEA="},"lastRemoteEphemeralKey":"Be1HKVXY7NqhjjEqc15XJK+bHTyQA1gHUTMRe04CIoZx","previousCounter":0,"rootKey":"3Z+hvzn742A3oFmOT0IIVBSx60HMUBhxXUVwOE24UPc="},"indexInfo":{"baseKey":"BXOWEFyfB+AXn4ogp+AYmPTjVeSGyh/E5W44N0uSTmMz","baseKeyType":1,"closed":-1,"used":1696337704216,"created":1696337704216,"remoteIdentityKey":"BQf6XT0i1uzABjyvA+bnRuXv01PCfJg2wP8hp8PML/pv"},"_chains":{"BVBPEfy5hef/De1wgzUTEypK2JTKSw5QubFinXW215Ji":{"chainKey":{"counter":2,"key":"7BBer3hoMfnSxQkVwR4f+GVF6Mtol/LMvDlxkfLRlRc="},"chainType":1,"messageKeys":{}}},"pendingPreKey":{"signedKeyId":1,"baseKey":"BXOWEFyfB+AXn4ogp+AYmPTjVeSGyh/E5W44N0uSTmMz","preKeyId":14173988}}},"version":"v1"}