{"_sessions":{"BahSBQ8pLnHnUeARP5etNQ9QssOqztiseQje7r2khAgt":{"registrationId":1447870064,"currentRatchet":{"ephemeralKeyPair":{"pubKey":"BYQsgKAlkd3Q4M0dPxrlO4jDNyFcManbbC8ZItDbhT8v","privKey":"iMTOJxDZYBrFvJ2iDwiFW2t6cm0YoTld2oq+WIM1JVU="},"lastRemoteEphemeralKey":"BSFlJMNcDBe3wEeL8psx+115ZL0BZ/JuttNlsaP0MEpb","previousCounter":0,"rootKey":"hZbYW4j/hO/h3d04mzcz5sAjed9Axg01bh5m7uj3mEo="},"indexInfo":{"baseKey":"BahSBQ8pLnHnUeARP5etNQ9QssOqztiseQje7r2khAgt","baseKeyType":1,"closed":-1,"used":1696337704510,"created":1696337704510,"remoteIdentityKey":"BRVpUa1I/IFTNc4N3YC60KOWSfs6ZHW+INv8pTBvyklS"},"_chains":{"BYQsgKAlkd3Q4M0dPxrlO4jDNyFcManbbC8ZItDbhT8v":{"chainKey":{"counter":2,"key":"RVrWiv4QwEtq1E7fQk0nOyP3sNxsaPBQpLUXwylDi64="},"chainType":1,"messageKeys":{}}},"pendingPreKey":{"signedKeyId":8,"baseKey":"BahSBQ8pLnHnUeARP5etNQ9QssOqztiseQje7r2khAgt","preKeyId":8714921}}},"version":"v1"}