{"_sessions":{"Bfyw+M72/sMW5y4LpZwrmmy+RUMoO1qx7Yqaau5Gf11E":{"registrationId":1188546873,"currentRatchet":{"ephemeralKeyPair":{"pubKey":"BRyB1lxFrpWLkWlfvB0d7lOMB8pv2TUeI5qZDx+AZiZi","privKey":"wKDdAGN/cmDYyIBnYomjALnbrWYj370GnG6vqFPyeWw="},"lastRemoteEphemeralKey":"BULEUe2yuHs6YrSk6qurfH3xox2Z6SMqZUfERxqngRAF","previousCounter":0,"rootKey":"/eqI5f0zfzb5GIceXeasTQy3C1Uy7tT0hYV8xZNvR8c="},"indexInfo":{"baseKey":"Bfyw+M72/sMW5y4LpZwrmmy+RUMoO1qx7Yqaau5Gf11E","baseKeyType":1,"closed":-1,"used":1696337731513,"created":1696337731513,"remoteIdentityKey":"Baz6nEWSHMhLDthU/SxvHqIW/uBN077wl4y7ul1tpIh4"},"_chains":{"BRyB1lxFrpWLkWlfvB0d7lOMB8pv2TUeI5qZDx+AZiZi":{"chainKey":{"counter":0,"key":"kA6D3gvcASCfBy5ia/vz2ocEsvONC5tPxWn2Hx9B1z4="},"chainType":1,"messageKeys":{}}},"pendingPreKey":{"signedKeyId":3,"baseKey":"Bfyw+M72/sMW5y4LpZwrmmy+RUMoO1qx7Yqaau5Gf11E","preKeyId":14038759}}},"version":"v1"}