{"_sessions":{"BX6g/nbAvxterBK2yDdHfbVhJ0y7LuZVzE4TbbP5C1Jg":{"registrationId":1166500041,"currentRatchet":{"ephemeralKeyPair":{"pubKey":"BW3CcidjkbNbscjWzxpTFYTxsb22NdqNHiuWNGhkyshA","privKey":"sCbs3OUaWz5VAUQWgw6+/eFducFItV+kavpNrvMYLG8="},"lastRemoteEphemeralKey":"BSYhimXfPF1ux2lrm3lKID8NXmgTcaFS+AytRcUP4jdc","previousCounter":0,"rootKey":"mrRm133+mKfT7k1mnYWYthh+p2VGW0dZKL1vHVY5XnM="},"indexInfo":{"baseKey":"BX6g/nbAvxterBK2yDdHfbVhJ0y7LuZVzE4TbbP5C1Jg","baseKeyType":1,"closed":-1,"used":1696337705462,"created":1696337705462,"remoteIdentityKey":"BQSGYGyDqCsly+4lc7kvi6MpuMeRm47pKB4/gcEJQBp9"},"_chains":{"BW3CcidjkbNbscjWzxpTFYTxsb22NdqNHiuWNGhkyshA":{"chainKey":{"counter":3,"key":"IjK0qVQr+VKRaflfl5B9o4HqCV0NN35UGI02LiTDX4c="},"chainType":1,"messageKeys":{}}},"pendingPreKey":{"signedKeyId":2,"baseKey":"BX6g/nbAvxterBK2yDdHfbVhJ0y7LuZVzE4TbbP5C1Jg","preKeyId":11233750}}},"version":"v1"}