{"_sessions":{"BY7kYbu2fpkJvz+Bm1+PSFrUdH6x1E8CpO7Alkj0pWpR":{"registrationId":527925135,"currentRatchet":{"ephemeralKeyPair":{"pubKey":"Be0sE75mHe4o/RzCoKPbF2Ic0AXpBnzkx5Nb2Nmk+ss+","privKey":"2CMGqBft8rsNfRN/FMrVBGKzEhBSJplRmfcKa74i+ms="},"lastRemoteEphemeralKey":"BbU0M/IbyR/NZXmI3R59LtDTs8C5NgQYybr9F99K7PoS","previousCounter":0,"rootKey":"XrAH7yCdPfDwJvaI/JfSYLoNw2C0nnCBisOplHLem9c="},"indexInfo":{"baseKey":"BY7kYbu2fpkJvz+Bm1+PSFrUdH6x1E8CpO7Alkj0pWpR","baseKeyType":1,"closed":-1,"used":1696337705532,"created":1696337705532,"remoteIdentityKey":"BT3KrkdZsrH7NJkezjQ76Tixa/L/QtQBtO510Wv3aqhV"},"_chains":{"Be0sE75mHe4o/RzCoKPbF2Ic0AXpBnzkx5Nb2Nmk+ss+":{"chainKey":{"counter":2,"key":"Empspv5TUpew22vKWAA9wok0nQlUKyF4mbkOtD6iVBg="},"chainType":1,"messageKeys":{}}},"pendingPreKey":{"signedKeyId":21,"baseKey":"BY7kYbu2fpkJvz+Bm1+PSFrUdH6x1E8CpO7Alkj0pWpR","preKeyId":10006710}}},"version":"v1"}