{"_sessions":{"BZvE68MThHEq7869Gk83ds4zi+CQIKBeqTM2EDcUlVRd":{"registrationId":593645296,"currentRatchet":{"ephemeralKeyPair":{"pubKey":"BeBDPJsiJUFGXvZLYCb8uhUQvUdQyVPpUoe8qFfNIMYz","privKey":"IBwSWfq3r2zUtY5WR4OduX4cfLwJf1J2dzAQHXlAQkY="},"lastRemoteEphemeralKey":"BSyNnaDv7f2EQH4zJR86kFN36rmPinLTUmG9ObgpLFoI","previousCounter":0,"rootKey":"RghvUqgKFLy8nPd3El02fwc9gWDfUN2s7SHgezKcaR4="},"indexInfo":{"baseKey":"BZvE68MThHEq7869Gk83ds4zi+CQIKBeqTM2EDcUlVRd","baseKeyType":1,"closed":-1,"used":1696337731659,"created":1696337731659,"remoteIdentityKey":"BYe9Zbi/8Op0Wu9EH1W73/KuCTbEm/Vjy2T0CJno6ekD"},"_chains":{"BeBDPJsiJUFGXvZLYCb8uhUQvUdQyVPpUoe8qFfNIMYz":{"chainKey":{"counter":0,"key":"6bK9IQbc2ksdEs3AyBAb96vBYwIV0oo/AgFFuu5SNeg="},"chainType":1,"messageKeys":{}}},"pendingPreKey":{"signedKeyId":2,"baseKey":"BZvE68MThHEq7869Gk83ds4zi+CQIKBeqTM2EDcUlVRd","preKeyId":1433605}}},"version":"v1"}