{"_sessions":{"BSKAclT8y+9WM3MiB8pMu2fLiNGZxDXIISihiIq4oK5l":{"registrationId":1374654792,"currentRatchet":{"ephemeralKeyPair":{"pubKey":"BZwAxNmUD/t7VNLBmpwfNenhcuntpoqHfeHgoPw2RbNc","privKey":"2DBQ4YGIN15g41ghZMzJOj94lVQ8HjXBRyxdA7vp52Y="},"lastRemoteEphemeralKey":"Bf6++ZUdbVQDLeu5EPnsXyfdF1VCz4O9+5b6rudziM08","previousCounter":0,"rootKey":"eBznIySsaPdFVxeLDJ0/tRsGSc4f/8B+nBFIWVi9hEk="},"indexInfo":{"baseKey":"BSKAclT8y+9WM3MiB8pMu2fLiNGZxDXIISihiIq4oK5l","baseKeyType":1,"closed":-1,"used":1696337752859,"created":1696337752859,"remoteIdentityKey":"BU+uC2MimZ1wtIE+cOFhllJYTDAMgfUCV150evVGB90W"},"_chains":{"BZwAxNmUD/t7VNLBmpwfNenhcuntpoqHfeHgoPw2RbNc":{"chainKey":{"counter":0,"key":"H2J6SmI78orr0twu4klP0xppGzSzVNdAckFLmHy2AWM="},"chainType":1,"messageKeys":{}}},"pendingPreKey":{"signedKeyId":52,"baseKey":"BSKAclT8y+9WM3MiB8pMu2fLiNGZxDXIISihiIq4oK5l","preKeyId":12789263}}},"version":"v1"}