{"_sessions":{"BbP9ASfDanFUdijnSmLEVLoNQxKHzaCcAG2/OnStCxEU":{"registrationId":135895959,"currentRatchet":{"ephemeralKeyPair":{"pubKey":"BS93i2J2Rtzfc2qUPVzhDu9kChVecFLIJj7Vamabfx0p","privKey":"kDIEMjzzk0+QrvkA/Y2HrjA9RXul9bnn4sUbklc1DUQ="},"lastRemoteEphemeralKey":"BXBreXQBiOwvXBtLxe97Ws6zgQQWQjYtTrMaNd1OHgh+","previousCounter":0,"rootKey":"JCCrn9VM14/zOL0/VjALOQCJvBkDw/or30xCa80TdWs="},"indexInfo":{"baseKey":"BbP9ASfDanFUdijnSmLEVLoNQxKHzaCcAG2/OnStCxEU","baseKeyType":1,"closed":-1,"used":1696337706807,"created":1696337706807,"remoteIdentityKey":"BQgxJiRce7sptO1L7g1syAxl2WMTTzCX0MUekvasLxZX"},"_chains":{"BS93i2J2Rtzfc2qUPVzhDu9kChVecFLIJj7Vamabfx0p":{"chainKey":{"counter":2,"key":"XsL732+eGFhhIBMc3+5351SFhTmasohKMGmEg59donI="},"chainType":1,"messageKeys":{}}},"pendingPreKey":{"signedKeyId":19,"baseKey":"BbP9ASfDanFUdijnSmLEVLoNQxKHzaCcAG2/OnStCxEU","preKeyId":2994596}}},"version":"v1"}