{"_sessions":{"BZejHyNOERD9j8kuie39gJa3OzATIW+8CsNvjX2Ab0YR":{"registrationId":2085718679,"currentRatchet":{"ephemeralKeyPair":{"pubKey":"BaG91eBdqNmosDJH/7QiVqzFW/acInONl2IY6WJ2cWpI","privKey":"EHqK8LQ8PmN4z/wA3xWyyllTXGort5QWbU/NF9qC7F4="},"lastRemoteEphemeralKey":"BWMryQg1nWE/MvRvQi/mPW1qlmPtjai2eaEI9/3XmkgY","previousCounter":0,"rootKey":"db46Ptgx8gKEfsiQ62x4RP2Ir7WGVgQHDslkIMxjaFI="},"indexInfo":{"baseKey":"BZejHyNOERD9j8kuie39gJa3OzATIW+8CsNvjX2Ab0YR","baseKeyType":1,"closed":-1,"used":1696337719352,"created":1696337719352,"remoteIdentityKey":"BVjggpnqVL/hYMJ0jWoJGEq9ANhcHFdQ7KtcDz3oDJVE"},"_chains":{"BaG91eBdqNmosDJH/7QiVqzFW/acInONl2IY6WJ2cWpI":{"chainKey":{"counter":0,"key":"NfapE9vm/2JlDhyCSz9oOMj81/KSEttBQNxKQjaCquI="},"chainType":1,"messageKeys":{}}},"pendingPreKey":{"signedKeyId":3,"baseKey":"BZejHyNOERD9j8kuie39gJa3OzATIW+8CsNvjX2Ab0YR","preKeyId":12223822}}},"version":"v1"}