{"_sessions":{"BaFTTym4bimssa7TucPR44oXc9OpT1hpT8B7X5D03gUB":{"registrationId":672843157,"currentRatchet":{"ephemeralKeyPair":{"pubKey":"BUVuWgJw70O/ngffzZl/H0GMbLyJv7KRuZRKMrV1l0xX","privKey":"mP8YhCQ8PVwZiMkvngae32YF9CYdmH25cTjMw5c9kFY="},"lastRemoteEphemeralKey":"BcL9hRVh7ukkVjg4Ur+P2R5ZcdB2pRwsSZYktAx6DOZt","previousCounter":0,"rootKey":"NllNvL/8k29eEA/rH1leV1iqONjP5OOObwD1NprJyn8="},"indexInfo":{"baseKey":"BaFTTym4bimssa7TucPR44oXc9OpT1hpT8B7X5D03gUB","baseKeyType":1,"closed":-1,"used":1696337751961,"created":1696337751961,"remoteIdentityKey":"BTHhYREu1jw8Eirx1/HEIg6uxvRPfoREwbrA2LVQsekZ"},"_chains":{"BUVuWgJw70O/ngffzZl/H0GMbLyJv7KRuZRKMrV1l0xX":{"chainKey":{"counter":0,"key":"qPe911gfF4JQfLKbTumxaMjfPILyrYeMf2PIo/NTARE="},"chainType":1,"messageKeys":{}}},"pendingPreKey":{"signedKeyId":23,"baseKey":"BaFTTym4bimssa7TucPR44oXc9OpT1hpT8B7X5D03gUB","preKeyId":6269946}}},"version":"v1"}