{"_sessions":{"BRwfJ4tqvLhxcpqSYrSqMy8Y+L8BVPXGQmc28vwi+IY+":{"registrationId":2010799734,"currentRatchet":{"ephemeralKeyPair":{"pubKey":"BQIlz//EMQ0h3CLC/F2Wya4mYUbnqPlqIyWg77JWpjZL","privKey":"KA72nH+dtsq0g9Sz6izTu5dUd+zTk+rpjesT06eJG0o="},"lastRemoteEphemeralKey":"BbBEVNsaE3UPNl79OXgIhE/0MjVIjfR/yu7390pFfSsI","previousCounter":0,"rootKey":"VlgmW9TiTptfsV4xpx5WudR+EwpSOMNORa4BLOwrras="},"indexInfo":{"baseKey":"BRwfJ4tqvLhxcpqSYrSqMy8Y+L8BVPXGQmc28vwi+IY+","baseKeyType":1,"closed":-1,"used":1696337706386,"created":1696337706386,"remoteIdentityKey":"BdSpH7maqvsTqIdfp8cxH+vjVnnK+XhiGy1ginNjLIRh"},"_chains":{"BQIlz//EMQ0h3CLC/F2Wya4mYUbnqPlqIyWg77JWpjZL":{"chainKey":{"counter":2,"key":"2jUqYgnnBRLICUTxSmKr9l4hQczdyL5aIb9P/YHeaWM="},"chainType":1,"messageKeys":{}}},"pendingPreKey":{"signedKeyId":7,"baseKey":"BRwfJ4tqvLhxcpqSYrSqMy8Y+L8BVPXGQmc28vwi+IY+","preKeyId":4090229}}},"version":"v1"}