{"_sessions":{"BYrQHm3qNGGtKHaE2g7Ykc7Mc03tn+r2Z1/S0XfvtMQ1":{"registrationId":247254949,"currentRatchet":{"ephemeralKeyPair":{"pubKey":"BTmpKl4nwzjkzdaqRb2ibmaNd8zgMrBGnYLdyfHN7LZj","privKey":"0CPt1XK/IbaenS6zH5ujwI/wnrC3oUOZObWsXl9ya1g="},"lastRemoteEphemeralKey":"Bebg+hvQkxxqXsGx1ZptmNiP/DVQDvWqd8k38njOeNcu","previousCounter":0,"rootKey":"t1ZhLjsOybDyzAvwptwgRP6A4RIPZR5CjX59Cc/K8tI="},"indexInfo":{"baseKey":"BYrQHm3qNGGtKHaE2g7Ykc7Mc03tn+r2Z1/S0XfvtMQ1","baseKeyType":1,"closed":-1,"used":1696337704199,"created":1696337704199,"remoteIdentityKey":"BZKkv/1QQ0EyIwlYB9t6f9rJ0InYtV46FpXec2w+14Fp"},"_chains":{"BTmpKl4nwzjkzdaqRb2ibmaNd8zgMrBGnYLdyfHN7LZj":{"chainKey":{"counter":2,"key":"6rbTPhta3xB8YOnsFRzfyzftyFiJxiJb8bZx2eVfzOQ="},"chainType":1,"messageKeys":{}}},"pendingPreKey":{"signedKeyId":58,"baseKey":"BYrQHm3qNGGtKHaE2g7Ykc7Mc03tn+r2Z1/S0XfvtMQ1"}}},"version":"v1"}