{"_sessions":{"BWmti/NU9/yAwRgNl4h206g+3nrtiNKbSAS2ux7dFhtG":{"registrationId":221,"currentRatchet":{"ephemeralKeyPair":{"pubKey":"BaIWtdS1RcvWph+jVCcbBsPmhAwIEiRA08CoOfXOYZIt","privKey":"4Ppdq6yTbAcPBH7LB5krUhwK9UmoT9Zqd3DydDtRNV8="},"lastRemoteEphemeralKey":"BbmPsPubiZPAopZpv3eDvPhFXK5S8uHnNDOnFh17BHRZ","previousCounter":0,"rootKey":"w4qiabKRzGx09plIz2HeVmk7eiWV1O9NpaMQv8PWGxk="},"indexInfo":{"baseKey":"BWmti/NU9/yAwRgNl4h206g+3nrtiNKbSAS2ux7dFhtG","baseKeyType":1,"closed":-1,"used":1696337703544,"created":1696337703544,"remoteIdentityKey":"BXXUyAETMfB/qlO5vPubJJxtFm5OQcBaqj9iWveDpugv"},"_chains":{"BaIWtdS1RcvWph+jVCcbBsPmhAwIEiRA08CoOfXOYZIt":{"chainKey":{"counter":2,"key":"U9PvpuntIlhgaxMjdbPHmACx6cfcaYLbzq2xvURmO9c="},"chainType":1,"messageKeys":{}}},"pendingPreKey":{"signedKeyId":1,"baseKey":"BWmti/NU9/yAwRgNl4h206g+3nrtiNKbSAS2ux7dFhtG"}}},"version":"v1"}