{"_sessions":{"BU7psJkVM8Wvx3vqibrHyRbxZsfj9BTEnk+RAhax4oAh":{"registrationId":988076062,"currentRatchet":{"ephemeralKeyPair":{"pubKey":"BRxAVfap2FUPtKaLAvMx08WSks0OpK/X3ZPVunDP8rA7","privKey":"SBTSGUyoDx+E3t960U6mdlyeTOmq/SYCYB3BDOrtpmc="},"lastRemoteEphemeralKey":"BeInESJ4LnP4f0dfegR1J3R2ziSHh2MYxR0OecG7A0xK","previousCounter":0,"rootKey":"YR9FD5C8VQPEemxoNhoadlfZonGOLix2xIPapFsJwRc="},"indexInfo":{"baseKey":"BU7psJkVM8Wvx3vqibrHyRbxZsfj9BTEnk+RAhax4oAh","baseKeyType":1,"closed":-1,"used":1696337705662,"created":1696337705662,"remoteIdentityKey":"BbQSy2BUne3obZ3d3L9ON63wBCpXuHwoGir0RaD8PqEd"},"_chains":{"BRxAVfap2FUPtKaLAvMx08WSks0OpK/X3ZPVunDP8rA7":{"chainKey":{"counter":2,"key":"PrLaiKCw46UOPTwKbptia53hSroiORMIW9iS7LU3aWU="},"chainType":1,"messageKeys":{}}},"pendingPreKey":{"signedKeyId":7,"baseKey":"BU7psJkVM8Wvx3vqibrHyRbxZsfj9BTEnk+RAhax4oAh","preKeyId":2730058}}},"version":"v1"}