{"_sessions":{"Bc80YQO8WUumiB1ShnTsAhFChoJvwx3xopjwyIwrKSla":{"registrationId":249984243,"currentRatchet":{"ephemeralKeyPair":{"pubKey":"BZ66YGbJ8NaNz+sJpdsEW5uoNq/btexTlGcfXgfsvRgF","privKey":"yBmnLcttW3GOvSSe+eUCL7U74FD/+4GZ655CCGvG524="},"lastRemoteEphemeralKey":"BQ+efMn1+ztHUOGGsbYmUWsuZS0ATWi4xzkOqSRQLO1V","previousCounter":0,"rootKey":"XqYj/xL8Wo70YKAp3QjYpe7GuBCWmdh3TTFogHJ0vtg="},"indexInfo":{"baseKey":"Bc80YQO8WUumiB1ShnTsAhFChoJvwx3xopjwyIwrKSla","baseKeyType":1,"closed":-1,"used":1696337706967,"created":1696337706967,"remoteIdentityKey":"Bbqo/EDVQUWR0ycdBYY95Ixnx1fgKCLhYpczYHhU0W1P"},"_chains":{"BZ66YGbJ8NaNz+sJpdsEW5uoNq/btexTlGcfXgfsvRgF":{"chainKey":{"counter":2,"key":"3HOIDo9tre5FG7uh8cVg7tjNrdTnbTGsuMKEell52Ig="},"chainType":1,"messageKeys":{}}},"pendingPreKey":{"signedKeyId":0,"baseKey":"Bc80YQO8WUumiB1ShnTsAhFChoJvwx3xopjwyIwrKSla","preKeyId":14611442}}},"version":"v1"}