{"_sessions":{"BV36QJNq5pjn08U3ZprEjuTBrB8PwBl0SLcfTTquGbA5":{"registrationId":14542,"currentRatchet":{"ephemeralKeyPair":{"pubKey":"BddnA9PSJ9f89FMAWvsdt6WQZkJwx0hi1ikE/v2Kg1xI","privKey":"KI8Q20IqeKsbmdyu912Z1ZgZj6dX3mZ4BQnkGoeGHXk="},"lastRemoteEphemeralKey":"Bahi6CMW60aIP1TFXYVFL5ZFUQPm72oRmoW7wpv35SB9","previousCounter":0,"rootKey":"5XiCoe/O1bagq+nwV8rDgUkgyoZpozK0kWOq6hpYQbM="},"indexInfo":{"baseKey":"BV36QJNq5pjn08U3ZprEjuTBrB8PwBl0SLcfTTquGbA5","baseKeyType":1,"closed":-1,"used":1696337704044,"created":1696337704044,"remoteIdentityKey":"Bb/eiFneaOgWctmDKMJ+cf+tLx4NPxW6vJwnvUlcyz0x"},"_chains":{"BddnA9PSJ9f89FMAWvsdt6WQZkJwx0hi1ikE/v2Kg1xI":{"chainKey":{"counter":2,"key":"D318R5EPqtgpb3H2aiPXdLTGc9YNl79D9Ui3H2i7Vjg="},"chainType":1,"messageKeys":{}}},"pendingPreKey":{"signedKeyId":1,"baseKey":"BV36QJNq5pjn08U3ZprEjuTBrB8PwBl0SLcfTTquGbA5"}}},"version":"v1"}