{"_sessions":{"BXqB0lYK4OiUfDJttYCfCuxrusYHG3vrhcDdHjLf5bsW":{"registrationId":1077651711,"currentRatchet":{"ephemeralKeyPair":{"pubKey":"Bew+tDeTpVIQkl9rR7y1az8qtq/bxgvjyu2Hl8iUSvUJ","privKey":"YNc4xyHg0mOMLbRZnX8rw8yl9GEX589LeYE+/Tmts2Q="},"lastRemoteEphemeralKey":"BYSqgPVOxrSgjuvNoDUcGYTDqK2Z3DunU/O1xA92FF8S","previousCounter":0,"rootKey":"eSbXzFX1zp7VD3s/1hQT4LIyIPS9pZ9EJpqBJz5mGek="},"indexInfo":{"baseKey":"BXqB0lYK4OiUfDJttYCfCuxrusYHG3vrhcDdHjLf5bsW","baseKeyType":1,"closed":-1,"used":1696337731866,"created":1696337731866,"remoteIdentityKey":"BV8ioE9fAMPu26XlFOXa+SNjckTZkyG/IcEev5f6jPlR"},"_chains":{"Bew+tDeTpVIQkl9rR7y1az8qtq/bxgvjyu2Hl8iUSvUJ":{"chainKey":{"counter":0,"key":"ax248kXhph1bMm1qfHaMgDTvVDX/+utP3PmWEvWlGcI="},"chainType":1,"messageKeys":{}}},"pendingPreKey":{"signedKeyId":13,"baseKey":"BXqB0lYK4OiUfDJttYCfCuxrusYHG3vrhcDdHjLf5bsW","preKeyId":4552018}}},"version":"v1"}