{"_sessions":{"BWd8f6o5mMIkEepnhNhSe8KyRD2xy5ZlkRow/EqdqwwT":{"registrationId":1093085626,"currentRatchet":{"ephemeralKeyPair":{"pubKey":"Bd5ul5cHN5/pjMPHW6u8IhjMitiCL9ZQQY+CP58uMWV1","privKey":"kIjjhAGAWcghj0r64tRt4LVqLLdZL3VSedUYX861vlY="},"lastRemoteEphemeralKey":"BZZZzMvI8Df2bUMz9h6MaUxTH1HtVv4HYSBMIZ8b1TdF","previousCounter":0,"rootKey":"r0VhlHgesg5rv0AWIpofHGOZlRkxaOb+08SCwqdG2Yk="},"indexInfo":{"baseKey":"BWd8f6o5mMIkEepnhNhSe8KyRD2xy5ZlkRow/EqdqwwT","baseKeyType":2,"closed":-1,"used":1696337696502,"created":1696337696502,"remoteIdentityKey":"BZXGcZKXMgd1V2IUGHWquA74FMuJJWsmi5hhMbiIrUJ0"},"_chains":{"BZZZzMvI8Df2bUMz9h6MaUxTH1HtVv4HYSBMIZ8b1TdF":{"chainKey":{"counter":0,"key":"ByPJiM3Vpvcbb94dpefVEQ09aJVsL8cy8E6RIH9siwU="},"chainType":2,"messageKeys":{}},"Bd5ul5cHN5/pjMPHW6u8IhjMitiCL9ZQQY+CP58uMWV1":{"chainKey":{"counter":2,"key":"DO6ITj53X3aK0Y7BIPd9yl7ZLWd1Fll7K5KN+HuVCHs="},"chainType":1,"messageKeys":{}}}}},"version":"v1"}