{"_sessions":{"BXpBCr4UNCvvAqJb5w2Z7hph7+zI9ymPj+gIoO0GH2N9":{"registrationId":2129224391,"currentRatchet":{"ephemeralKeyPair":{"pubKey":"BTsYGn4og4cpTDXnmduZf0U0d0d+lT/yYfFHYzk1Towd","privKey":"gMMBlmMxIBOPFUTLAXRfXBLW/PVTTKuqNQhoy7WiG3Q="},"lastRemoteEphemeralKey":"BRunIYScCaVts6eiuJeOTmpFFpbxgKvlcBuaFeSHZqFC","previousCounter":0,"rootKey":"c0aGq9Vg1sj42WmxXMunNCDOiLYyqVH49r/siDxv7ps="},"indexInfo":{"baseKey":"BXpBCr4UNCvvAqJb5w2Z7hph7+zI9ymPj+gIoO0GH2N9","baseKeyType":1,"closed":-1,"used":1696337752200,"created":1696337752200,"remoteIdentityKey":"BSnZuA+HgNeuDjJSljs6Of9NBFxcZBvVZVExqFCmcglQ"},"_chains":{"BTsYGn4og4cpTDXnmduZf0U0d0d+lT/yYfFHYzk1Towd":{"chainKey":{"counter":0,"key":"sLoq1V6W4lB9NiceOHJq9ZBDmoEd4lYrKF1WLPqYDSI="},"chainType":1,"messageKeys":{}}},"pendingPreKey":{"signedKeyId":12,"baseKey":"BXpBCr4UNCvvAqJb5w2Z7hph7+zI9ymPj+gIoO0GH2N9","preKeyId":11751109}}},"version":"v1"}