{"_sessions":{"BY4zQMBqedob+R1Vt62ul/7UIVcY8ehbzJrcq9kqWDx6":{"registrationId":725028611,"currentRatchet":{"ephemeralKeyPair":{"pubKey":"BUQx0LWRmjGqG6dOMJOh5nFO5EGrnoAtF4O0ofIqQsYz","privKey":"iI9GxLbssiP9HHMDaEwJQ9I0E8k5qIc13nNbfsJrw14="},"lastRemoteEphemeralKey":"BfXA9na6xqnUUH3Yf1P8qEyuE74MgvVzgNaekaRMkDhD","previousCounter":0,"rootKey":"qrzd+pg7jsM/cFnRh3Q18C+BsJTQ5yT1wOqfSTNAHpQ="},"indexInfo":{"baseKey":"BY4zQMBqedob+R1Vt62ul/7UIVcY8ehbzJrcq9kqWDx6","baseKeyType":1,"closed":-1,"used":1696337704899,"created":1696337704899,"remoteIdentityKey":"BTT6xh48cgM6zexHNoZs5GoAaxcBlyM48lvV5lPf9aJ+"},"_chains":{"BUQx0LWRmjGqG6dOMJOh5nFO5EGrnoAtF4O0ofIqQsYz":{"chainKey":{"counter":2,"key":"aRSPQP2KneCU2aQumeYoQM5LGZklXERciCBhiqtjKLw="},"chainType":1,"messageKeys":{}}},"pendingPreKey":{"signedKeyId":1,"baseKey":"BY4zQMBqedob+R1Vt62ul/7UIVcY8ehbzJrcq9kqWDx6","preKeyId":9871621}}},"version":"v1"}