{"_sessions":{"BTBOJR8P70mT1Nk5Q3LQVs/h6ijFIUkoeuaQOA/IfgRq":{"registrationId":804313646,"currentRatchet":{"ephemeralKeyPair":{"pubKey":"BTNSB6NU7fAyfPtbNBPFirHDD8h+x0fvv9PPPnmLw8wT","privKey":"8LyQ8AsKTRtA+BGkr9Ef6Fci7NPX2XDA/VAp0jjm3mY="},"lastRemoteEphemeralKey":"BeEvWHTlbIVmtBHj6k6fx8M72DgiJLi2dv3QtDlEq4dH","previousCounter":0,"rootKey":"5fwBfgxbABZxxQU2hdHCRADJOPUUv0YSbNHXX8VKYbA="},"indexInfo":{"baseKey":"BTBOJR8P70mT1Nk5Q3LQVs/h6ijFIUkoeuaQOA/IfgRq","baseKeyType":1,"closed":-1,"used":1696337705335,"created":1696337705335,"remoteIdentityKey":"BWWZSZ8Ix6e9VuaQqc/eRa5xkEJm/pkn1qf6Jpavye0c"},"_chains":{"BTNSB6NU7fAyfPtbNBPFirHDD8h+x0fvv9PPPnmLw8wT":{"chainKey":{"counter":2,"key":"VvatKVJozpTk110fEMzLYsZcMSGkuGeif/HO9NLqUFQ="},"chainType":1,"messageKeys":{}}},"pendingPreKey":{"signedKeyId":8,"baseKey":"BTBOJR8P70mT1Nk5Q3LQVs/h6ijFIUkoeuaQOA/IfgRq","preKeyId":9811765}}},"version":"v1"}