{"_sessions":{"BZjctdjJpekKMVB/FpkRtcr8KeKvxrS+ONiPwrMjpDYt":{"registrationId":1115564356,"currentRatchet":{"ephemeralKeyPair":{"pubKey":"Bf1TBsI2V4iA0dsHQbd22KLzhoVkLzhvUY5G2/PQSsY0","privKey":"EHPjWUD8OCWhWta0PdUluziWfY594q/2TDn+c5vwn04="},"lastRemoteEphemeralKey":"BZIf2TlCuAylNp3OGz8F1xW6zBzvBwpUeaXbvlKzCwIy","previousCounter":0,"rootKey":"z15vNdxbhQqrTOfHC9YO7eBIWNRNOd66E2NiG91XtHk="},"indexInfo":{"baseKey":"BZjctdjJpekKMVB/FpkRtcr8KeKvxrS+ONiPwrMjpDYt","baseKeyType":1,"closed":-1,"used":1696337705713,"created":1696337705713,"remoteIdentityKey":"BUFGD8hdlczWysA/vUgl79KruGZ9JX490EofwxhYoigY"},"_chains":{"Bf1TBsI2V4iA0dsHQbd22KLzhoVkLzhvUY5G2/PQSsY0":{"chainKey":{"counter":2,"key":"mkHx90ksz8ChiTB2uENjRZbPF1vGds0Q2e348/Z+W38="},"chainType":1,"messageKeys":{}}},"pendingPreKey":{"signedKeyId":2,"baseKey":"BZjctdjJpekKMVB/FpkRtcr8KeKvxrS+ONiPwrMjpDYt","preKeyId":16557997}}},"version":"v1"}