{"_sessions":{"BcfB3JXQDJd7g9GzmVoUt0VFoDPpRT86AZLQIRQNezZB":{"registrationId":1601629987,"currentRatchet":{"ephemeralKeyPair":{"pubKey":"BbLIPxO+/Tt5KhwEkDGknU3V4c6R6EQsMvwzyP7TTRYh","privKey":"sFac2yaSr9Y0vcxePQY6lj4cUUly7JI2MOIWL1DIeEo="},"lastRemoteEphemeralKey":"BUt3Xo0FDNO/2zRDvA3iLp+IxVClBEs24w5/60KX4eA+","previousCounter":0,"rootKey":"fjKY2KIvZwzUnYvJiQM28LFT6OnaNPTHRtaXvgGiug8="},"indexInfo":{"baseKey":"BcfB3JXQDJd7g9GzmVoUt0VFoDPpRT86AZLQIRQNezZB","baseKeyType":1,"closed":-1,"used":1696337731649,"created":1696337731649,"remoteIdentityKey":"BVtFSRMdkMmOZ/1PBor8Fv0HOVxF49k4vqgMqZDCy2M5"},"_chains":{"BbLIPxO+/Tt5KhwEkDGknU3V4c6R6EQsMvwzyP7TTRYh":{"chainKey":{"counter":0,"key":"2RgIb6QYYUvKT1M6P/7O/5/c1ZCN7m6zZIr0HNsvqTk="},"chainType":1,"messageKeys":{}}},"pendingPreKey":{"signedKeyId":11,"baseKey":"BcfB3JXQDJd7g9GzmVoUt0VFoDPpRT86AZLQIRQNezZB","preKeyId":9002930}}},"version":"v1"}