{"_sessions":{"BaP0BFgLgqiTGWZUPzmZGeXEJvS5Q9RRwnUT2WRNV6pp":{"registrationId":184199952,"currentRatchet":{"ephemeralKeyPair":{"pubKey":"BaxKvveCo3shO4ZGVNQ16WzkeMYYJwy6yq+pF8wtAyVi","privKey":"CByDDNPCnHPURPybVdszbGCbZJCr3HZgRHCUfHI2k2w="},"lastRemoteEphemeralKey":"Bd2y1aSBEhHlhHLDeJazEtP114fMOiJLe5vS9FV5y/kh","previousCounter":0,"rootKey":"xNKJsNndPhwF/P+GMvZkIvO33qo/pR1qqpj+4m/1YWA="},"indexInfo":{"baseKey":"BaP0BFgLgqiTGWZUPzmZGeXEJvS5Q9RRwnUT2WRNV6pp","baseKeyType":1,"closed":-1,"used":1696337731732,"created":1696337731732,"remoteIdentityKey":"BRTPi9CdfGUL56EdIPzpZE33hrS4/BOVVA6JkwnqOCt4"},"_chains":{"BaxKvveCo3shO4ZGVNQ16WzkeMYYJwy6yq+pF8wtAyVi":{"chainKey":{"counter":1,"key":"KWRadYuWczwKWGpwEEd6YtC4PZ+JKGoTXSqZfZGgEV4="},"chainType":1,"messageKeys":{}}},"pendingPreKey":{"signedKeyId":5,"baseKey":"BaP0BFgLgqiTGWZUPzmZGeXEJvS5Q9RRwnUT2WRNV6pp","preKeyId":15054791}}},"version":"v1"}