{"_sessions":{"BcULwuo6b0npvnHAg9ViXobdWvjtVkbV1FJfcNx0PQxO":{"registrationId":1542825876,"currentRatchet":{"ephemeralKeyPair":{"pubKey":"BQC4muV45GD52DXx63XeBWffkzSZfwCpkG5b5BuLmn4r","privKey":"kHyuVuugxmwsuKAcP8Ru4ETKFumTk8MHm/9MsPfGC10="},"lastRemoteEphemeralKey":"BaEDvpDne0lzB8cJxhNPnufBiBWZeC2UBJMW3aCrWl4q","previousCounter":0,"rootKey":"9mpV5WfZbbPEsW9dUA4X5H34EEor8EsJ+N+d+nPTK2g="},"indexInfo":{"baseKey":"BcULwuo6b0npvnHAg9ViXobdWvjtVkbV1FJfcNx0PQxO","baseKeyType":1,"closed":-1,"used":1696337705699,"created":1696337705699,"remoteIdentityKey":"BYUsB4b1poYgDXxgA83VHC1YGZ3M3JJUEaSgdZi4QZoI"},"_chains":{"BQC4muV45GD52DXx63XeBWffkzSZfwCpkG5b5BuLmn4r":{"chainKey":{"counter":2,"key":"1XYIGED5gc7H0T/1Z9duILx9mK/6QtPsrROtJ/uafeg="},"chainType":1,"messageKeys":{}}},"pendingPreKey":{"signedKeyId":9,"baseKey":"BcULwuo6b0npvnHAg9ViXobdWvjtVkbV1FJfcNx0PQxO","preKeyId":13482666}}},"version":"v1"}