{"_sessions":{"BaeJGUBncqRtQW4tQ3+v6+P2oHCUuHolcFMjtr5lJTlB":{"registrationId":970717946,"currentRatchet":{"ephemeralKeyPair":{"pubKey":"BXi9jvDHH8ygU27qPWSAtjq2fkobUwc35hLmTJfFzRRj","privKey":"8PMvX887QyXBDGpOGaHXKxObpgqaj/GEdHiSXCeAtkg="},"lastRemoteEphemeralKey":"BewJt0bWFjbnu2dQCFoHqVffMlZpTVrI5YmK39hXmJxM","previousCounter":0,"rootKey":"Hu/u1RZlvOzGYPhSNXSwmMbMwoBlMo3Xcrp1kTXZlQo="},"indexInfo":{"baseKey":"BaeJGUBncqRtQW4tQ3+v6+P2oHCUuHolcFMjtr5lJTlB","baseKeyType":1,"closed":-1,"used":1696337704861,"created":1696337704861,"remoteIdentityKey":"Bcs6el8cA5GRD7wFyDHb8XP8MyzEH5HqZy2QJKOdhMR+"},"_chains":{"BXi9jvDHH8ygU27qPWSAtjq2fkobUwc35hLmTJfFzRRj":{"chainKey":{"counter":2,"key":"PfSq6xy87HGRY/5nhuYFIkUog/eDTSgi83zLQhhf1uY="},"chainType":1,"messageKeys":{}}},"pendingPreKey":{"signedKeyId":3,"baseKey":"BaeJGUBncqRtQW4tQ3+v6+P2oHCUuHolcFMjtr5lJTlB","preKeyId":1891690}}},"version":"v1"}