{"_sessions":{"BVclTR9n04qWK1fyt8ov1WwFJmYi/zh7wP3pxrCAf/Et":{"registrationId":1098584316,"currentRatchet":{"ephemeralKeyPair":{"pubKey":"BeqryAVALAU6fFxSZQ0Wyute+st/Tg5l3LX+rHoPzjk5","privKey":"ONc1ug0+xyOVjSI7U6L8TqntGH+3UJwcQQQt5jf5d1M="},"lastRemoteEphemeralKey":"BYwf7/YF4wGeRr1y2rxB5qWFwUAusRFCUzJWJLsAgIhd","previousCounter":0,"rootKey":"VlowM9HQaJhSRsGg/FZOQtN3O3qUR+lvN83+l0pSPgs="},"indexInfo":{"baseKey":"BVclTR9n04qWK1fyt8ov1WwFJmYi/zh7wP3pxrCAf/Et","baseKeyType":1,"closed":-1,"used":1696337704792,"created":1696337704792,"remoteIdentityKey":"BQIGQ9ivulttj38nZhoXpybwb9AusjZlPHzJDluMkMtI"},"_chains":{"BeqryAVALAU6fFxSZQ0Wyute+st/Tg5l3LX+rHoPzjk5":{"chainKey":{"counter":2,"key":"cqcJ7tZB0Mom8FLOcCcHjxRZ5Q7UnottzVxWIkTYZVY="},"chainType":1,"messageKeys":{}}},"pendingPreKey":{"signedKeyId":12,"baseKey":"BVclTR9n04qWK1fyt8ov1WwFJmYi/zh7wP3pxrCAf/Et","preKeyId":1340564}}},"version":"v1"}