{"_sessions":{"Bdv6A/HuqdoIFFxWAx+HiwY3RKu34p3/AkSoOGzJWSlO":{"registrationId":1396924783,"currentRatchet":{"ephemeralKeyPair":{"pubKey":"BajlK25GQ+NsPN6QBsXMxtINqZ4LKg1nRQV+Vr7f0oZk","privKey":"KNN07IKi/JH3R6ZgajGAFJgriZiRLiOcWnjYGWlKsGE="},"lastRemoteEphemeralKey":"BXV7N5nH/wztKeMqt+5eSclVLtESxfiZ6/WIPXcb+DFm","previousCounter":0,"rootKey":"4qo56HjahueCZCK4otNOjATx3pFHAhhiBDnNaP5HvZA="},"indexInfo":{"baseKey":"Bdv6A/HuqdoIFFxWAx+HiwY3RKu34p3/AkSoOGzJWSlO","baseKeyType":1,"closed":-1,"used":1696337704951,"created":1696337704951,"remoteIdentityKey":"BWh37fSaeyYKSo1PIWSiONZjNAJzNIoOT2DWJ14lQwZ1"},"_chains":{"BajlK25GQ+NsPN6QBsXMxtINqZ4LKg1nRQV+Vr7f0oZk":{"chainKey":{"counter":2,"key":"+jMiH2bfqRFwsB3BQ/wPVCA9VWTBAR4yBDeynXVWyT4="},"chainType":1,"messageKeys":{}}},"pendingPreKey":{"signedKeyId":9,"baseKey":"Bdv6A/HuqdoIFFxWAx+HiwY3RKu34p3/AkSoOGzJWSlO","preKeyId":2352089}}},"version":"v1"}