{"_sessions":{"Bb6luCG2FinXP00coVeWm9vFe+Rh5Iyz6xnH8G4OlnMZ":{"registrationId":538334760,"currentRatchet":{"ephemeralKeyPair":{"pubKey":"BbmbUI5Qu4MP2MSNiVWkQBzuMQiSIQ6I2BcGm94uAjBb","privKey":"8F7J3Vyf1Tto8T06kIbuqRiboOgnPiZF3QPI/Q9geU4="},"lastRemoteEphemeralKey":"Bc2hGRYc8wn8kHQPo8tPIMU/DT5IrEIoW3mSB7QpYqUn","previousCounter":0,"rootKey":"gJhdVFFgx6KWcxdT2FjwTEe1AK/S1btfwP9bmeC0thE="},"indexInfo":{"baseKey":"Bb6luCG2FinXP00coVeWm9vFe+Rh5Iyz6xnH8G4OlnMZ","baseKeyType":1,"closed":-1,"used":1696337704409,"created":1696337704409,"remoteIdentityKey":"BTfY6b2hbRk7vl7dM1GES16znjMEhspdG6fqoiVEVWlN"},"_chains":{"BbmbUI5Qu4MP2MSNiVWkQBzuMQiSIQ6I2BcGm94uAjBb":{"chainKey":{"counter":2,"key":"gyGrMk3w7ymt4A/ewyp56k5PyF6rgc45c0tA8LdWPMY="},"chainType":1,"messageKeys":{}}},"pendingPreKey":{"signedKeyId":1,"baseKey":"Bb6luCG2FinXP00coVeWm9vFe+Rh5Iyz6xnH8G4OlnMZ","preKeyId":11606247}}},"version":"v1"}