{"_sessions":{"BYmLeL8XxQgKAWGhdwShQ1MfJtFfg3c3QxJh1wHG5Adc":{"registrationId":124341702,"currentRatchet":{"ephemeralKeyPair":{"pubKey":"BRKv6tNp2WXN+bYY5SPcHz90tq5fU3tjx4ykzocs450U","privKey":"WLp87GoCk6NcFIUTTO1z79WWlnbh1aLIWOUpWf7+/mQ="},"lastRemoteEphemeralKey":"BaVv9IzluJjoxjtS90twu/IR4ubDHPfUO2pXIf6CDnkW","previousCounter":0,"rootKey":"V7SV8OpSfV90xzhUgSD0CvvaRevNd5Nx7GzHH/UGT/E="},"indexInfo":{"baseKey":"BYmLeL8XxQgKAWGhdwShQ1MfJtFfg3c3QxJh1wHG5Adc","baseKeyType":1,"closed":-1,"used":1696337706471,"created":1696337706471,"remoteIdentityKey":"BWX7hhRmeZOKSbClrLA5lgztjD8EcCVTbjTniCBB61Id"},"_chains":{"BRKv6tNp2WXN+bYY5SPcHz90tq5fU3tjx4ykzocs450U":{"chainKey":{"counter":2,"key":"q2q+F23uSRZLCirgiHN7HhyQfvAUHW8ZCKFNimwT6ug="},"chainType":1,"messageKeys":{}}},"pendingPreKey":{"signedKeyId":18,"baseKey":"BYmLeL8XxQgKAWGhdwShQ1MfJtFfg3c3QxJh1wHG5Adc","preKeyId":2675751}}},"version":"v1"}