{"_sessions":{"BUQ0HC3y0idCnod9iNh7KPzPG6GEoJNG3cqcNDt8mxMx":{"registrationId":773967174,"currentRatchet":{"ephemeralKeyPair":{"pubKey":"BfZmoSBt06yazBx2fUTEsyOawgjpBONUcnAJhDprhXF3","privKey":"oCAqLxceRh1GDv4t+QGUyM9ewgYNj9k06R5tzOvRs2Q="},"lastRemoteEphemeralKey":"BUF8bS0ujFAtk9ZWcHzvmHUd4Ya9JXGYMLBFwhLa0UZE","previousCounter":0,"rootKey":"c3S6u8oMdkFFTDyrcnpb6goiQ6RcFL+9INIfo63m9K8="},"indexInfo":{"baseKey":"BUQ0HC3y0idCnod9iNh7KPzPG6GEoJNG3cqcNDt8mxMx","baseKeyType":1,"closed":-1,"used":1696337704196,"created":1696337704196,"remoteIdentityKey":"Bcei0PWJulw/lWnD8WARFQ0822LVuJ/g/TX/Do30lHxD"},"_chains":{"BfZmoSBt06yazBx2fUTEsyOawgjpBONUcnAJhDprhXF3":{"chainKey":{"counter":2,"key":"NH3Ms6ZFbFTvSvSiInl3ik+2ISUIWCd3LC0CwM3EvGU="},"chainType":1,"messageKeys":{}}},"pendingPreKey":{"signedKeyId":17,"baseKey":"BUQ0HC3y0idCnod9iNh7KPzPG6GEoJNG3cqcNDt8mxMx","preKeyId":14718316}}},"version":"v1"}