{"_sessions":{"BRY4oA4q6Wd5g8V33xRWYnyjyHibtAm3vXefvlB6BURW":{"registrationId":1623132183,"currentRatchet":{"ephemeralKeyPair":{"pubKey":"BakmvU/gfT9MRHR9hoBuyBBTt53BLgSx542Hc4JDqgVp","privKey":"qPvCokzzAqnJlJMqXkpNYZAGR2P+9qm42uZJ//FHdlU="},"lastRemoteEphemeralKey":"Bd4IneE7NX2++oRg/Hvw2uORlxWahhQyNyTpf4vd29pv","previousCounter":0,"rootKey":"y2glCRgwIegwLzsM1Mt+ui6+UYix0zd/e6/CpT2DHXI="},"indexInfo":{"baseKey":"BRY4oA4q6Wd5g8V33xRWYnyjyHibtAm3vXefvlB6BURW","baseKeyType":1,"closed":-1,"used":1696337752944,"created":1696337752944,"remoteIdentityKey":"BczD5zyPFa+KxVISUnAUpZ8ck8qCosMgwhs+9C64dkII"},"_chains":{"BakmvU/gfT9MRHR9hoBuyBBTt53BLgSx542Hc4JDqgVp":{"chainKey":{"counter":0,"key":"Jejhl6IX89SLflV70xgK4xFK0Gi3RM3Sc+Nh9TQ71P8="},"chainType":1,"messageKeys":{}}},"pendingPreKey":{"signedKeyId":2,"baseKey":"BRY4oA4q6Wd5g8V33xRWYnyjyHibtAm3vXefvlB6BURW","preKeyId":4857108}}},"version":"v1"}