{"_sessions":{"BU+V+50C4XXehQ06wT9EBomzStIeBGJf5cfjhYwlWwhu":{"registrationId":574285299,"currentRatchet":{"ephemeralKeyPair":{"pubKey":"BTsMFIf2XSC1cz1SsxA0lANafSLgKrMybcTTRhiiiNkS","privKey":"KDEw1I5qut4hmTHoXwVXMes0wsHPMYo84v5tpFn1DVY="},"lastRemoteEphemeralKey":"BdIwBIZIYSrYO28Guq+wKazG8q3kLg2QzV/V6fLLoztH","previousCounter":0,"rootKey":"AMwBQmO2C8GPBcsYOLsJukCPeMjHGeZsS+gPZUdUOwc="},"indexInfo":{"baseKey":"BU+V+50C4XXehQ06wT9EBomzStIeBGJf5cfjhYwlWwhu","baseKeyType":1,"closed":-1,"used":1696337707121,"created":1696337707121,"remoteIdentityKey":"BT6SrDuR86U3ocaKm3MqKzYtmv0waEohP//TweBAx4UN"},"_chains":{"BTsMFIf2XSC1cz1SsxA0lANafSLgKrMybcTTRhiiiNkS":{"chainKey":{"counter":2,"key":"+PECHBdBW9Ht3QVX58COd3yLVo09XJg2JomHu25Sc6A="},"chainType":1,"messageKeys":{}}},"pendingPreKey":{"signedKeyId":5,"baseKey":"BU+V+50C4XXehQ06wT9EBomzStIeBGJf5cfjhYwlWwhu","preKeyId":5365114}}},"version":"v1"}