{"_sessions":{"BZh/bB7ND+YuNryatbw/VzuG36lVIN2TB37ebRZpK0J3":{"registrationId":1693372458,"currentRatchet":{"ephemeralKeyPair":{"pubKey":"BaPon/mWucsqYqJbdN6A373HbMIPVrmqoaKiQgX3oZtP","privKey":"KIRZWVJLIG4p4YVnSja6xllMOysJ4B3DkAQNmD9lzlA="},"lastRemoteEphemeralKey":"BXX/E4Gosw4Z6VjVnfZz5eQJsh4LiKmtpMHgUp2/gGp/","previousCounter":0,"rootKey":"QKkmSsnwllS1crSoxtjt6BxAVyun/G3/2fpVoUg/DqA="},"indexInfo":{"baseKey":"BZh/bB7ND+YuNryatbw/VzuG36lVIN2TB37ebRZpK0J3","baseKeyType":1,"closed":-1,"used":1696337731838,"created":1696337731838,"remoteIdentityKey":"BRfe7SJl2uvxBuNd50T6+rry6VUmnteaFU+YYkO3/fxS"},"_chains":{"BaPon/mWucsqYqJbdN6A373HbMIPVrmqoaKiQgX3oZtP":{"chainKey":{"counter":0,"key":"JBPPjLMqKYGajF5afe2xWQNv7Kvc7HuB1N/dIGR+oYA="},"chainType":1,"messageKeys":{}}},"pendingPreKey":{"signedKeyId":13,"baseKey":"BZh/bB7ND+YuNryatbw/VzuG36lVIN2TB37ebRZpK0J3","preKeyId":15585943}}},"version":"v1"}