{"_sessions":{"BZPZBc7meiAJ12VzcRWcXZtGcfV6aW2Q2w9qFyw8VmxZ":{"registrationId":855122634,"currentRatchet":{"ephemeralKeyPair":{"pubKey":"Bf2F4YXcq5AJbAjWlDV+e+1Qff2jILiVnv7aq/1s6l4h","privKey":"0I2v8OJzREZib6tekzgxswHPpY4cFQfRmkKmJmqIrG4="},"lastRemoteEphemeralKey":"BemLFqHxm0AcI5rZCr9yE8Imdt2BstCE2/T3o5+jHAwa","previousCounter":0,"rootKey":"M6911iTL0t46aE4SfKAR7Zqsr+Ri/BnziqZdOnoFGFs="},"indexInfo":{"baseKey":"BZPZBc7meiAJ12VzcRWcXZtGcfV6aW2Q2w9qFyw8VmxZ","baseKeyType":1,"closed":-1,"used":1696337752625,"created":1696337752625,"remoteIdentityKey":"Bb/LuyoYDl8Cytom7lHpDBDW42QeEikCzAQX1SS1zLc4"},"_chains":{"Bf2F4YXcq5AJbAjWlDV+e+1Qff2jILiVnv7aq/1s6l4h":{"chainKey":{"counter":0,"key":"vJ3KmoHceSChnvWDRhQGJJl3isJm5lRfk3+LIcegIQA="},"chainType":1,"messageKeys":{}}},"pendingPreKey":{"signedKeyId":4,"baseKey":"BZPZBc7meiAJ12VzcRWcXZtGcfV6aW2Q2w9qFyw8VmxZ","preKeyId":8905970}}},"version":"v1"}