{"_sessions":{"BfknRQ4QBrOQ5n4bR+NHpREhMQAa7r8qvGZ74vBRjioz":{"registrationId":313954435,"currentRatchet":{"ephemeralKeyPair":{"pubKey":"BeyxZJacasLaHwUOIDFoSUos89PYIHoXYRtjJh2aSMEW","privKey":"KDGnqN1TzBV9sPS//oso3kagQMsFUAYYSH/ZiPVjZUM="},"lastRemoteEphemeralKey":"BXq92jUWfxMrH2uxAWoJuehPqL46YOS4lyHTlk0hmh91","previousCounter":0,"rootKey":"PTdiDfgcbAwW97200LH+VMc+Sl/zJIjPVm30Mfhp3rU="},"indexInfo":{"baseKey":"BfknRQ4QBrOQ5n4bR+NHpREhMQAa7r8qvGZ74vBRjioz","baseKeyType":1,"closed":-1,"used":1696337752022,"created":1696337752022,"remoteIdentityKey":"BeKWcPrMnw4r10eY9cDOQk+Yzuz1hfjyTtGFonO37zgS"},"_chains":{"BeyxZJacasLaHwUOIDFoSUos89PYIHoXYRtjJh2aSMEW":{"chainKey":{"counter":0,"key":"YxDFKwJEyoVSJFLFBhVrsb3WfNDv3OPkbA80esTwVjY="},"chainType":1,"messageKeys":{}}},"pendingPreKey":{"signedKeyId":3,"baseKey":"BfknRQ4QBrOQ5n4bR+NHpREhMQAa7r8qvGZ74vBRjioz","preKeyId":2848535}}},"version":"v1"}