{"_sessions":{"BYpc4AZhi021EeBpA5o+1CavvhQjf1Zntop6DxAnI1hB":{"registrationId":2095552537,"currentRatchet":{"ephemeralKeyPair":{"pubKey":"BckEfoln1eEL33nhoz6OaAUKfkQykg15zOI45WYTEu0d","privKey":"SMMF1+2S5nlhb1ysigMkc5n/WVKDhjsNUUvxy/CGflQ="},"lastRemoteEphemeralKey":"Bb6YvLP/OS5A2p1HCQxNLUsr1d0mKHhv+ZOWWtuhE1lI","previousCounter":0,"rootKey":"wNNc/zZLL9H1moYpWlCPbzF28lM8NrXP7mEphcGGXo0="},"indexInfo":{"baseKey":"BYpc4AZhi021EeBpA5o+1CavvhQjf1Zntop6DxAnI1hB","baseKeyType":1,"closed":-1,"used":1696337752881,"created":1696337752881,"remoteIdentityKey":"BfjRn0XKKgMOG47gYY1nHKcnlwIfee+hPW28+5AbM/Ew"},"_chains":{"BckEfoln1eEL33nhoz6OaAUKfkQykg15zOI45WYTEu0d":{"chainKey":{"counter":0,"key":"TWB4flwliTaYG9kpupyBcbkh8BV3aWzyEYc8xuC6jk8="},"chainType":1,"messageKeys":{}}},"pendingPreKey":{"signedKeyId":3,"baseKey":"BYpc4AZhi021EeBpA5o+1CavvhQjf1Zntop6DxAnI1hB","preKeyId":11605600}}},"version":"v1"}