{"_sessions":{"BWgYmQObbGyeQCPqPQ79Cm8DKo27WmbFrI1LXED/BVxl":{"registrationId":284291528,"currentRatchet":{"ephemeralKeyPair":{"pubKey":"BVEMmtiqXLLkUmeQLCZP/vjAgWBy7EcLLrFhmrX0rSZa","privKey":"EInkpNeBKC1d2uscb9tzOQ2MLkCeNBZD1jlxh0RmClw="},"lastRemoteEphemeralKey":"BVxVfeN602AuVheY+xwalLPXOx6VZ1q6tt9hTJZ/ClhX","previousCounter":0,"rootKey":"V6yxCSAXK4zqTyQkaIImziv1m9XwhMAnvnXfwQRgLw0="},"indexInfo":{"baseKey":"BWgYmQObbGyeQCPqPQ79Cm8DKo27WmbFrI1LXED/BVxl","baseKeyType":1,"closed":-1,"used":1696337705784,"created":1696337705784,"remoteIdentityKey":"BRteO2y448Mh51xU/aIHJfeAWA4EkD9r5ETW55UFye5D"},"_chains":{"BVEMmtiqXLLkUmeQLCZP/vjAgWBy7EcLLrFhmrX0rSZa":{"chainKey":{"counter":2,"key":"k25VCLVs89CTgOXp4L1XNgp2y42nL0awtUar++yQiI8="},"chainType":1,"messageKeys":{}}},"pendingPreKey":{"signedKeyId":5,"baseKey":"BWgYmQObbGyeQCPqPQ79Cm8DKo27WmbFrI1LXED/BVxl","preKeyId":11346936}}},"version":"v1"}