{"_sessions":{"BaSi6+V73qnAm9SIPhk2ZY6WV4DGYqY5THpX8YHKJFpZ":{"registrationId":283526061,"currentRatchet":{"ephemeralKeyPair":{"pubKey":"BcElXRiIi31BQHME1lmJfMMNn0fLQnCa1eOsqolWGQE3","privKey":"KH0b/vcfaCTXO6I7/aS+ZZyrBmYJpzQTE8ZB83KrNGQ="},"lastRemoteEphemeralKey":"Bbi4CTVdsDAW/pijGGBIX2KF8w0qEbX9HcHUi0TjcBxV","previousCounter":0,"rootKey":"uuaSQN7Qihj2KEqGerS07vTqClmD4RXGwlGET/QDfmg="},"indexInfo":{"baseKey":"BaSi6+V73qnAm9SIPhk2ZY6WV4DGYqY5THpX8YHKJFpZ","baseKeyType":1,"closed":-1,"used":1696337752895,"created":1696337752895,"remoteIdentityKey":"BfoKP55ZISV5spXfVfCSvgLFRSGB26UGBUPYrNAihnIc"},"_chains":{"BcElXRiIi31BQHME1lmJfMMNn0fLQnCa1eOsqolWGQE3":{"chainKey":{"counter":0,"key":"HYLbN7E2sZX73wuBgJrwMLNGXnnRCg39YSkDPaAPzdA="},"chainType":1,"messageKeys":{}}},"pendingPreKey":{"signedKeyId":16,"baseKey":"BaSi6+V73qnAm9SIPhk2ZY6WV4DGYqY5THpX8YHKJFpZ","preKeyId":3912824}}},"version":"v1"}