{"_sessions":{"BTeNp7bxcKpp5wR+WpEhHFXnngGM7JBiBLp4oXNusalA":{"registrationId":570649248,"currentRatchet":{"ephemeralKeyPair":{"pubKey":"BaInMJjAPK5iwfOIxnMD08qdtpShsRnXqdqjtoW+ZnEM","privKey":"oFJw++GOJ27pPUBUPESiuCayobdxteyhDctm5r7ldFc="},"lastRemoteEphemeralKey":"BRe9se6RqemAKtoKke1z3Ig2g24PqqcvM2JOr/6rejE1","previousCounter":0,"rootKey":"MwDa8urhtPUoPNAkEav2LzfzEk/0cki/WN8nR1rpsqI="},"indexInfo":{"baseKey":"BTeNp7bxcKpp5wR+WpEhHFXnngGM7JBiBLp4oXNusalA","baseKeyType":1,"closed":-1,"used":1696337752922,"created":1696337752922,"remoteIdentityKey":"BSOtbBOrDWNhMF/k1UzsPx6G4rKGkjd66wBRrKwZ80hZ"},"_chains":{"BaInMJjAPK5iwfOIxnMD08qdtpShsRnXqdqjtoW+ZnEM":{"chainKey":{"counter":0,"key":"geJW1ewL7EVsj8B0MUx43XJUF4h6JrBGv0pLKlbPfpc="},"chainType":1,"messageKeys":{}}},"pendingPreKey":{"signedKeyId":5,"baseKey":"BTeNp7bxcKpp5wR+WpEhHFXnngGM7JBiBLp4oXNusalA","preKeyId":15548489}}},"version":"v1"}