{"_sessions":{"BWQTPPAbwgo/DPaGldXRIjvAv9N3JQEtlo1zfPIWEO4d":{"registrationId":1583011334,"currentRatchet":{"ephemeralKeyPair":{"pubKey":"BUKaKB0Yl3ehmHRwmqru2Jdv1GBLb28oaRe+/ZO/rvJH","privKey":"sJYNO8XpZmvjUR9iQ6L20wWSTz5WQimXWJXK3yEW1lQ="},"lastRemoteEphemeralKey":"BdZkmOfuxR2D85MukO22ODDubFmNXICM+MBYgj5TrrxT","previousCounter":0,"rootKey":"eaua7YnhnDolU/67YORSQRgVDx+nR+H5SpzqTChNYhw="},"indexInfo":{"baseKey":"BWQTPPAbwgo/DPaGldXRIjvAv9N3JQEtlo1zfPIWEO4d","baseKeyType":1,"closed":-1,"used":1696337704544,"created":1696337704544,"remoteIdentityKey":"BX7BHQI07CFHPXxuzyKmPhutATscp80Y2e4ZEw/7ugFT"},"_chains":{"BUKaKB0Yl3ehmHRwmqru2Jdv1GBLb28oaRe+/ZO/rvJH":{"chainKey":{"counter":2,"key":"Yh7eJZQz5NPB565CL+TfJ88ObAvKIU7ahtZJRrv5dOg="},"chainType":1,"messageKeys":{}}},"pendingPreKey":{"signedKeyId":4,"baseKey":"BWQTPPAbwgo/DPaGldXRIjvAv9N3JQEtlo1zfPIWEO4d","preKeyId":12638477}}},"version":"v1"}