{"_sessions":{"BYWgebTfhIdbOwhV70tk6Yh34tjczyVOgoKnWzRwaNMd":{"registrationId":1427468675,"currentRatchet":{"ephemeralKeyPair":{"pubKey":"BcSpC+Uir4MTv68q0kh6RIRcxAy3KZyZhxpQYngHmulC","privKey":"qOH0ne1njaYerkxzmLh6DEheoign6VTdW+z2LhxazVc="},"lastRemoteEphemeralKey":"BUyDv/XS2kg1dRNZY2OeGgN8/Lf/jYUyetFqzeGDRLND","previousCounter":0,"rootKey":"jQPms3bMG8YZwwdIbuTfOHOjA4vhMNEne+/aWoHlCUA="},"indexInfo":{"baseKey":"BYWgebTfhIdbOwhV70tk6Yh34tjczyVOgoKnWzRwaNMd","baseKeyType":1,"closed":-1,"used":1696337704486,"created":1696337704486,"remoteIdentityKey":"BarsY0+hmEBXDHXB41/1iw+hYRj8mghKGRWVARpI/pFz"},"_chains":{"BcSpC+Uir4MTv68q0kh6RIRcxAy3KZyZhxpQYngHmulC":{"chainKey":{"counter":2,"key":"yssphRa/JZE57yxLpWXj//JMy/CjVYh4Zxz9YI9yW6k="},"chainType":1,"messageKeys":{}}},"pendingPreKey":{"signedKeyId":9,"baseKey":"BYWgebTfhIdbOwhV70tk6Yh34tjczyVOgoKnWzRwaNMd","preKeyId":8714084}}},"version":"v1"}