{"_sessions":{"BVXDo5rp/TNhC8KsH5K1PoArV4ECSqdd0x6HpOZSO7R/":{"registrationId":1683281165,"currentRatchet":{"ephemeralKeyPair":{"pubKey":"BStGAt3tnxVCbHdAeHKqxcH+F10tTeCOYxn9BdqBwiVc","privKey":"sEbms9JVpYqioyn5izcAV68Bx++lVoVTiKniJR0p03Y="},"lastRemoteEphemeralKey":"BWgkcJNLVtiN1xszZFygUM/5u8AUvq0ycscmOxvAWTZS","previousCounter":0,"rootKey":"qevjm/M6+msAU+qFsivDjkG58dVwMwIxvWgDaalGApc="},"indexInfo":{"baseKey":"BVXDo5rp/TNhC8KsH5K1PoArV4ECSqdd0x6HpOZSO7R/","baseKeyType":1,"closed":-1,"used":1696337704158,"created":1696337704158,"remoteIdentityKey":"BUXu0dl+g4stT6NnF+TtcKsE2TWkovn+t1Jnzoqu9INO"},"_chains":{"BStGAt3tnxVCbHdAeHKqxcH+F10tTeCOYxn9BdqBwiVc":{"chainKey":{"counter":2,"key":"/w3L8MjPgK680q4iBCVqtbZpyiLE1PUsq15ybgu08+A="},"chainType":1,"messageKeys":{}}},"pendingPreKey":{"signedKeyId":0,"baseKey":"BVXDo5rp/TNhC8KsH5K1PoArV4ECSqdd0x6HpOZSO7R/"}}},"version":"v1"}