{"_sessions":{"BUiITF5yhVRS7I2yLw2qSwQboJ3TrykgAtuhiQItlhse":{"registrationId":29241328,"currentRatchet":{"ephemeralKeyPair":{"pubKey":"BTWehvuk1D9Er9JaOygzSV+lpG2xSxP0DO9uLIemDRZ+","privKey":"KH2bHuJsB3rnjGLB5bXWIH/qaTW+w8yVdMo86C1Ry1s="},"lastRemoteEphemeralKey":"BffQwo46pbGn4rIF4Ui8Q5oIIsVOMZvY96KBz3pCM+0K","previousCounter":0,"rootKey":"Q7PEBbXWVbMVpSCQAs1eQfci9DyWJ8L7cAfWiGEq9lA="},"indexInfo":{"baseKey":"BUiITF5yhVRS7I2yLw2qSwQboJ3TrykgAtuhiQItlhse","baseKeyType":1,"closed":-1,"used":1696337704663,"created":1696337704663,"remoteIdentityKey":"BVSMILVMnaUGLHQtBD7/qy6wJvF86shjOfXmD40htEQE"},"_chains":{"BTWehvuk1D9Er9JaOygzSV+lpG2xSxP0DO9uLIemDRZ+":{"chainKey":{"counter":2,"key":"gG4Gf6vqdxNYBM2kYUx3EzUhLMx7yfaLqeRVm3pwjmw="},"chainType":1,"messageKeys":{}}},"pendingPreKey":{"signedKeyId":13,"baseKey":"BUiITF5yhVRS7I2yLw2qSwQboJ3TrykgAtuhiQItlhse","preKeyId":6753098}}},"version":"v1"}