{"_sessions":{"BUv8fjxqakRsGe4N8d+gOLR6MhJMFQnEPvyASrS9jSxH":{"registrationId":111529409,"currentRatchet":{"ephemeralKeyPair":{"pubKey":"Bff/Pak37+dTed9UDuinTExdKKUozForymJ494pT9qkW","privKey":"OIZ3DqgV7BAWWxdbp7/G4fXbASBitide+Dd9kbFAl1w="},"lastRemoteEphemeralKey":"BbyMNsJjLCyY6xoeqPtlpC8yE8WUN6Pq5eGM76QimvVS","previousCounter":0,"rootKey":"N2lRdO+8icGWEtQvhrXxGpQP79RrlGSPP1lV6ErP/sI="},"indexInfo":{"baseKey":"BUv8fjxqakRsGe4N8d+gOLR6MhJMFQnEPvyASrS9jSxH","baseKeyType":1,"closed":-1,"used":1696337707136,"created":1696337707136,"remoteIdentityKey":"BVjiErkgYObmEb091n6WX+mmUyNSpCEr4REKNSMc3bQh"},"_chains":{"Bff/Pak37+dTed9UDuinTExdKKUozForymJ494pT9qkW":{"chainKey":{"counter":3,"key":"SRmxkYpKKraQOwEfhOdVw5znlqDQYrl8DYj4RochKRU="},"chainType":1,"messageKeys":{}}},"pendingPreKey":{"signedKeyId":2,"baseKey":"BUv8fjxqakRsGe4N8d+gOLR6MhJMFQnEPvyASrS9jSxH","preKeyId":558587}}},"version":"v1"}