{"_sessions":{"BeRfGNTtTRvlbtKjyAZu6fFR/C7aroPRFAoPyNR1it4+":{"registrationId":687872983,"currentRatchet":{"ephemeralKeyPair":{"pubKey":"BbHONnbRVQb7DDRJlaOScuBPhCFzCxyGiviyVp+jfVgT","privKey":"CKsjKT93ui+xNgV+B6V230AVIRcmvV9SICyGRZHtoGo="},"lastRemoteEphemeralKey":"Bd2b2/nv8iiQDLe1fbT0SgzP1q1UzdPSovMkygSzK9QL","previousCounter":0,"rootKey":"YM+XxFc19PvX0bax6kSA2GEhO3oXNC768RH2wHBR8Lk="},"indexInfo":{"baseKey":"BeRfGNTtTRvlbtKjyAZu6fFR/C7aroPRFAoPyNR1it4+","baseKeyType":1,"closed":-1,"used":1696337706204,"created":1696337706204,"remoteIdentityKey":"BaYaGctU5szQ0NzLbCEi2Fir7JQTR7vlaE8OZd7pGHJi"},"_chains":{"BbHONnbRVQb7DDRJlaOScuBPhCFzCxyGiviyVp+jfVgT":{"chainKey":{"counter":2,"key":"ltsqUzqlrG2TlkIwdq5XczttToc4lBTu1kMPu/6Ud1o="},"chainType":1,"messageKeys":{}}},"pendingPreKey":{"signedKeyId":9,"baseKey":"BeRfGNTtTRvlbtKjyAZu6fFR/C7aroPRFAoPyNR1it4+","preKeyId":756819}}},"version":"v1"}