{"_sessions":{"BW5nJ+S5NaDwqpTxuIhlzZr4jBU8hQh0XovyPg2dlqwh":{"registrationId":121566999,"currentRatchet":{"ephemeralKeyPair":{"pubKey":"BT/uKProDX5JgkEF0ikyl5Rcuhp/HMeViWF8t2h6qWRa","privKey":"UCEbVY8ITPobopw9q5Q33svT8dLkPyBL2Y6JNo1Gr0o="},"lastRemoteEphemeralKey":"BXkohFtYr2/hh3386TzMHaTpT3C6HOcAbiRHZQiIh2IY","previousCounter":0,"rootKey":"91FNI2TrmG1pjagI60uDGx/ZJuDpaerCkPvldg3zbs8="},"indexInfo":{"baseKey":"BW5nJ+S5NaDwqpTxuIhlzZr4jBU8hQh0XovyPg2dlqwh","baseKeyType":1,"closed":-1,"used":1696337705723,"created":1696337705723,"remoteIdentityKey":"BdQA/ld8AZk08WnXxozbyT8TJxZY7x46TJ5i+40IAGMh"},"_chains":{"BT/uKProDX5JgkEF0ikyl5Rcuhp/HMeViWF8t2h6qWRa":{"chainKey":{"counter":2,"key":"rIppxfSOhri0RaMVZliqJNvqS78Dir1TSmNPU4nj3iU="},"chainType":1,"messageKeys":{}}},"pendingPreKey":{"signedKeyId":2,"baseKey":"BW5nJ+S5NaDwqpTxuIhlzZr4jBU8hQh0XovyPg2dlqwh","preKeyId":7998107}}},"version":"v1"}