{"_sessions":{"BZeKFD8nK/5jzuX5SuuVzxY8kh0GV6dtHspGv1QYgqZb":{"registrationId":1015773084,"currentRatchet":{"ephemeralKeyPair":{"pubKey":"BYqx3qPT+eaodt+VqEUUHLBWfmCEMYzOLdtLkLziN5ER","privKey":"sPe2zQ0uuPDix2JvYOdQaZ5MR41eNkAJXJy5SKtEE3c="},"lastRemoteEphemeralKey":"BUHGXgHZLiPdYVec08Rqq12NISpuTS4h1Ca/ZRMZfMJG","previousCounter":0,"rootKey":"edvJI8IjsscfmKsPry5FZtehvOZdNv3XAkdsi4w8cOo="},"indexInfo":{"baseKey":"BZeKFD8nK/5jzuX5SuuVzxY8kh0GV6dtHspGv1QYgqZb","baseKeyType":1,"closed":-1,"used":1696337706429,"created":1696337706429,"remoteIdentityKey":"BSvcbePiEo/8dIsWLnWzBL+erJJMQuIb9nL+htWuPdI0"},"_chains":{"BYqx3qPT+eaodt+VqEUUHLBWfmCEMYzOLdtLkLziN5ER":{"chainKey":{"counter":2,"key":"cKBanV/hy3NnOWT4hsD+1O9KUECCAFU1vLXhOtLxc9M="},"chainType":1,"messageKeys":{}}},"pendingPreKey":{"signedKeyId":10,"baseKey":"BZeKFD8nK/5jzuX5SuuVzxY8kh0GV6dtHspGv1QYgqZb","preKeyId":6838724}}},"version":"v1"}