{"_sessions":{"Balb1KRUo0HrmN4goT7hxHcXQhoX179/yP+3bIoTsLhC":{"registrationId":1592567257,"currentRatchet":{"ephemeralKeyPair":{"pubKey":"BQ90wRGPIsi1GU6VZYE1vWMLAN08gwIHKrdWTCMth6Yr","privKey":"CM0fnByBo+agn2UQbWFHQdK+yr61XNj6t2IkWnwzd1I="},"lastRemoteEphemeralKey":"BZu04UM3sm0OwlPEDMNCqlKUy0++i9dh1U62kIGyUBYD","previousCounter":0,"rootKey":"X6Wje2h550Cpf3NU79t+bFGW1ZC4S5nATknh1q6TWyg="},"indexInfo":{"baseKey":"Balb1KRUo0HrmN4goT7hxHcXQhoX179/yP+3bIoTsLhC","baseKeyType":1,"closed":-1,"used":1696337719482,"created":1696337719482,"remoteIdentityKey":"BSKJWZZoCO1nysIKEiVfgXLL7W+d2jJ+DWZf55ox2YlW"},"_chains":{"BQ90wRGPIsi1GU6VZYE1vWMLAN08gwIHKrdWTCMth6Yr":{"chainKey":{"counter":0,"key":"+6VsgG34Zmoe0LnLg8nkyRQUx//J4f67/woA7eu3Nkk="},"chainType":1,"messageKeys":{}}},"pendingPreKey":{"signedKeyId":52,"baseKey":"Balb1KRUo0HrmN4goT7hxHcXQhoX179/yP+3bIoTsLhC","preKeyId":12704346}}},"version":"v1"}