{"_sessions":{"Berxo3Dhcd76gTKqg826nZj7Bol78kOrr2YR5JMezlkh":{"registrationId":1417,"currentRatchet":{"ephemeralKeyPair":{"pubKey":"BX75LWFL21b9ZwQoA1aeSVZDq6g5uwZWd7RTQ9O8bjoS","privKey":"oNi8/4Cx+6abb/8cu7KJaj/swbgesiRitrrCAMpxYEs="},"lastRemoteEphemeralKey":"Bfjuvu7XaiZzzpgq4argGf7ff2rDP6MN/T4agLPb4iI6","previousCounter":0,"rootKey":"n77/51kyTBxFbe0fDVIsRyMs0Px35EltmWFqq1/qz6g="},"indexInfo":{"baseKey":"Berxo3Dhcd76gTKqg826nZj7Bol78kOrr2YR5JMezlkh","baseKeyType":1,"closed":-1,"used":1696337703923,"created":1696337703923,"remoteIdentityKey":"BZEWAa9ziWqGjTUIeQnshyHhzWIITsynNkb1eMKlt01r"},"_chains":{"BX75LWFL21b9ZwQoA1aeSVZDq6g5uwZWd7RTQ9O8bjoS":{"chainKey":{"counter":2,"key":"T3UUYK0SIN8qGRmAvlgtMAjxaYvhJR6sWrTpKzXkSgE="},"chainType":1,"messageKeys":{}}},"pendingPreKey":{"signedKeyId":1,"baseKey":"Berxo3Dhcd76gTKqg826nZj7Bol78kOrr2YR5JMezlkh","preKeyId":703}}},"version":"v1"}