{"_sessions":{"BcWxLcsq/663qR950Pl77TVm1wstwbtvAG6gtqodlYhg":{"registrationId":874536649,"currentRatchet":{"ephemeralKeyPair":{"pubKey":"BVFdfQceq06ezg0FKcpQvqfIY7MWhTmrvopskGs0FBMj","privKey":"iDcBhd/ga4N6aZDx0spE13kiY+fWgouHZosvyyHaqWk="},"lastRemoteEphemeralKey":"BYzuL6jqZHWNRpEIov6PFFOGl+1tGFYY8F3OLVDnxa85","previousCounter":0,"rootKey":"/xSFLwLBfVN9bIcOlTcODKb4D+IrCYYjrR6jsk5nESw="},"indexInfo":{"baseKey":"BcWxLcsq/663qR950Pl77TVm1wstwbtvAG6gtqodlYhg","baseKeyType":1,"closed":-1,"used":1696337705137,"created":1696337705137,"remoteIdentityKey":"BSvsU258sy9sX5C9rzfHspuVGlSMJMbNl+po9bHfEmhe"},"_chains":{"BVFdfQceq06ezg0FKcpQvqfIY7MWhTmrvopskGs0FBMj":{"chainKey":{"counter":2,"key":"xafdn8S1y5RNWGFS0pnrd2KmCTMsTU1kP188Hf0MQbo="},"chainType":1,"messageKeys":{}}},"pendingPreKey":{"signedKeyId":5,"baseKey":"BcWxLcsq/663qR950Pl77TVm1wstwbtvAG6gtqodlYhg","preKeyId":12931468}}},"version":"v1"}