{"_sessions":{"BRrC+hYfPbyFrlGi7EijUtW8RVQsJ9H1HhYH+O/M6xgd":{"registrationId":950540526,"currentRatchet":{"ephemeralKeyPair":{"pubKey":"BQ3Vahn5asyUM8YjyOd8cj8vnSvRhPLmUqfKfnKDdxQO","privKey":"OCR3CcfRQFN5mbuVtbxuUvCjvaWKrWnA+0UAiiN7sUw="},"lastRemoteEphemeralKey":"BbYxRlvKLoaKp5kopZSh/vZQvz3jf/d/pXD8th2TtdwO","previousCounter":0,"rootKey":"pDc7Ab3ko8vrQPX/N/W7l5vttS/ZUv9RMWhfiekhyCI="},"indexInfo":{"baseKey":"BRrC+hYfPbyFrlGi7EijUtW8RVQsJ9H1HhYH+O/M6xgd","baseKeyType":1,"closed":-1,"used":1696337706609,"created":1696337706609,"remoteIdentityKey":"BfDyrEH7eb3ZC44MCGC3E+2I+t+t8GNoAwvERvWRpLpr"},"_chains":{"BQ3Vahn5asyUM8YjyOd8cj8vnSvRhPLmUqfKfnKDdxQO":{"chainKey":{"counter":2,"key":"PRamM4v5nRTFgr7TZ+hnifDpZ2iZezCb3Z/e7/kXEzA="},"chainType":1,"messageKeys":{}}},"pendingPreKey":{"signedKeyId":50,"baseKey":"BRrC+hYfPbyFrlGi7EijUtW8RVQsJ9H1HhYH+O/M6xgd","preKeyId":16410781}}},"version":"v1"}