{"_sessions":{"BQ6Zz84r47kG0YiGjnuYVjN29vO11kNG8dypZbeQm8lV":{"registrationId":3476,"currentRatchet":{"ephemeralKeyPair":{"pubKey":"BZAM58S3GIhhU6nLrcrzY2LOzCAnKmtmaInlAZRZk3YU","privKey":"wJ0P5WAniD1RzLmxWODriJsWMt9Ox6AaZKYW5kdOYHk="},"lastRemoteEphemeralKey":"BT3wP8JipImgBfTzRxxwwCLYdtY1w8FHQpNz1s+1fGEs","previousCounter":0,"rootKey":"P2a67NlMVEj7Uk7Pxd11yDVpGxD3beiuKrc1xI8ax9U="},"indexInfo":{"baseKey":"BQ6Zz84r47kG0YiGjnuYVjN29vO11kNG8dypZbeQm8lV","baseKeyType":1,"closed":-1,"used":1696337719216,"created":1696337719216,"remoteIdentityKey":"BWRQTjtPBSEvdZ5QAnRmBXzX4GprAlF0BniDJY58jL08"},"_chains":{"BZAM58S3GIhhU6nLrcrzY2LOzCAnKmtmaInlAZRZk3YU":{"chainKey":{"counter":0,"key":"WLVRd3We7JqeT+dxDmoyBFZsxzA7OkqglQEa6jV5W+A="},"chainType":1,"messageKeys":{}}},"pendingPreKey":{"signedKeyId":2,"baseKey":"BQ6Zz84r47kG0YiGjnuYVjN29vO11kNG8dypZbeQm8lV","preKeyId":3576}}},"version":"v1"}