{"_sessions":{"BZq/AA0NAD6AiFkExtuVQnZEcmkSpDzO6ohUT5fxZLEK":{"registrationId":6199,"currentRatchet":{"ephemeralKeyPair":{"pubKey":"BVPGlKp4JuUSmJcGbvopAGr7LjzycaSkC5r1McHOPEsY","privKey":"IF7xEifoOm2uC+MnvDB8squxM7kCnUmbJ2nwVy1pDE4="},"lastRemoteEphemeralKey":"BUV9EY70ahOSuXGmzmVPm/s00gEjeHuXpr1xpr3R1Tcs","previousCounter":0,"rootKey":"9Sm0nSX/RLbVzxsZIjr3cVD69549BnOZDeZ0sd/NneI="},"indexInfo":{"baseKey":"BZq/AA0NAD6AiFkExtuVQnZEcmkSpDzO6ohUT5fxZLEK","baseKeyType":1,"closed":-1,"used":1696337703632,"created":1696337703632,"remoteIdentityKey":"BUAZcjSNdjhAiIPSVY7/rnUEubvsFnqnLV0G9Rawm/wS"},"_chains":{"BVPGlKp4JuUSmJcGbvopAGr7LjzycaSkC5r1McHOPEsY":{"chainKey":{"counter":2,"key":"1/Pl+m6C+Z8pApVmlx4+AcXUiMnbjU0Ub7mGLNW7Scg="},"chainType":1,"messageKeys":{}}},"pendingPreKey":{"signedKeyId":1,"baseKey":"BZq/AA0NAD6AiFkExtuVQnZEcmkSpDzO6ohUT5fxZLEK","preKeyId":508}}},"version":"v1"}