{"_sessions":{"BbZ8B+weH7LOKiGy4bDMlLzFIOhGk+DDo6IXj6vjsGQe":{"registrationId":1447022148,"currentRatchet":{"ephemeralKeyPair":{"pubKey":"BXWbZQK6RTBGrrBzQJKa/65p95khizf11GoH7BK1zc1C","privKey":"8J/s3TtY3kct4tVnP4EBRn5Wqcmxg6v/CimfQaN8i0M="},"lastRemoteEphemeralKey":"BVKn2S4p8NVxmXL+rg5woXbyiSO9eCrkOLTspzyRJrY6","previousCounter":0,"rootKey":"5OTLLlgGxI/IK/eclDqFAEVbGB2EhV+FguPsvsZPj/U="},"indexInfo":{"baseKey":"BbZ8B+weH7LOKiGy4bDMlLzFIOhGk+DDo6IXj6vjsGQe","baseKeyType":1,"closed":-1,"used":1696337706231,"created":1696337706231,"remoteIdentityKey":"BUhZh0sTEqO0G9JueTGyEC9Ju48p6HeRw+XoabMGBoN2"},"_chains":{"BXWbZQK6RTBGrrBzQJKa/65p95khizf11GoH7BK1zc1C":{"chainKey":{"counter":2,"key":"Wqrd75u6Qt/aZ/WglS051MYERLLSnOAR5LpbBiil0qU="},"chainType":1,"messageKeys":{}}},"pendingPreKey":{"signedKeyId":2,"baseKey":"BbZ8B+weH7LOKiGy4bDMlLzFIOhGk+DDo6IXj6vjsGQe","preKeyId":2632701}}},"version":"v1"}