{"_sessions":{"BZ7xvRjckm1IrvmM1N7fROOLxCjbxMkeLSJqfE/SUJMM":{"registrationId":1931738882,"currentRatchet":{"ephemeralKeyPair":{"pubKey":"BZs0WS6xUYkE4fgMBRYEpnkIdc40VQMQLdRTYcrNiE8q","privKey":"2J8m93uVfWPH9yfFcgFXF/G+iBKvV9qYEAM8e4HUy3U="},"lastRemoteEphemeralKey":"BTB0jRfLVVUyA0wmT8PMm803UZFkmzGr5mhQxe7Cumk7","previousCounter":0,"rootKey":"Ds6MMqhax+pbsgra8hm12NBk4f0ZP8SQE7ACaNPHsgc="},"indexInfo":{"baseKey":"BZ7xvRjckm1IrvmM1N7fROOLxCjbxMkeLSJqfE/SUJMM","baseKeyType":1,"closed":-1,"used":1696337706132,"created":1696337706132,"remoteIdentityKey":"BakOtuFd7UVgbmV+JvJ6jebpLte8K9qB9MDSlmbvDIgl"},"_chains":{"BZs0WS6xUYkE4fgMBRYEpnkIdc40VQMQLdRTYcrNiE8q":{"chainKey":{"counter":2,"key":"4jp/54S9neEMFki9DLYYVpbX1kDds5r+zZxKhkfQxPs="},"chainType":1,"messageKeys":{}}},"pendingPreKey":{"signedKeyId":4,"baseKey":"BZ7xvRjckm1IrvmM1N7fROOLxCjbxMkeLSJqfE/SUJMM","preKeyId":13878788}}},"version":"v1"}