{"_sessions":{"BQA1zyvT4NUzlV0nEOZcv0gMZD56pCXm15VzSgzoMBcY":{"registrationId":1605057015,"currentRatchet":{"ephemeralKeyPair":{"pubKey":"BW4XaoquRrXfwJem+EgJeriva/jpS/ENOFRREeDOQHl4","privKey":"UEycDDQmGuuq4PzGUSRsH2cMGulqFJn0GgCaHHgexnY="},"lastRemoteEphemeralKey":"BRxJpXvRmzHdQr5KrhggIOspdTRi+SYZyRB60d5ZXu1T","previousCounter":0,"rootKey":"teBa3Au7ifoajlhKFWcTv2EUoSqZAXE0GfUQZdiPDgs="},"indexInfo":{"baseKey":"BQA1zyvT4NUzlV0nEOZcv0gMZD56pCXm15VzSgzoMBcY","baseKeyType":1,"closed":-1,"used":1696337706699,"created":1696337706699,"remoteIdentityKey":"BYMH5oEmwQLynWe0BcZE1Rdc4BNhB2BUgk/QoKu8wqcL"},"_chains":{"BW4XaoquRrXfwJem+EgJeriva/jpS/ENOFRREeDOQHl4":{"chainKey":{"counter":2,"key":"G/lIG/8XD5fP/r1BIhZodfM6bn4aiHKk0mmnpXzGnJU="},"chainType":1,"messageKeys":{}}},"pendingPreKey":{"signedKeyId":2,"baseKey":"BQA1zyvT4NUzlV0nEOZcv0gMZD56pCXm15VzSgzoMBcY","preKeyId":9690865}}},"version":"v1"}