{"_sessions":{"BcPMf8lbd/HFEqLkjgnkPpUQRIPbj0eBblBO0DxndBZH":{"registrationId":335497401,"currentRatchet":{"ephemeralKeyPair":{"pubKey":"BcW576zODNlsUnuJqDU+1bNEVtrR09GbIx6F6ZUqnqBy","privKey":"aPxBq3WUNTGOqgasPpwx8aJ6lltu+tv/VqRFigPRn14="},"lastRemoteEphemeralKey":"BcZ//pR18mq8sU1aBdpmCNWPYOyAgBGpQs1WVx9bJkp6","previousCounter":0,"rootKey":"9SpNHxwwZVHuAEzfq9w18PQq076WpcGkF7WiHDSnE/s="},"indexInfo":{"baseKey":"BcPMf8lbd/HFEqLkjgnkPpUQRIPbj0eBblBO0DxndBZH","baseKeyType":1,"closed":-1,"used":1696337707033,"created":1696337707033,"remoteIdentityKey":"BYy1q6Cwy5snZ9xBfNnUY1G7Dx0OW+YgQoKvQASyTqQM"},"_chains":{"BcW576zODNlsUnuJqDU+1bNEVtrR09GbIx6F6ZUqnqBy":{"chainKey":{"counter":2,"key":"awFNOM1+31WuK3dY9KkgMCu9QNIKQyqbN4Kg52DRQus="},"chainType":1,"messageKeys":{}}},"pendingPreKey":{"signedKeyId":5,"baseKey":"BcPMf8lbd/HFEqLkjgnkPpUQRIPbj0eBblBO0DxndBZH","preKeyId":5702638}}},"version":"v1"}