{"_sessions":{"Bfl7t9ahSiMHVcGZ4nNTWm57fQF33TgMx8tkHuFU5apj":{"registrationId":2053848384,"currentRatchet":{"ephemeralKeyPair":{"pubKey":"BQdLmm/e7VBtUrfM1t71OwTC0xpduacEuQFsH7SEpBZj","privKey":"yDO3LFIECG084L1G7lqVMi6yTkh9/6EKMMCQH72duFE="},"lastRemoteEphemeralKey":"BU2ylhBNCBpiE0OQRV9g2aAt9ePLaeY0gaM1GO+YuUZC","previousCounter":0,"rootKey":"Ww8rz5I0TrvGEC5r6yUZmexOI7NYb+6hLVIAyBepNrU="},"indexInfo":{"baseKey":"Bfl7t9ahSiMHVcGZ4nNTWm57fQF33TgMx8tkHuFU5apj","baseKeyType":1,"closed":-1,"used":1696337752726,"created":1696337752726,"remoteIdentityKey":"BV+0xudG+48iGjj8KmiqdakTWZDBeo73lKYA6ecR+ixD"},"_chains":{"BQdLmm/e7VBtUrfM1t71OwTC0xpduacEuQFsH7SEpBZj":{"chainKey":{"counter":0,"key":"AqlhpN9aD+stTyfNAgz8aNIfKBXANwHPyGMlUSaw8f0="},"chainType":1,"messageKeys":{}}},"pendingPreKey":{"signedKeyId":6,"baseKey":"Bfl7t9ahSiMHVcGZ4nNTWm57fQF33TgMx8tkHuFU5apj","preKeyId":12534451}}},"version":"v1"}