{"_sessions":{"BWaY3D0s+ZxpshzqI/HNg0NXW6nQ9UErbwZ7ys2ztpNK":{"registrationId":976493579,"currentRatchet":{"ephemeralKeyPair":{"pubKey":"BQF1Hhq4S63RyJB+nBWn9o7N+QdQ0qKc0E0/8XL5a8Up","privKey":"2ESPwdNCM1G7O8Urwa30RG3LhBUwX4Rd9uoGEWUjv3Y="},"lastRemoteEphemeralKey":"BS0b1rORWYooxhdvIMcU7vszDgGPaEhN8e7wbZvF1Vsh","previousCounter":0,"rootKey":"wBB9GxSPF90eN+kk3iK16GlpUwL1/W5cYUdeI1DKTuI="},"indexInfo":{"baseKey":"BWaY3D0s+ZxpshzqI/HNg0NXW6nQ9UErbwZ7ys2ztpNK","baseKeyType":1,"closed":-1,"used":1696337752191,"created":1696337752191,"remoteIdentityKey":"BXgpYr5Ed2R4ViwGVruMY4LxPghoEy5Iuem7lfNit59b"},"_chains":{"BQF1Hhq4S63RyJB+nBWn9o7N+QdQ0qKc0E0/8XL5a8Up":{"chainKey":{"counter":0,"key":"dhO9KaTLhENg4JmGlrN+yN9KSOkOY2rfuSvJTrBD2Bw="},"chainType":1,"messageKeys":{}}},"pendingPreKey":{"signedKeyId":16277188,"baseKey":"BWaY3D0s+ZxpshzqI/HNg0NXW6nQ9UErbwZ7ys2ztpNK","preKeyId":4452}}},"version":"v1"}