{"_sessions":{"BZKo90tuSBP3vHIxVN/IyqNKGYpUvMP/6y1m0dJ5uu0P":{"registrationId":2140752975,"currentRatchet":{"ephemeralKeyPair":{"pubKey":"BcF+YMx2fr/LMfCXA+WPI8409W9+ISdtbwEWuNC5jYpp","privKey":"YA0xPlvxFiZpj+laV2JBzDHtoH3FYe6+svxKn3q4NWs="},"lastRemoteEphemeralKey":"BbVU0miPMzARdEinG+dcxBl8waTFYNNRBSXD3NnpNddN","previousCounter":0,"rootKey":"3LdWlVFYKtRiOyaa14ShC0TE17jNHWaH7/76BDgBcUY="},"indexInfo":{"baseKey":"BZKo90tuSBP3vHIxVN/IyqNKGYpUvMP/6y1m0dJ5uu0P","baseKeyType":1,"closed":-1,"used":1696337752649,"created":1696337752649,"remoteIdentityKey":"Bfmur6SJQeI6sn7R42HyKgOs8mWwxNCvqxDQ5jlbdjF1"},"_chains":{"BcF+YMx2fr/LMfCXA+WPI8409W9+ISdtbwEWuNC5jYpp":{"chainKey":{"counter":0,"key":"4I58tH2kPIS1tpO9qfyXIdxf+Hx68bgpi/iE39+heNc="},"chainType":1,"messageKeys":{}}},"pendingPreKey":{"signedKeyId":0,"baseKey":"BZKo90tuSBP3vHIxVN/IyqNKGYpUvMP/6y1m0dJ5uu0P"}}},"version":"v1"}