{"_sessions":{"BSk3NKv9mcU92NvLKoMd96Wa7tPDxY89WgMwZNS84URS":{"registrationId":314276158,"currentRatchet":{"ephemeralKeyPair":{"pubKey":"BRFVoY4ULWfJpGvyba0NRTKgiyPRtc8dHZuFrEVP4wJN","privKey":"KAbOY+68wvNdzoXGNFyKNY2sSEQJ7eD0m8pOAIEgWkw="},"lastRemoteEphemeralKey":"BUB8Ne8p3Ix6DzoXMjVvPpRHH7AjWcIinErV/WOK0zJw","previousCounter":0,"rootKey":"7DVtlnqN5Op3TcM4QAN38sqt1nfYqSb6K/tthmhk7nU="},"indexInfo":{"baseKey":"BSk3NKv9mcU92NvLKoMd96Wa7tPDxY89WgMwZNS84URS","baseKeyType":1,"closed":-1,"used":1696337707145,"created":1696337707145,"remoteIdentityKey":"BUnGaBmnLRVFLq7aXiSBxvFsbhDEphIt5376ds1lw1xD"},"_chains":{"BRFVoY4ULWfJpGvyba0NRTKgiyPRtc8dHZuFrEVP4wJN":{"chainKey":{"counter":2,"key":"hP8PqEYJhwrVBEk6v0epbBcY873lWz8mK4mrTPK8nBA="},"chainType":1,"messageKeys":{}}},"pendingPreKey":{"signedKeyId":14420370,"baseKey":"BSk3NKv9mcU92NvLKoMd96Wa7tPDxY89WgMwZNS84URS","preKeyId":21724}}},"version":"v1"}