{"_sessions":{"Beg98i9HRx92DQ4kMK/U6AtDvO5PaQPP9Fkl1kIIERUW":{"registrationId":1014718914,"currentRatchet":{"ephemeralKeyPair":{"pubKey":"BbVzUYDI39WKzvpREQsiU0qWtc9+5whA1ADx6HeQeCpf","privKey":"6GbktiPNLheoxiGQPKWsaw+qmcZHNJIjKgGizN+3EV0="},"lastRemoteEphemeralKey":"BT0xEOjkj/xB/MXfd7aTKEENdJV0rxuwhnLX5YsTlBML","previousCounter":0,"rootKey":"Ves32gAn0TgEVzTJF9C13NSrPCt9u8GgHLrQL5bu74g="},"indexInfo":{"baseKey":"Beg98i9HRx92DQ4kMK/U6AtDvO5PaQPP9Fkl1kIIERUW","baseKeyType":1,"closed":-1,"used":1696337731795,"created":1696337731795,"remoteIdentityKey":"BR8D2jnFH1riYwzLcmIJl2qbjB2/YGpRQUryEnhxfrEo"},"_chains":{"BbVzUYDI39WKzvpREQsiU0qWtc9+5whA1ADx6HeQeCpf":{"chainKey":{"counter":0,"key":"czaFcffdZyJ6EbeiBQ8o0XZXCMfYxhWjC7jwVlBL7TI="},"chainType":1,"messageKeys":{}}},"pendingPreKey":{"signedKeyId":20,"baseKey":"Beg98i9HRx92DQ4kMK/U6AtDvO5PaQPP9Fkl1kIIERUW","preKeyId":5297168}}},"version":"v1"}