{"_sessions":{"BXkZ8GBbZRb03Nl2ga9RfG45M9QXXZqXXv4lXuYTu5tG":{"registrationId":748754876,"currentRatchet":{"ephemeralKeyPair":{"pubKey":"BSY4lhUI83c08z8m6G6mIatBOEVqTZo6Zh0TPTI/h+Iq","privKey":"ABKeW1XuFqz67LKAGpauePErN7qUquoz/UhSOilAgmE="},"lastRemoteEphemeralKey":"Ba0buXBUOvThKeKf173P3pFc/YkFRTKEaDVNNr8EyIZo","previousCounter":0,"rootKey":"228yAf1eh09u/xOVRSQQhRhkXafHX9b6A6gJj5ktmUA="},"indexInfo":{"baseKey":"BXkZ8GBbZRb03Nl2ga9RfG45M9QXXZqXXv4lXuYTu5tG","baseKeyType":1,"closed":-1,"used":1696337705311,"created":1696337705311,"remoteIdentityKey":"BYYdSsCGyJqAfKAJg/1ZX3RZ08REEEQPenEmKthkRj15"},"_chains":{"BSY4lhUI83c08z8m6G6mIatBOEVqTZo6Zh0TPTI/h+Iq":{"chainKey":{"counter":2,"key":"rCjE0UYLuMsc3wRhXPHLOgs092g2bpxay4dMqX6Clto="},"chainType":1,"messageKeys":{}}},"pendingPreKey":{"signedKeyId":1,"baseKey":"BXkZ8GBbZRb03Nl2ga9RfG45M9QXXZqXXv4lXuYTu5tG","preKeyId":2983594}}},"version":"v1"}