{"_sessions":{"BZwWNq5rgs48OPyzZKllidm5AbUrHJFY92Gn/B08IS0y":{"registrationId":112260485,"currentRatchet":{"ephemeralKeyPair":{"pubKey":"BRQEQw0FOszSxnVlK369+C9rny2dvQakyl9nnZsOEftv","privKey":"6CIMG3r2++vEQoWBaYMa+Uxx4KxC5GiiIOGwW1xPKHM="},"lastRemoteEphemeralKey":"BZ0dRJU/3VrhU/podXTXQflsp6Ck5ov2IWktF02TmvhS","previousCounter":0,"rootKey":"e3SO6VhaLEWHfZz1ozT4jazDeD+voXVD0KfLvU1cuWQ="},"indexInfo":{"baseKey":"BZwWNq5rgs48OPyzZKllidm5AbUrHJFY92Gn/B08IS0y","baseKeyType":1,"closed":-1,"used":1696337706435,"created":1696337706435,"remoteIdentityKey":"BZJ8pSP5TEctjRiP1HUDStzJU/k2wGipKqSVvawhaHYs"},"_chains":{"BRQEQw0FOszSxnVlK369+C9rny2dvQakyl9nnZsOEftv":{"chainKey":{"counter":2,"key":"YSxe6sV8iwr9q1pVde0EjMBdXfh/aaxdPoXISSBhFlg="},"chainType":1,"messageKeys":{}}},"pendingPreKey":{"signedKeyId":5,"baseKey":"BZwWNq5rgs48OPyzZKllidm5AbUrHJFY92Gn/B08IS0y","preKeyId":14871252}}},"version":"v1"}