{"_sessions":{"BVtnu7h0YcWVK64cYaRfFntDoSk8wt9s0aCsjeg98sJH":{"registrationId":1843600094,"currentRatchet":{"ephemeralKeyPair":{"pubKey":"BRgf8jMOOYz2siA3jaU6gbDSdtWAnTdWA/e4I5Z7PBs+","privKey":"YJV+pF1b2QiB0Z+uoMhpA326BWUJ3l9tsZO9suDxok8="},"lastRemoteEphemeralKey":"BQ2oTDxG+1S/Us4ArU++Ow7/4H2CmkPo6aqdUn+CRWRo","previousCounter":0,"rootKey":"OsW+r6QN5kLF91hwgJyQHf5C7X2QLg9v+gGqE1UjEg0="},"indexInfo":{"baseKey":"BVtnu7h0YcWVK64cYaRfFntDoSk8wt9s0aCsjeg98sJH","baseKeyType":1,"closed":-1,"used":1696337706214,"created":1696337706214,"remoteIdentityKey":"BaTkSLm9cHuHRzYq5LNqiJY7l73hC+6qGknBBkox7Zxr"},"_chains":{"BRgf8jMOOYz2siA3jaU6gbDSdtWAnTdWA/e4I5Z7PBs+":{"chainKey":{"counter":2,"key":"tMtzR5gKfT101Au2vpqIBeVIqUXkTTm6M4tpL0UzSUo="},"chainType":1,"messageKeys":{}}},"pendingPreKey":{"signedKeyId":44,"baseKey":"BVtnu7h0YcWVK64cYaRfFntDoSk8wt9s0aCsjeg98sJH","preKeyId":7322157}}},"version":"v1"}