{"_sessions":{"Bb7mS6Lqp2ky+QB9Pq34/Tn6L1CQaUurIkbKSnNEF1J6":{"registrationId":1922372324,"currentRatchet":{"ephemeralKeyPair":{"pubKey":"BRRiDZPzmHDt7SM50HfKOoa6tzFpdIvH7Qn0XZDTTsYZ","privKey":"0A+zBPH1xvQD7US31/UxtfdESwO6PJP9dBiuIZj3P1Y="},"lastRemoteEphemeralKey":"Bam7nSMQBIyY14HhLdKuIY6mvVx13dbNLU6kAP4c/hVx","previousCounter":0,"rootKey":"9XMZ7MT3/MxECH48paPNHF8gA3/OlRcyaADXYx+qBxU="},"indexInfo":{"baseKey":"Bb7mS6Lqp2ky+QB9Pq34/Tn6L1CQaUurIkbKSnNEF1J6","baseKeyType":1,"closed":-1,"used":1696337719765,"created":1696337719765,"remoteIdentityKey":"BZYchGLQsjcmDkTFoq+iCo3izwCbHc1Q6R/Y+XSq98Mm"},"_chains":{"BRRiDZPzmHDt7SM50HfKOoa6tzFpdIvH7Qn0XZDTTsYZ":{"chainKey":{"counter":0,"key":"/iEwfCwBavvpmz3oGqgPutN8bPGih3tVS7SD0lYWrfc="},"chainType":1,"messageKeys":{}}},"pendingPreKey":{"signedKeyId":3,"baseKey":"Bb7mS6Lqp2ky+QB9Pq34/Tn6L1CQaUurIkbKSnNEF1J6","preKeyId":11088001}}},"version":"v1"}