{"_sessions":{"Bf8EuzNCarV4EFYX/nWGwqE1OrwZ+a6y+/r6E4l3ieVP":{"registrationId":1468093689,"currentRatchet":{"ephemeralKeyPair":{"pubKey":"BTnfDA8R1AnaNVbBdakAh0y/sc+vvr6GOzPhpVz0IlYP","privKey":"YP1ZGuUGq6XWHf86FRfCBC+cI2yOqvS/2qsFa7enmkE="},"lastRemoteEphemeralKey":"BejGblc1Hjx0iZv36AJpTwZE3Ee+lJ7r0i9rFH0ITYNk","previousCounter":0,"rootKey":"8s7fe0FLLBLYJ3pNINIGcDr8On1Qj7ShkrjZXbsZq4Q="},"indexInfo":{"baseKey":"Bf8EuzNCarV4EFYX/nWGwqE1OrwZ+a6y+/r6E4l3ieVP","baseKeyType":1,"closed":-1,"used":1696337705746,"created":1696337705746,"remoteIdentityKey":"BcT3ykOfVFCUgytxjBlv0xvHh2AWDMjh5pmn36D2kVIe"},"_chains":{"BTnfDA8R1AnaNVbBdakAh0y/sc+vvr6GOzPhpVz0IlYP":{"chainKey":{"counter":2,"key":"wnutxIaDKEo366zeHlYKh6fkLhUClQerU5UaylHtjBA="},"chainType":1,"messageKeys":{}}},"pendingPreKey":{"signedKeyId":7,"baseKey":"Bf8EuzNCarV4EFYX/nWGwqE1OrwZ+a6y+/r6E4l3ieVP","preKeyId":1695779}}},"version":"v1"}