{"_sessions":{"BQkEwXiNBxub/9RrEtfQnUb3jP/spbyLRHqUcXSrv1Qv":{"registrationId":344540595,"currentRatchet":{"ephemeralKeyPair":{"pubKey":"BbHQHDokdSljBNd0HOlsrRJsblOciiMzMxIR/ny+Fv80","privKey":"WJFxmU8og6ybhFKQIiWLP0NEYvI4UaykxZuKJg+dbEw="},"lastRemoteEphemeralKey":"BWPqir95VlcXgTyxKvrDzvnpILOrzWp9zTJ+m7ruitBl","previousCounter":0,"rootKey":"KJh2SGdRVtAFSjN930L46Op0rPVh3LtRZI2ldj3V6rk="},"indexInfo":{"baseKey":"BQkEwXiNBxub/9RrEtfQnUb3jP/spbyLRHqUcXSrv1Qv","baseKeyType":1,"closed":-1,"used":1696337705574,"created":1696337705574,"remoteIdentityKey":"BW2lHPEgFiJMnwHd6JWzyl5rNPnFvdp029S8M9QNdh1q"},"_chains":{"BbHQHDokdSljBNd0HOlsrRJsblOciiMzMxIR/ny+Fv80":{"chainKey":{"counter":2,"key":"Pcer9yTL0Pn/WM3uLUbxR56de2s6GjiGW4xptAwjWYY="},"chainType":1,"messageKeys":{}}},"pendingPreKey":{"signedKeyId":1,"baseKey":"BQkEwXiNBxub/9RrEtfQnUb3jP/spbyLRHqUcXSrv1Qv"}}},"version":"v1"}