{"_sessions":{"BW7e8zq5PzpC7VBtcAeoi+dYmANXvGEFbBbcww5Tu28R":{"registrationId":1549104271,"currentRatchet":{"ephemeralKeyPair":{"pubKey":"Bd4d/b8GtAIkOcuZ5WJWriUPexKBA4bDxmOax8z6ioVt","privKey":"qNGLF778IRcFdOB4jZ9FJZGkixbPddKJqqVcPl6WXG4="},"lastRemoteEphemeralKey":"BbFvbJg7UU2hxikoAnaVPrsCD5ZBLpdP5xzaMrWipLcP","previousCounter":0,"rootKey":"AI5ruiX4bKq3pTSnUpXRZTPZRZt3fHWU6tjQ0vk23PQ="},"indexInfo":{"baseKey":"BW7e8zq5PzpC7VBtcAeoi+dYmANXvGEFbBbcww5Tu28R","baseKeyType":1,"closed":-1,"used":1696337752066,"created":1696337752066,"remoteIdentityKey":"BcX7ZkH0b5xkMy2VpxzDIqs4spz3pn0lF+FEu7ds3TtW"},"_chains":{"Bd4d/b8GtAIkOcuZ5WJWriUPexKBA4bDxmOax8z6ioVt":{"chainKey":{"counter":0,"key":"sVxQGkEy2YyUwCrJ82TTkLUEcHeY7QgckDkpwdpwLLg="},"chainType":1,"messageKeys":{}}},"pendingPreKey":{"signedKeyId":0,"baseKey":"BW7e8zq5PzpC7VBtcAeoi+dYmANXvGEFbBbcww5Tu28R","preKeyId":6761579}}},"version":"v1"}