{"_sessions":{"BX8IGMgJa5HG2Icv+XyCByIfUlNBcM228gMAMOSFC6NT":{"registrationId":536774893,"currentRatchet":{"ephemeralKeyPair":{"pubKey":"BXguCQyc3IE7puI/QnLViskGQMGzqUkIqLXQ26V5e6N3","privKey":"UJN+fXJLWxir9qVRIYCmGKXFW4TzvmVcKMEYAw4rDkE="},"lastRemoteEphemeralKey":"BQjZ1JVdJX/uxb05zdl7cR6FV5wWXdQG4FyPoFHlDd17","previousCounter":0,"rootKey":"UhJ8JIgt7UT39yPXZPoejajFQURfGXupQcr3OJkRly8="},"indexInfo":{"baseKey":"BX8IGMgJa5HG2Icv+XyCByIfUlNBcM228gMAMOSFC6NT","baseKeyType":1,"closed":-1,"used":1696337704191,"created":1696337704191,"remoteIdentityKey":"BfmKrXiY9siwoduCRrIDEXPWF7JfvJD9Hh1p9Q+u56Mc"},"_chains":{"BXguCQyc3IE7puI/QnLViskGQMGzqUkIqLXQ26V5e6N3":{"chainKey":{"counter":2,"key":"qcNaERmNgy0ev/7+zJYnyRE7VY4138mG5lBjvh6OlRg="},"chainType":1,"messageKeys":{}}},"pendingPreKey":{"signedKeyId":1,"baseKey":"BX8IGMgJa5HG2Icv+XyCByIfUlNBcM228gMAMOSFC6NT","preKeyId":4193781}}},"version":"v1"}