{"_sessions":{"BaPniIQDZ9qkS3M4TVPO74dQQQHCuv3nvX6ZrXkdKUUo":{"registrationId":843588774,"currentRatchet":{"ephemeralKeyPair":{"pubKey":"BZgD2DCMaEWzHIeQXUoQpvNUuTF2buwRaPgCj3qaSmlu","privKey":"gL3oUsaBrTFT/Il2+eThi7miB5xF/tehtnt4TbWH4m4="},"lastRemoteEphemeralKey":"BdZErrESpO187pZMKTnXXsLaRIx8iftIPreTBH2Op1l1","previousCounter":0,"rootKey":"sWNchXHWyCKMxxm2r6YjTNUsU07WEF9QyPv2E3eL240="},"indexInfo":{"baseKey":"BaPniIQDZ9qkS3M4TVPO74dQQQHCuv3nvX6ZrXkdKUUo","baseKeyType":1,"closed":-1,"used":1696337705770,"created":1696337705770,"remoteIdentityKey":"BVNg/TY3D2ku7OYHzxnnmLAYAiJl9nGEzJdcspnBcp4p"},"_chains":{"BZgD2DCMaEWzHIeQXUoQpvNUuTF2buwRaPgCj3qaSmlu":{"chainKey":{"counter":2,"key":"ojRLRdbE8r3vZxOd1dYL+hNSIt/QrfEwKawNehpz+S0="},"chainType":1,"messageKeys":{}}},"pendingPreKey":{"signedKeyId":1,"baseKey":"BaPniIQDZ9qkS3M4TVPO74dQQQHCuv3nvX6ZrXkdKUUo","preKeyId":916313}}},"version":"v1"}