{"_sessions":{"BfZ19sw3p05LEzND3izMD/eLIK0E9ikGEKllmLZGuZd+":{"registrationId":983875888,"currentRatchet":{"ephemeralKeyPair":{"pubKey":"BbxLPD7ffiiUnQtlNrQZhplU+Y4EOX+oXqfj/XCkDpUn","privKey":"GPsxvrYXql3khtLk606VECvPcm4BxhEG28tdMI85Nkg="},"lastRemoteEphemeralKey":"BarrPkISDIoG2nS73TUMDT7r5ochL+T4Q/xkqAX7OxtE","previousCounter":0,"rootKey":"GcMuaVz2uUExoQykLgBBJ6vmJM9qjFkkyLHNVaBx+Rk="},"indexInfo":{"baseKey":"BfZ19sw3p05LEzND3izMD/eLIK0E9ikGEKllmLZGuZd+","baseKeyType":1,"closed":-1,"used":1696337707100,"created":1696337707100,"remoteIdentityKey":"BeoOFQXNU+KpkrJyjcIq9kjrNkDueG5DL7Rlr6ieIjUr"},"_chains":{"BbxLPD7ffiiUnQtlNrQZhplU+Y4EOX+oXqfj/XCkDpUn":{"chainKey":{"counter":2,"key":"KKLJsRfOLmCD9iIqYe4POAXRffBVMyUmIUj4sctqQmM="},"chainType":1,"messageKeys":{}}},"pendingPreKey":{"signedKeyId":36,"baseKey":"BfZ19sw3p05LEzND3izMD/eLIK0E9ikGEKllmLZGuZd+"}}},"version":"v1"}