{"_sessions":{"BSvt2+YetP/dpbYxmNETdgCZYTu5buafy6+zdQ9XTOQ8":{"registrationId":770129095,"currentRatchet":{"ephemeralKeyPair":{"pubKey":"BYEZQui64qeZW6oEnhzSKD26hJxxrLDH4+WD8Oow13Y/","privKey":"4Gqo5sKOsJ+RznkCIhTR3pOAidMawFLpCzLcOOCBP0g="},"lastRemoteEphemeralKey":"Bd1oREudCctui8AAaRg8i9UL0mxQtUeNJamI/rVNa8cq","previousCounter":0,"rootKey":"D8X58RxuqfA5kvHZ8a71SqusPIbngijL902lNpJYaaY="},"indexInfo":{"baseKey":"BSvt2+YetP/dpbYxmNETdgCZYTu5buafy6+zdQ9XTOQ8","baseKeyType":1,"closed":-1,"used":1696337719774,"created":1696337719774,"remoteIdentityKey":"BaaDVIFsX2ns8X5wXY2F6u5ER/9NGb90Zqvv/oKdAFV8"},"_chains":{"BYEZQui64qeZW6oEnhzSKD26hJxxrLDH4+WD8Oow13Y/":{"chainKey":{"counter":1,"key":"o7IH1DyJ7aKnF9GXfwqs4/dp+BejJVGkr7lcOmoTBdc="},"chainType":1,"messageKeys":{}}},"pendingPreKey":{"signedKeyId":4,"baseKey":"BSvt2+YetP/dpbYxmNETdgCZYTu5buafy6+zdQ9XTOQ8","preKeyId":11553749}}},"version":"v1"}