{"_sessions":{"BZBHbw8KB3U/wyt7NRpOlgteh8x4qdBVy1COD/36jeEo":{"registrationId":7447,"currentRatchet":{"ephemeralKeyPair":{"pubKey":"BQzO6vXIr9hOyT8ZojELY2LZIeIv5V+2GiPUwJwfiWds","privKey":"4JunJ6bKG5B/gl3HNxHSZTekFAF/fPSKE8Yej2xV2E4="},"lastRemoteEphemeralKey":"Bf5UcVSXmpU4jrbh7loWrXT/TN77qeh9N4CZadFZnlpF","previousCounter":0,"rootKey":"ewGk1q3cbHkr8atTq2CKoc4+l2wWUjjrSegelCZ5i1Y="},"indexInfo":{"baseKey":"BZBHbw8KB3U/wyt7NRpOlgteh8x4qdBVy1COD/36jeEo","baseKeyType":1,"closed":-1,"used":1696337703953,"created":1696337703953,"remoteIdentityKey":"Bf2HbqXCgL/2TMmSy0ylEM1+Ox3a6pi2bsmblx6QQQse"},"_chains":{"BQzO6vXIr9hOyT8ZojELY2LZIeIv5V+2GiPUwJwfiWds":{"chainKey":{"counter":4,"key":"eXET5uFb2pETckrMnFsn1ZfCqx4omDJPpXUas90ez7k="},"chainType":1,"messageKeys":{}}},"pendingPreKey":{"signedKeyId":1,"baseKey":"BZBHbw8KB3U/wyt7NRpOlgteh8x4qdBVy1COD/36jeEo","preKeyId":1733}}},"version":"v1"}