{"_sessions":{"Ba8wL/yOqwwa2u6+YX6mBHNVrOC0/Z3gzlifBx/ufW4v":{"registrationId":777124521,"currentRatchet":{"ephemeralKeyPair":{"pubKey":"BSWx8GjunKK9/PuRiNiyqISxuZDb6iJ5n6KISk4MejM9","privKey":"WGzJpHejVe9fTJo0N+5eD8W6FsOrZ/hwTViLF/P7MWI="},"lastRemoteEphemeralKey":"BR3edTzGCuugALOBDLK+4+0BuadAjKJBmg5sQ2aJenkC","previousCounter":0,"rootKey":"7vbR+pt2QOCVvm16GIPx/srFtFb9gnQ18RJGfQzVEbE="},"indexInfo":{"baseKey":"Ba8wL/yOqwwa2u6+YX6mBHNVrOC0/Z3gzlifBx/ufW4v","baseKeyType":1,"closed":-1,"used":1696337706465,"created":1696337706465,"remoteIdentityKey":"BUS6GdeZnfJ0XOX0Bl9SzQjDkVkMspbYfQD7wKC5FxRo"},"_chains":{"BSWx8GjunKK9/PuRiNiyqISxuZDb6iJ5n6KISk4MejM9":{"chainKey":{"counter":2,"key":"TrxiZM8QAQpmzs9J9HG4foCZP1+Z9xODxGIL01nwbGw="},"chainType":1,"messageKeys":{}}},"pendingPreKey":{"signedKeyId":2,"baseKey":"Ba8wL/yOqwwa2u6+YX6mBHNVrOC0/Z3gzlifBx/ufW4v","preKeyId":5324252}}},"version":"v1"}