{"_sessions":{"BYvlV+uDInDhWKD6yNWl3ADGt/2gypIotSdw65zxA9kj":{"registrationId":1606509943,"currentRatchet":{"ephemeralKeyPair":{"pubKey":"BWkYCVvOlHGAe8wNYmtEuxXbBVLP27ULXaAlyo//7hRn","privKey":"SJ3if7XoV4oOUs51WDIKdlpXjpdhvHzHDocaj6LPeWc="},"lastRemoteEphemeralKey":"BaCO8Rs5dV3gv2MyReSdbLDg1M/CkzBtm1XEsLB0DPxf","previousCounter":0,"rootKey":"+z531Afcb6fPmidV0IVM75yv2IduAPTMs/FcuXC+RCY="},"indexInfo":{"baseKey":"BYvlV+uDInDhWKD6yNWl3ADGt/2gypIotSdw65zxA9kj","baseKeyType":1,"closed":-1,"used":1696337731496,"created":1696337731496,"remoteIdentityKey":"Ba0rT7KLCkLmuiqgo6MOzIIB7xyFD546pq/Tg9BpQi1a"},"_chains":{"BWkYCVvOlHGAe8wNYmtEuxXbBVLP27ULXaAlyo//7hRn":{"chainKey":{"counter":1,"key":"RoJ+SE+jtx5KqZbduC03XzhxqSpOwmZ3yLL27vxzhYE="},"chainType":1,"messageKeys":{}}},"pendingPreKey":{"signedKeyId":20,"baseKey":"BYvlV+uDInDhWKD6yNWl3ADGt/2gypIotSdw65zxA9kj","preKeyId":8322872}}},"version":"v1"}