{"_sessions":{"BS0c7BJdxBEUDTzfFA06f7PNBYfMAMHSeiuSNJs7jlY1":{"registrationId":258,"currentRatchet":{"ephemeralKeyPair":{"pubKey":"BduXi79tiB0skB0d9g9yls4Hoc13GFesxUHi33aG23B4","privKey":"mBOel2MMIZPy4l0CkqNxH8ioa6lOrYzsy3Wy9e4yZnM="},"lastRemoteEphemeralKey":"BZZDZNMoVk2k7uVOWr19eIwOSMYOUfcORKEH9Mf7hIAL","previousCounter":0,"rootKey":"vXGcG+jOKz6FqohFjFp0Mefj4S0n5CgcYvCmGlx8nfo="},"indexInfo":{"baseKey":"BS0c7BJdxBEUDTzfFA06f7PNBYfMAMHSeiuSNJs7jlY1","baseKeyType":1,"closed":-1,"used":1696337703887,"created":1696337703887,"remoteIdentityKey":"BbUFyOD774QaelCzW8JQiM2m69q+gMKau+mCStNGR+hF"},"_chains":{"BduXi79tiB0skB0d9g9yls4Hoc13GFesxUHi33aG23B4":{"chainKey":{"counter":2,"key":"Fw37XODNEyGMA2zEbd9mRfWgQznZ5zgpAkyomfYHtEM="},"chainType":1,"messageKeys":{}}},"pendingPreKey":{"signedKeyId":1,"baseKey":"BS0c7BJdxBEUDTzfFA06f7PNBYfMAMHSeiuSNJs7jlY1","preKeyId":973}}},"version":"v1"}