{"_sessions":{"Bc/yuMMiJlOV0xuDO4IaaJ8skIRBwfVtHpw6kfPcojdg":{"registrationId":609187837,"currentRatchet":{"ephemeralKeyPair":{"pubKey":"BQqC0vtN8RQsvb2y5jJziDQTDxRrJB0oA6YktIDn8EZY","privKey":"uCnplY0gqOItlQDrFl3QAWbmQAnMwhG1YVs0ufrCcFc="},"lastRemoteEphemeralKey":"Bae4WcslzvrdcGaVkjVCNtglSHV84YV07OTK7IczWnwS","previousCounter":0,"rootKey":"ccFpo3qPHzfY+8MbVz8BhgrBfBy3E0cQ3etM6l4g5dc="},"indexInfo":{"baseKey":"Bc/yuMMiJlOV0xuDO4IaaJ8skIRBwfVtHpw6kfPcojdg","baseKeyType":1,"closed":-1,"used":1696337719270,"created":1696337719270,"remoteIdentityKey":"BcUd2CFj8Gu4/HjIa7jwjrGwJUMHs+QiZouEdPQH6sFK"},"_chains":{"BQqC0vtN8RQsvb2y5jJziDQTDxRrJB0oA6YktIDn8EZY":{"chainKey":{"counter":0,"key":"40FLRnM8plaFGK6Dn2T6arhvgqNopbGZZpBCbPFF7qk="},"chainType":1,"messageKeys":{}}},"pendingPreKey":{"signedKeyId":1,"baseKey":"Bc/yuMMiJlOV0xuDO4IaaJ8skIRBwfVtHpw6kfPcojdg","preKeyId":9393970}}},"version":"v1"}