{"_sessions":{"BYSKJVwqHCvUbmekNd5j7jSigeQd5mskceuBxm8hj+Ef":{"registrationId":456582220,"currentRatchet":{"ephemeralKeyPair":{"pubKey":"BfBoBi9nHexkKQVD7diiQuB2mOWUHRRG7+Kbb6ej0TFP","privKey":"sKX0ABt1FeXtBSQM0U9Vyne8aPgcu3qykwVxURVnfWI="},"lastRemoteEphemeralKey":"BQuManlsCg69OWiH730Dl8nmVmqNeFaNwRkfUr2soyF4","previousCounter":0,"rootKey":"K69uRjJ41gzOMrYTQYQYt44G5Cx3YFM3Pv8NO6OzSXI="},"indexInfo":{"baseKey":"BYSKJVwqHCvUbmekNd5j7jSigeQd5mskceuBxm8hj+Ef","baseKeyType":1,"closed":-1,"used":1696337704889,"created":1696337704889,"remoteIdentityKey":"BY5Xoy7dldl/l+e3suqQE7q1udmYKuBFDB9+pr7JR5lZ"},"_chains":{"BfBoBi9nHexkKQVD7diiQuB2mOWUHRRG7+Kbb6ej0TFP":{"chainKey":{"counter":2,"key":"lohdg6ki3kJ5/2g6Eo1WsClrNGFdqwcyj+jm0MJ8o90="},"chainType":1,"messageKeys":{}}},"pendingPreKey":{"signedKeyId":1,"baseKey":"BYSKJVwqHCvUbmekNd5j7jSigeQd5mskceuBxm8hj+Ef","preKeyId":16401814}}},"version":"v1"}