{"_sessions":{"BWpuqP/EhgNkVR3owGU1gdGbl7vZuhsxGFr7awErXW5o":{"registrationId":980837261,"currentRatchet":{"ephemeralKeyPair":{"pubKey":"BSTr4nK/Gk1H5oS4H2msMgiTybhxSTahVY/9odSgR9N5","privKey":"+CwOY/iIf8B57qYJbKvPh3cBT52GFOJ8YGqGYh8EH3k="},"lastRemoteEphemeralKey":"BTnKhLfUJ1+kDS0oeKx6YJgIyUHuG1u8ZhdAs3uF74ts","previousCounter":0,"rootKey":"X5+Dl82wVsOK71zq4l9n00xJ8py8Rl6EwimAb8UUxvA="},"indexInfo":{"baseKey":"BWpuqP/EhgNkVR3owGU1gdGbl7vZuhsxGFr7awErXW5o","baseKeyType":1,"closed":-1,"used":1696337706227,"created":1696337706227,"remoteIdentityKey":"BSJBdU4qoV5ImT8apQC2B1H0udcmecYkbFfRRqHihwNG"},"_chains":{"BSTr4nK/Gk1H5oS4H2msMgiTybhxSTahVY/9odSgR9N5":{"chainKey":{"counter":2,"key":"VvLjEpuAB2rgYbjzmg2nQrNWTAYh6PRLTalLob2ak2g="},"chainType":1,"messageKeys":{}}},"pendingPreKey":{"signedKeyId":13,"baseKey":"BWpuqP/EhgNkVR3owGU1gdGbl7vZuhsxGFr7awErXW5o"}}},"version":"v1"}