{"_sessions":{"BQ2LzqjVlZTauc2pKEwirngnfCo+Nwm6RI/daXKAsu8z":{"registrationId":1053836994,"currentRatchet":{"ephemeralKeyPair":{"pubKey":"BTyBCv06rIfxW3LPl31gAlcK987g2OcFcPhR3KnZ7ycM","privKey":"mGZsI6sEoidIYpO8plY4KRyVcxAcz9lT4dY0zIWwG2g="},"lastRemoteEphemeralKey":"BSaoiJgLN9uQUrW7mKk3rsUge33M44WpVlED90C3f0Fh","previousCounter":0,"rootKey":"2XOXYxUmhFH/vBqyJhdnBUuwb2YN0PX+r5bJdw5vE1w="},"indexInfo":{"baseKey":"BQ2LzqjVlZTauc2pKEwirngnfCo+Nwm6RI/daXKAsu8z","baseKeyType":1,"closed":-1,"used":1696337707117,"created":1696337707117,"remoteIdentityKey":"BRc+F45thc/xi2aaR+zYN0w2rvXK28rVVT39tZ5u2U9l"},"_chains":{"BTyBCv06rIfxW3LPl31gAlcK987g2OcFcPhR3KnZ7ycM":{"chainKey":{"counter":2,"key":"d0cavshM2U1ydLPvuesPn+qWzZ4DKSiChERGrb9aVZ0="},"chainType":1,"messageKeys":{}}},"pendingPreKey":{"signedKeyId":2,"baseKey":"BQ2LzqjVlZTauc2pKEwirngnfCo+Nwm6RI/daXKAsu8z","preKeyId":4747347}}},"version":"v1"}