{"_sessions":{"BWcsKFpJYLcANUFJ+nDCXGiip0L5S5wx5p0VX5VYfOM6":{"registrationId":1826829913,"currentRatchet":{"ephemeralKeyPair":{"pubKey":"BdKWeC7v8Q5oB1buk9P8NQ09w1ElKMhj6nhFiHamdIEq","privKey":"CKteT3r37pClwtVFiO5ym/mYHdTCjj9siL8jzpXWJ2I="},"lastRemoteEphemeralKey":"BVwoK5bQKkHE+UJzDndtnJTrGFY+Ob/X2PJ1Q7VKzCFz","previousCounter":0,"rootKey":"sNZGl1hYIfShTEFpAv2yEU8v2nqLFAOZ8CCS63bFPGo="},"indexInfo":{"baseKey":"BWcsKFpJYLcANUFJ+nDCXGiip0L5S5wx5p0VX5VYfOM6","baseKeyType":1,"closed":-1,"used":1696337704620,"created":1696337704620,"remoteIdentityKey":"BTA8++3XMJ0sQvS8mz/zc/t7wCGYmnE8muollWB/qj5u"},"_chains":{"BdKWeC7v8Q5oB1buk9P8NQ09w1ElKMhj6nhFiHamdIEq":{"chainKey":{"counter":2,"key":"G401QGQu/16Jz8Fc6agFIv6GIXXaN8RdObTwYanqtTs="},"chainType":1,"messageKeys":{}}},"pendingPreKey":{"signedKeyId":11,"baseKey":"BWcsKFpJYLcANUFJ+nDCXGiip0L5S5wx5p0VX5VYfOM6","preKeyId":46550}}},"version":"v1"}