{"_sessions":{"BaOGjtdZYP/tOv3CjXXndGfjz/ip/uOXdPzt1Xy9c5Zr":{"registrationId":2014073855,"currentRatchet":{"ephemeralKeyPair":{"pubKey":"BUAzwqivkx3TxhNf7XfXHnOtkN9fkChRfLTHV7StaUVw","privKey":"YLrHxfnCj1RjjkOezEGykw8plvXmzHKL9rXRHX6B+UQ="},"lastRemoteEphemeralKey":"BYAMj/GgEt0vqFNjfA7myX1sJHbCWDTDcBytsmkUSoBC","previousCounter":0,"rootKey":"etstEN764AVtB6OYTMtbSv3v1KMO4bTu7VW1Yq01XoQ="},"indexInfo":{"baseKey":"BaOGjtdZYP/tOv3CjXXndGfjz/ip/uOXdPzt1Xy9c5Zr","baseKeyType":1,"closed":-1,"used":1696337705845,"created":1696337705845,"remoteIdentityKey":"BROYHBhclFK49cpkHOny9FC3eT+3FyFN5/c3PF/mTVNx"},"_chains":{"BUAzwqivkx3TxhNf7XfXHnOtkN9fkChRfLTHV7StaUVw":{"chainKey":{"counter":2,"key":"FSFzFpELvctwyY+Br9+hhvZyM9gAuma3+0u2grQTrmg="},"chainType":1,"messageKeys":{}}},"pendingPreKey":{"signedKeyId":2,"baseKey":"BaOGjtdZYP/tOv3CjXXndGfjz/ip/uOXdPzt1Xy9c5Zr","preKeyId":5978073}}},"version":"v1"}