{"_sessions":{"Be87hHisu7IhLj+4mkF2XuZAYR8dPRSP7KBa9D8P7WZP":{"registrationId":1211750362,"currentRatchet":{"ephemeralKeyPair":{"pubKey":"BfOjZU9WNBpy70e60avBaUkI/PF+R2SUBvcVKZn9Irxw","privKey":"oN+tK9Kbg3zzZYFd2ELZuhLfxl6wR7rsTTSVT1JCgFM="},"lastRemoteEphemeralKey":"BZb6vKwcokt8g4d3dzu9l+TzxWBCHYTkphBxj1VPK1g0","previousCounter":0,"rootKey":"sz0+HWyc6833iq4mLLIgAToQ0LyNwEA6lpKOGF392fE="},"indexInfo":{"baseKey":"Be87hHisu7IhLj+4mkF2XuZAYR8dPRSP7KBa9D8P7WZP","baseKeyType":1,"closed":-1,"used":1696337752786,"created":1696337752786,"remoteIdentityKey":"BVlsxyTkHhxcfaBMmA/zes/UiHxc9TiUBN4grPfRhaBm"},"_chains":{"BfOjZU9WNBpy70e60avBaUkI/PF+R2SUBvcVKZn9Irxw":{"chainKey":{"counter":0,"key":"Gdd49DIKNgSkN/0bMNwZh4H9bEUqkVhuNYvk0udoRm0="},"chainType":1,"messageKeys":{}}},"pendingPreKey":{"signedKeyId":1,"baseKey":"Be87hHisu7IhLj+4mkF2XuZAYR8dPRSP7KBa9D8P7WZP","preKeyId":2906477}}},"version":"v1"}