{"_sessions":{"BYgwyCXjHW1X2TMHMrKgqNya70PpXZ2VTue5+P9gYY4y":{"registrationId":1796633830,"currentRatchet":{"ephemeralKeyPair":{"pubKey":"BWbqeLcntNXph8Jejdb16N4CHOnatj6JPu8bz/ZYLloi","privKey":"QD6vRUvt9L5c0ApcoypXwDsPLMRYgAv5dL/pD8EZAnk="},"lastRemoteEphemeralKey":"BcXJt/jz7dMDeQ8D7P8gd1bkMy7VP6jRtwtDcXXYv50l","previousCounter":0,"rootKey":"4WvK9aD/cFoReIDlZV+0uEAPgNibgoNprzD9CAlSNto="},"indexInfo":{"baseKey":"BYgwyCXjHW1X2TMHMrKgqNya70PpXZ2VTue5+P9gYY4y","baseKeyType":1,"closed":-1,"used":1696337752845,"created":1696337752845,"remoteIdentityKey":"BTIIRlz/UcnrIi9Y/2v+WysghBdaflNg6IBDNugKHIsx"},"_chains":{"BWbqeLcntNXph8Jejdb16N4CHOnatj6JPu8bz/ZYLloi":{"chainKey":{"counter":0,"key":"ZFWUEA7LukKy39S6B+XP2Vp5mThFvmuV2VqUJAO5ifM="},"chainType":1,"messageKeys":{}}},"pendingPreKey":{"signedKeyId":6,"baseKey":"BYgwyCXjHW1X2TMHMrKgqNya70PpXZ2VTue5+P9gYY4y","preKeyId":5035195}}},"version":"v1"}