{"_sessions":{"Be3oWLNn1MZTQxRf2J+fiZpL+auFQ/doZfDlrhsBYa8+":{"registrationId":1611843831,"currentRatchet":{"ephemeralKeyPair":{"pubKey":"Bb+sAJP49fYjwp1ZwDKDOoF3fnYdvPjcpLymn4kgDChP","privKey":"6Krkcbx/+97WwuzKDEt5PgSA5hhn39wmb33b6zoZVmU="},"lastRemoteEphemeralKey":"BS6iLipphQN+lGoQlu6jtf0d8InZI6oglQ1WUVNuVPF5","previousCounter":0,"rootKey":"5sWcSvBy8FYTyB9SfKq+i5wlOwOAuqI6GUpfUKpV4Bs="},"indexInfo":{"baseKey":"Be3oWLNn1MZTQxRf2J+fiZpL+auFQ/doZfDlrhsBYa8+","baseKeyType":1,"closed":-1,"used":1696337752735,"created":1696337752735,"remoteIdentityKey":"BeCTbdBmjHbT4MdX0y4EU8qlDuEU7JI90rNSxi/eNBgY"},"_chains":{"Bb+sAJP49fYjwp1ZwDKDOoF3fnYdvPjcpLymn4kgDChP":{"chainKey":{"counter":0,"key":"WlPrhG13eOKcq0vLfO4+fSU+7rolsTdAM5EjRaXHnvc="},"chainType":1,"messageKeys":{}}},"pendingPreKey":{"signedKeyId":5,"baseKey":"Be3oWLNn1MZTQxRf2J+fiZpL+auFQ/doZfDlrhsBYa8+","preKeyId":15699133}}},"version":"v1"}