{"_sessions":{"BUfeDMDgqeSspHHm/vxxKRLAZNkMoJ3/qHPvyQ0VdD0Z":{"registrationId":1458837835,"currentRatchet":{"ephemeralKeyPair":{"pubKey":"BYLcf/AHZnKMlkqaSODeeQBtM2dfeyOgpOe8h2aDDEMn","privKey":"cPAxNjoYICY9hkQSRPXJ8v6YANSE0UJth5e8FjeK63E="},"lastRemoteEphemeralKey":"BVYgXKa4Q4zF7kxAk3DSccvQnn8Jg64JYKgh3RX62HsW","previousCounter":0,"rootKey":"86umKy1HzWg8BRvDqvLIFs9BPlwED5eQVpBWImVqX6k="},"indexInfo":{"baseKey":"BUfeDMDgqeSspHHm/vxxKRLAZNkMoJ3/qHPvyQ0VdD0Z","baseKeyType":1,"closed":-1,"used":1696337706451,"created":1696337706451,"remoteIdentityKey":"BYgQC7fZmYOzLuf23PWsrCJ7oXVY8aocYB1nqy935q4Y"},"_chains":{"BYLcf/AHZnKMlkqaSODeeQBtM2dfeyOgpOe8h2aDDEMn":{"chainKey":{"counter":2,"key":"6eAgtF85YD+9j0IS490rcylGrrE6UVLCNsxbeDiAQ/s="},"chainType":1,"messageKeys":{}}},"pendingPreKey":{"signedKeyId":16,"baseKey":"BUfeDMDgqeSspHHm/vxxKRLAZNkMoJ3/qHPvyQ0VdD0Z"}}},"version":"v1"}