{"_sessions":{"BQVkZ1GuprAGf8CHgrNjID7e4TTkEie3yaZfPejG9js9":{"registrationId":444053762,"currentRatchet":{"ephemeralKeyPair":{"pubKey":"BYdEQGEnC9MKWWRWv82N7L8q+ZULBrlYxHf1Uy/6/1kb","privKey":"MHUQK+RBNMKHXJ2Ggyw4ajzFDJMAkqQZpe4BB25gzHw="},"lastRemoteEphemeralKey":"BdLExIRa1/b7Ed8XuCMUYOWPM+lHsqQvDYJ8iXECutNK","previousCounter":0,"rootKey":"xbEfa6SMOAixH6MuWHlvYi32WPEFLSP7j4+ym4uRQYE="},"indexInfo":{"baseKey":"BQVkZ1GuprAGf8CHgrNjID7e4TTkEie3yaZfPejG9js9","baseKeyType":1,"closed":-1,"used":1696337705583,"created":1696337705583,"remoteIdentityKey":"BVlJohN2F8wS9KwMpnQeSk/pYwiN/3TebnSY9B2UfH8L"},"_chains":{"BYdEQGEnC9MKWWRWv82N7L8q+ZULBrlYxHf1Uy/6/1kb":{"chainKey":{"counter":2,"key":"VkrXqc2jlpnDGnWK3cXqtrJfcgP20JbXye1FiUwqcQE="},"chainType":1,"messageKeys":{}}},"pendingPreKey":{"signedKeyId":4,"baseKey":"BQVkZ1GuprAGf8CHgrNjID7e4TTkEie3yaZfPejG9js9","preKeyId":3063843}}},"version":"v1"}