{"_sessions":{"BVh/aKnTcFCTBzSic0SYzm4zRcKAV3Xv44EONm7CgP4T":{"registrationId":1809944609,"currentRatchet":{"ephemeralKeyPair":{"pubKey":"BUjSjm/VmBNYtzkti+d8nB9gwpAYOOaVwGbmUscqC3wY","privKey":"WNVCfUDJ1OBmJkeyDAx+3q1S1sxxg+DGEN+MNmfvZFg="},"lastRemoteEphemeralKey":"BfVb5a1l6PJPeAOH/ZXgHk45/lr8VCrG19+bLmZ/cM9H","previousCounter":0,"rootKey":"RxaeCzNLholZDxie3myZ9y2wP+M9rMpRoWLnhGXV2ws="},"indexInfo":{"baseKey":"BVh/aKnTcFCTBzSic0SYzm4zRcKAV3Xv44EONm7CgP4T","baseKeyType":1,"closed":-1,"used":1696337705736,"created":1696337705736,"remoteIdentityKey":"BW+Fw7aW43nBpPawHKnVntEkx1b4cIPQWU+jCZFihkAa"},"_chains":{"BUjSjm/VmBNYtzkti+d8nB9gwpAYOOaVwGbmUscqC3wY":{"chainKey":{"counter":2,"key":"Euaw0N2/vdNKWAoDci/hyIKgPX2fQzeqm9qn3gCjn/o="},"chainType":1,"messageKeys":{}}},"pendingPreKey":{"signedKeyId":0,"baseKey":"BVh/aKnTcFCTBzSic0SYzm4zRcKAV3Xv44EONm7CgP4T","preKeyId":13039381}}},"version":"v1"}