{"_sessions":{"BTlWTuaDrOkR1iLWu0fj3to2seoYzKx4xynwhjisp3t3":{"registrationId":1109618638,"currentRatchet":{"ephemeralKeyPair":{"pubKey":"BWZgr+YT/yjkKWvNHTlZZ21LVBVcd6NEVGo9OXIvuu1o","privKey":"EMN4JCmBnwL78WE9dHHIh+/Eii0lavZl6xhOCU3iKnY="},"lastRemoteEphemeralKey":"BffqWmexhItstjgbIZWQkFezaGfwghWTPEBFCEtNFv1e","previousCounter":0,"rootKey":"rkVHrd1Y8JZWL/ywWQXXQckWvK4vKZ7TL7t5ZWmBtOQ="},"indexInfo":{"baseKey":"BTlWTuaDrOkR1iLWu0fj3to2seoYzKx4xynwhjisp3t3","baseKeyType":1,"closed":-1,"used":1696337704253,"created":1696337704253,"remoteIdentityKey":"BdhHsj2CVwwQUYC4NIEs54ix4o2FEJI64+4hpWDTunMw"},"_chains":{"BWZgr+YT/yjkKWvNHTlZZ21LVBVcd6NEVGo9OXIvuu1o":{"chainKey":{"counter":3,"key":"lkcOX67H1Cia+NZLS93Za5UTupzaMeribYA09W8zf3M="},"chainType":1,"messageKeys":{}}},"pendingPreKey":{"signedKeyId":2,"baseKey":"BTlWTuaDrOkR1iLWu0fj3to2seoYzKx4xynwhjisp3t3"}}},"version":"v1"}