{"_sessions":{"BasOSsDsuq2t6LeSzyJqfhvPyukDbttZ22LBW1VXIFM2":{"registrationId":1274033173,"currentRatchet":{"ephemeralKeyPair":{"pubKey":"BZ+WTp2TX0ohLOJvUvhw3MJ4jIenLv7k2WE5ZR5jt7AD","privKey":"MN4CYBDMgrnaqolRz62sL4Jaua9vpSAs8VxV32S4AEI="},"lastRemoteEphemeralKey":"BQREh/Fg+wGOsvs3t/yo/Fj/RJ0TXuqf8MtBjgFn4e0f","previousCounter":0,"rootKey":"u4bUR380WHh2jP87vHCUBmyocUCHawo8YHPqhrRVTUw="},"indexInfo":{"baseKey":"BasOSsDsuq2t6LeSzyJqfhvPyukDbttZ22LBW1VXIFM2","baseKeyType":1,"closed":-1,"used":1696337752757,"created":1696337752757,"remoteIdentityKey":"Bafd2PB4aaXWsg9Gc/9Tvsxfdzp6Bcb6UOwAYXRp+KM9"},"_chains":{"BZ+WTp2TX0ohLOJvUvhw3MJ4jIenLv7k2WE5ZR5jt7AD":{"chainKey":{"counter":0,"key":"yV7a2cBDg5NC20gfLDw/pBlCIR5p7ZEKVBqZSRTMqD4="},"chainType":1,"messageKeys":{}}},"pendingPreKey":{"signedKeyId":8,"baseKey":"BasOSsDsuq2t6LeSzyJqfhvPyukDbttZ22LBW1VXIFM2","preKeyId":4548513}}},"version":"v1"}