{"_sessions":{"BUExgeUZGUS3IOG6C3CAVnUiAXw3QIs33EOH7P5ipgR/":{"registrationId":1534841671,"currentRatchet":{"ephemeralKeyPair":{"pubKey":"Bbqz2K1LQsYCWH1lPjwpcU1Hy4gxfrORD/gmEINdwY8h","privKey":"mOaOL7dVkYvl93EwBqZPCCAqfFiiQvBwB2u9UcQ30kA="},"lastRemoteEphemeralKey":"Bc6gt42uZW1KxdCufKiJMnv+/ixUvquy2RDNY2p/k4gl","previousCounter":0,"rootKey":"zjRXPklsUZdv+yHKSlrekudZCiPxqOz0shjLVPCwqRs="},"indexInfo":{"baseKey":"BUExgeUZGUS3IOG6C3CAVnUiAXw3QIs33EOH7P5ipgR/","baseKeyType":1,"closed":-1,"used":1696337752071,"created":1696337752071,"remoteIdentityKey":"BdNxIBUX2Ni0zcmlKVgd/82RWB5BAFiN1V/adA3+4+tx"},"_chains":{"Bbqz2K1LQsYCWH1lPjwpcU1Hy4gxfrORD/gmEINdwY8h":{"chainKey":{"counter":0,"key":"4oiGpi8B9d6nKM48oJBGtEl+MixQFBeCVB78LJnCKz4="},"chainType":1,"messageKeys":{}}},"pendingPreKey":{"signedKeyId":3,"baseKey":"BUExgeUZGUS3IOG6C3CAVnUiAXw3QIs33EOH7P5ipgR/","preKeyId":7502627}}},"version":"v1"}