{"_sessions":{"BUr1FtCZ3tpUv3Y9v7Dq58f0jqYmmvp3czfAajeI5G0z":{"registrationId":379359395,"currentRatchet":{"ephemeralKeyPair":{"pubKey":"BSBxSMA1pOpwpqPaGagWzDFmxKGF2K7NxqsfjN/zjNNG","privKey":"iN4oL574ki0kwVGVeWAKQCR+OUie2cTxqlp5LZkVTlQ="},"lastRemoteEphemeralKey":"BSVzDtpb0ZTSB0VhMPEfHr5PZ6grx6glL2gFOrxgzWRN","previousCounter":0,"rootKey":"hdNpWgCVb4hW6Iclwy9F8g79iyqMoKyURgi07lRHFQw="},"indexInfo":{"baseKey":"BUr1FtCZ3tpUv3Y9v7Dq58f0jqYmmvp3czfAajeI5G0z","baseKeyType":1,"closed":-1,"used":1696337751970,"created":1696337751970,"remoteIdentityKey":"BSdEx+R7goW+SHDBimGlsCyrp8WBV1rglTm6UOUI8Epo"},"_chains":{"BSBxSMA1pOpwpqPaGagWzDFmxKGF2K7NxqsfjN/zjNNG":{"chainKey":{"counter":0,"key":"jH/86YkP3RbplYMNPWUgOHVwZjNmE9CWV4jCuxNDIh4="},"chainType":1,"messageKeys":{}}},"pendingPreKey":{"signedKeyId":2,"baseKey":"BUr1FtCZ3tpUv3Y9v7Dq58f0jqYmmvp3czfAajeI5G0z","preKeyId":5575949}}},"version":"v1"}