{"_sessions":{"BVWY5QwfdwqJ2E1Mh5waswb5RiU3OEQSSMQLdwk/wpln":{"registrationId":1364669870,"currentRatchet":{"ephemeralKeyPair":{"pubKey":"Bar1W4MTYvbY6Unq9dskIsE8gblYcGc0ud/0YXpRKik8","privKey":"IKvP6IG+tyK97RFvdl9cy44xho/qREiQMU6tqsBvQ0k="},"lastRemoteEphemeralKey":"BbrlkKQ6yZmoDJ4jcWHTLlUxY91H7/ELO37tpqvlmhkJ","previousCounter":0,"rootKey":"yuXFH30SgCz4D1grqBlayv/lfQXbFkvhfIsDIoHaMpg="},"indexInfo":{"baseKey":"BVWY5QwfdwqJ2E1Mh5waswb5RiU3OEQSSMQLdwk/wpln","baseKeyType":1,"closed":-1,"used":1696337704638,"created":1696337704638,"remoteIdentityKey":"BabdvsmlVcYP5xVlebprcC1OSeUPlLLMLAOgzsFeyu1Y"},"_chains":{"Bar1W4MTYvbY6Unq9dskIsE8gblYcGc0ud/0YXpRKik8":{"chainKey":{"counter":2,"key":"qQUNtME4yl6RI322Vsekz5GJ+Qbkc93JMTdMUR0WxF0="},"chainType":1,"messageKeys":{}}},"pendingPreKey":{"signedKeyId":25,"baseKey":"BVWY5QwfdwqJ2E1Mh5waswb5RiU3OEQSSMQLdwk/wpln","preKeyId":9630755}}},"version":"v1"}