{"_sessions":{"BdALhEfjLUUQGyi3dKkzFt3JJjzvIvC9lmHrPvOFCG0U":{"registrationId":1429730555,"currentRatchet":{"ephemeralKeyPair":{"pubKey":"BXlc4OSQwkS/PPydmgFA4fEzhrNmpMWNfNIdOaty1SYY","privKey":"UCw/BOt8v/cLjeSfkXvuFJPcBDLUa9nIhTjA6MQklmM="},"lastRemoteEphemeralKey":"BQWbMO2hlzuen8egAZHhsH1vDjJBN2w+Z+eKnj3H80cI","previousCounter":0,"rootKey":"ALaYrWOKeRDZEsyk2O2Jjd1KNXal6knhDmMY+TTJU4E="},"indexInfo":{"baseKey":"BdALhEfjLUUQGyi3dKkzFt3JJjzvIvC9lmHrPvOFCG0U","baseKeyType":1,"closed":-1,"used":1696337706262,"created":1696337706262,"remoteIdentityKey":"Bfef1NlmL43KAZcj2wquFYGNWNkcIRc0yXiZ7+V3wNhG"},"_chains":{"BXlc4OSQwkS/PPydmgFA4fEzhrNmpMWNfNIdOaty1SYY":{"chainKey":{"counter":2,"key":"ArIjXwDJAYevX1T5N7WMmI7seR1pPwbt6vJRT8owqUg="},"chainType":1,"messageKeys":{}}},"pendingPreKey":{"signedKeyId":7,"baseKey":"BdALhEfjLUUQGyi3dKkzFt3JJjzvIvC9lmHrPvOFCG0U","preKeyId":3772428}}},"version":"v1"}