{"_sessions":{"BRMiAdIctVsNkB+VBiusypTQfKafvhvqK6GFSVKpNVUE":{"registrationId":161770980,"currentRatchet":{"ephemeralKeyPair":{"pubKey":"BXZlvTHLIUrZUje7Vsd79bKMU6/cZPsFYjeiRUYVHBpP","privKey":"oJT3nHL5q8UjwVrUqaS71+DtrobhEZzkF8/L1w6wvXk="},"lastRemoteEphemeralKey":"BWWUYnYhX5vOdCMC36YZZJdlxzfelGVtWVI7UZLAlG5K","previousCounter":0,"rootKey":"F/Zrog5oXUff7AbyElMR28MWI4vRZ4C8azGOVaBBKy4="},"indexInfo":{"baseKey":"BRMiAdIctVsNkB+VBiusypTQfKafvhvqK6GFSVKpNVUE","baseKeyType":1,"closed":-1,"used":1696337703375,"created":1696337703375,"remoteIdentityKey":"BXB4nnuFrE+1uwWek7JD1EP2bs9ZIKwCXvzTWKVl3Tx/"},"_chains":{"BXZlvTHLIUrZUje7Vsd79bKMU6/cZPsFYjeiRUYVHBpP":{"chainKey":{"counter":2,"key":"Dr4zRVXcCzUm7EnfEHDyGA91cLHpm61LIjF+sz1n0gI="},"chainType":1,"messageKeys":{}}},"pendingPreKey":{"signedKeyId":1,"baseKey":"BRMiAdIctVsNkB+VBiusypTQfKafvhvqK6GFSVKpNVUE","preKeyId":2291309}}},"version":"v1"}