{"_sessions":{"BRd2g7BB0QuR3Yx7ycMo/0/5Rd3V/zpZpCkdphFQsdsr":{"registrationId":802027548,"currentRatchet":{"ephemeralKeyPair":{"pubKey":"BWcDs7G7100m2GweBPYSg+a0+oT8qqS/IWvCcPAi2wtz","privKey":"CMFB/BNdbNwdlJr5w4XesbAbtra08W5n7NbYHaDD6ls="},"lastRemoteEphemeralKey":"BeCntUU+MxIMZAuadPof6Otq0C0uvXn4/zY5G0WLiYdE","previousCounter":0,"rootKey":"EqkTWUtPmirmOeM2p73vOuj3P70hsyIv3j0b7aDt8dY="},"indexInfo":{"baseKey":"BRd2g7BB0QuR3Yx7ycMo/0/5Rd3V/zpZpCkdphFQsdsr","baseKeyType":1,"closed":-1,"used":1696337705315,"created":1696337705315,"remoteIdentityKey":"BbZnJK3J1aiEnD7WRHM5C/feXVeGYcu5sLn6Z0/K5bhP"},"_chains":{"BWcDs7G7100m2GweBPYSg+a0+oT8qqS/IWvCcPAi2wtz":{"chainKey":{"counter":2,"key":"RXooblZqXr8KN5s3Twy6/mg6pETHxjMbEnk8nS76jsk="},"chainType":1,"messageKeys":{}}},"pendingPreKey":{"signedKeyId":13,"baseKey":"BRd2g7BB0QuR3Yx7ycMo/0/5Rd3V/zpZpCkdphFQsdsr","preKeyId":7062544}}},"version":"v1"}