{"_sessions":{"BU3ACUqZDQTyvX02cVW1Co70/hwNvSOS8UtAKIW+g0U0":{"registrationId":586686547,"currentRatchet":{"ephemeralKeyPair":{"pubKey":"BbC14C0WtY2pv+OFCG8x/MqQrNBbR5fYgTPpbkAMpOYS","privKey":"sJGM+L95AiXFAMWNq0OV3NL/QHKcF+3oQvMBV/xz/GI="},"lastRemoteEphemeralKey":"Ba6daCotKwsNLwFdzPBTUNMQJdOpEVMzLW7BiL0Jm0hb","previousCounter":0,"rootKey":"06cmbJSu7Jmg9UCxwGnXRH4P+t/P2xT+PuKI81RnISs="},"indexInfo":{"baseKey":"BU3ACUqZDQTyvX02cVW1Co70/hwNvSOS8UtAKIW+g0U0","baseKeyType":1,"closed":-1,"used":1696337705346,"created":1696337705346,"remoteIdentityKey":"BZjs8+z9kzLxjPAo0pk+aHnsAdhpA4htyDZoRFEgr7sp"},"_chains":{"BbC14C0WtY2pv+OFCG8x/MqQrNBbR5fYgTPpbkAMpOYS":{"chainKey":{"counter":2,"key":"kY+QRs2EcZlv4hzWWUTDXgRckQNE8qFtdS56YPKEaww="},"chainType":1,"messageKeys":{}}},"pendingPreKey":{"signedKeyId":3,"baseKey":"BU3ACUqZDQTyvX02cVW1Co70/hwNvSOS8UtAKIW+g0U0","preKeyId":16298943}}},"version":"v1"}