{"_sessions":{"BUwP1MFGX/JLsC7UPNcIdRM/gIun8/RK1XDNQuwA99Nq":{"registrationId":465087116,"currentRatchet":{"ephemeralKeyPair":{"pubKey":"BSEe887GQt06vA+x3VQnDHUsSH4ayRsc2KI4juSBRjRc","privKey":"kO9hAX1J0spHcj2KwO80ag8MOTZm0nytb53g47yYUWw="},"lastRemoteEphemeralKey":"BZmQ8v461Q3K8ZmWM7PZ2PqeDNWq799wCcRu/nth+6BY","previousCounter":0,"rootKey":"Bao21RBAf/+HYjTcSdDfO9/W0fZGfyFu2/12LZgFy/w="},"indexInfo":{"baseKey":"BUwP1MFGX/JLsC7UPNcIdRM/gIun8/RK1XDNQuwA99Nq","baseKeyType":1,"closed":-1,"used":1696337705565,"created":1696337705565,"remoteIdentityKey":"BSmlv/TZBCLp8exwr6UvhmXIQ7K/mnUDLIH8GKZXUVMq"},"_chains":{"BSEe887GQt06vA+x3VQnDHUsSH4ayRsc2KI4juSBRjRc":{"chainKey":{"counter":2,"key":"htbdxA3IoCsKdC6y1ZAt/olhFq1ZlYBzo+FCxaUckE0="},"chainType":1,"messageKeys":{}}},"pendingPreKey":{"signedKeyId":20,"baseKey":"BUwP1MFGX/JLsC7UPNcIdRM/gIun8/RK1XDNQuwA99Nq","preKeyId":74525}}},"version":"v1"}