{"_sessions":{"BRFZ8Mjlv1CX66envG25G10/ZVqQlPNSEHJhbdUTy+ZO":{"registrationId":2061328323,"currentRatchet":{"ephemeralKeyPair":{"pubKey":"Bf754eaYFQM80QxAC/XNCD/2sylO7YLjujAwcWPluFd9","privKey":"4AHvQ0lI34JXRlY4vNA2woZCL2r+DcQRXYNTc0XqmHU="},"lastRemoteEphemeralKey":"BeQW2TVFbSHBSt8G8lZgGhFBmwS3HkF1cLem/iLhNPAT","previousCounter":0,"rootKey":"dbnNmU3r0iDAsz2Jz3HGnAxxGC5h14BBLSyt0UIfNlw="},"indexInfo":{"baseKey":"BRFZ8Mjlv1CX66envG25G10/ZVqQlPNSEHJhbdUTy+ZO","baseKeyType":1,"closed":-1,"used":1696337703512,"created":1696337703512,"remoteIdentityKey":"BX9gUIHy9AumYs4L0bmg+8sxdo8Znjdgm96WDxjl8JBi"},"_chains":{"Bf754eaYFQM80QxAC/XNCD/2sylO7YLjujAwcWPluFd9":{"chainKey":{"counter":2,"key":"9SLaDbYX0RvZNKrVIupcswAfncrkLBTpuue+JAx/m5I="},"chainType":1,"messageKeys":{}}},"pendingPreKey":{"signedKeyId":6,"baseKey":"BRFZ8Mjlv1CX66envG25G10/ZVqQlPNSEHJhbdUTy+ZO"}}},"version":"v1"}