{"_sessions":{"BYfvBoxgY0IODqP+qpQftJbGy6gocP+ikFm7cRAFUY9Z":{"registrationId":1223158819,"currentRatchet":{"ephemeralKeyPair":{"pubKey":"BXzpzz0QLOarVTniNf58VfldYt5YjPOEcbMXOTRZQ3xh","privKey":"2NFRR9DaV6zSnqJDhN9n2e/vL1AlQnd8QGZIN4IOxW0="},"lastRemoteEphemeralKey":"BcbP2CC7PmnL/gqtSwbsmek4lsmizOFmNvr83Dq5f6BE","previousCounter":0,"rootKey":"NK38f6wja9WhfOcL5uIqff4+NJQys1OudnpT/cX3/GA="},"indexInfo":{"baseKey":"BYfvBoxgY0IODqP+qpQftJbGy6gocP+ikFm7cRAFUY9Z","baseKeyType":1,"closed":-1,"used":1696337706825,"created":1696337706825,"remoteIdentityKey":"Bck8qKL/247mceQQRpY6pYExjuHTCOMiwbK7mHmubVtk"},"_chains":{"BXzpzz0QLOarVTniNf58VfldYt5YjPOEcbMXOTRZQ3xh":{"chainKey":{"counter":2,"key":"SeJIc26x/dSBQ5XNIgJCQh06aKjgJZoZVvuLJWtob3s="},"chainType":1,"messageKeys":{}}},"pendingPreKey":{"signedKeyId":0,"baseKey":"BYfvBoxgY0IODqP+qpQftJbGy6gocP+ikFm7cRAFUY9Z","preKeyId":7525632}}},"version":"v1"}