{"_sessions":{"BXgutIlEZt/UiH4hcoqw9HJ+/Rfeeeg5IW/S5oBIMxko":{"registrationId":1237534691,"currentRatchet":{"ephemeralKeyPair":{"pubKey":"BXbUgd3U7bLETWVhtYaT98PXRUTmGgGRoAJfQc5W2vwI","privKey":"YPAypZFdJiQOeMGwxDq6YQ7tATACwEy8CJrD8Vl0PXI="},"lastRemoteEphemeralKey":"BdrCnr+EYsmNeieoMnvr+7g46apxiQ+FSdH9p4+a/4M2","previousCounter":0,"rootKey":"iFq4ZYTzH5uskh7fVRd8w8c51HUphorwQ1DLuF2uU2s="},"indexInfo":{"baseKey":"BXgutIlEZt/UiH4hcoqw9HJ+/Rfeeeg5IW/S5oBIMxko","baseKeyType":1,"closed":-1,"used":1696337705794,"created":1696337705794,"remoteIdentityKey":"BawCVTTNQCYEi0PjGJ3HQl7Hvp5OfFdbXG6ILsOspI1O"},"_chains":{"BXbUgd3U7bLETWVhtYaT98PXRUTmGgGRoAJfQc5W2vwI":{"chainKey":{"counter":3,"key":"txaaJEcj37/21+en5vY0n/rNjZbH/59oEMu7fnzk+xY="},"chainType":1,"messageKeys":{}}},"pendingPreKey":{"signedKeyId":0,"baseKey":"BXgutIlEZt/UiH4hcoqw9HJ+/Rfeeeg5IW/S5oBIMxko","preKeyId":8671423}}},"version":"v1"}