{"_sessions":{"BYlYEvGs/98BH7Kcg5Lu0BfZMUlA6TgUgWyNapeeRUNz":{"registrationId":954810866,"currentRatchet":{"ephemeralKeyPair":{"pubKey":"BbxilUggkYybZlgHH4SWdq/o9A1LBbyuRN3JwuGMGUhO","privKey":"iHcfiLNdJH5+OiN6+F1o+rBXP9qighZBkcFkyVeoi10="},"lastRemoteEphemeralKey":"BbfbZT37hvU6E7FbQUihMQFB57jZ/7x/Agoqra6Pm3FP","previousCounter":0,"rootKey":"HiNiVXeMeT5zrH5TvwOKTrWu0TKrHLei+4e0uYU8Nf0="},"indexInfo":{"baseKey":"BYlYEvGs/98BH7Kcg5Lu0BfZMUlA6TgUgWyNapeeRUNz","baseKeyType":1,"closed":-1,"used":1696337703517,"created":1696337703517,"remoteIdentityKey":"BVES7WHDBjyYIB9VJP6kY1InWh1UNm1fyamEhLZkkYcC"},"_chains":{"BbxilUggkYybZlgHH4SWdq/o9A1LBbyuRN3JwuGMGUhO":{"chainKey":{"counter":2,"key":"H9ydlBINO7G8koKwgbuiDVedGZt+/ZgbRxlZRa4ChbU="},"chainType":1,"messageKeys":{}}},"pendingPreKey":{"signedKeyId":1,"baseKey":"BYlYEvGs/98BH7Kcg5Lu0BfZMUlA6TgUgWyNapeeRUNz","preKeyId":812662}}},"version":"v1"}