{"_sessions":{"BfNzlvEw74eTGUtDWiTlERRKdp39ZkZ+dtJ40QUuMrwK":{"registrationId":1653559531,"currentRatchet":{"ephemeralKeyPair":{"pubKey":"BQxRZK9Ezx3DWMEicilFGNKv4MRo2tezxZtpEFzWPR5h","privKey":"8JNuXGaPIBOrh67oqaVM13qibUD19TrfNRSsABaoWEU="},"lastRemoteEphemeralKey":"BQZ+WFAaeKaTXAincVMNu9HtyyIxuuUwRWTyDyvOmKtz","previousCounter":0,"rootKey":"5cyci+7gTSUvnAOcYuEL+sQMEC9NU3NT59Bd6EH6bCc="},"indexInfo":{"baseKey":"BfNzlvEw74eTGUtDWiTlERRKdp39ZkZ+dtJ40QUuMrwK","baseKeyType":1,"closed":-1,"used":1696337707091,"created":1696337707091,"remoteIdentityKey":"Bd6lkmFx1/nTPerJrBpd94wLE4JyPqQQjLDhHUwJzYdM"},"_chains":{"BQxRZK9Ezx3DWMEicilFGNKv4MRo2tezxZtpEFzWPR5h":{"chainKey":{"counter":2,"key":"4s8w3jbSM0Lgij+BH1Pldn6ROX1zAj7UAKZiBZYr6oc="},"chainType":1,"messageKeys":{}}},"pendingPreKey":{"signedKeyId":5,"baseKey":"BfNzlvEw74eTGUtDWiTlERRKdp39ZkZ+dtJ40QUuMrwK","preKeyId":12395950}}},"version":"v1"}