{"_sessions":{"BW7o/7b0Dcpx0yyJ8K5uBBufknqaABhZhMTXLlG0RYIP":{"registrationId":715711932,"currentRatchet":{"ephemeralKeyPair":{"pubKey":"BVWEk+dnHwg4ScMm+Vu/19VmFRH14sZHW3+w5gNvvkQS","privKey":"UDSxv0EKI8D/HmaHnUey62uc5pL5BYGKPymEC2kneW0="},"lastRemoteEphemeralKey":"BRzWQ0K+6c+pBJvDG3KWHWoTStEw47j9S0wgzR2/9Kgd","previousCounter":0,"rootKey":"qZuFNW700u0hb35sQR4DgjsBk+1ufJ54m4/C1eVOPNw="},"indexInfo":{"baseKey":"BW7o/7b0Dcpx0yyJ8K5uBBufknqaABhZhMTXLlG0RYIP","baseKeyType":1,"closed":-1,"used":1696337705855,"created":1696337705855,"remoteIdentityKey":"BcrRvXw0MwK0KCQC57qARuW8ZofyWkujoWth6GeRsDZk"},"_chains":{"BVWEk+dnHwg4ScMm+Vu/19VmFRH14sZHW3+w5gNvvkQS":{"chainKey":{"counter":2,"key":"HZ1y2ZRpBXSm5PUje8kN4a5CbVL7jJlEHHdGgkt44+Y="},"chainType":1,"messageKeys":{}}},"pendingPreKey":{"signedKeyId":0,"baseKey":"BW7o/7b0Dcpx0yyJ8K5uBBufknqaABhZhMTXLlG0RYIP","preKeyId":6658317}}},"version":"v1"}