{"_sessions":{"Bb2uR26zPC0auDQO8Rynv07JlsIyKZfOw8fFEvaIs5Is":{"registrationId":798254889,"currentRatchet":{"ephemeralKeyPair":{"pubKey":"BVuECo3E9lTpigS+aodBREQ5sr/A1O/QtcUhvfTv8W1B","privKey":"qOTRv38iR93pz+u4n3a1gql6kAwGyHUvLVit4LAfIF0="},"lastRemoteEphemeralKey":"BSLxocl+Y5X2QMytQamcQSwB6M6DQ5kUkxOxAtfWTEMY","previousCounter":0,"rootKey":"HiDbKIqWuf+9L8gr9VaTv+fl6Gslx0ZOsAMWjykNFyc="},"indexInfo":{"baseKey":"Bb2uR26zPC0auDQO8Rynv07JlsIyKZfOw8fFEvaIs5Is","baseKeyType":1,"closed":-1,"used":1696337704918,"created":1696337704918,"remoteIdentityKey":"BWLTKPbrKzOJTRGphqKXqnHzfZ/z3QxQOBkp078NtPNv"},"_chains":{"BVuECo3E9lTpigS+aodBREQ5sr/A1O/QtcUhvfTv8W1B":{"chainKey":{"counter":2,"key":"GS/duek1Svqg/0sacWXUL1R+WXQ3KDyvw7Q7vFBl4LU="},"chainType":1,"messageKeys":{}}},"pendingPreKey":{"signedKeyId":3,"baseKey":"Bb2uR26zPC0auDQO8Rynv07JlsIyKZfOw8fFEvaIs5Is","preKeyId":4047796}}},"version":"v1"}