{"_sessions":{"Bbcw/OcpjD4+6ZefWpYHAjQlJc89D0zNW9ektK9Wi/B1":{"registrationId":761791463,"currentRatchet":{"ephemeralKeyPair":{"pubKey":"BSmJF1BtwR55ozXFnZpmYS3UaYc8iFWuCbvZuU49IZYp","privKey":"QHDUdD/pGf+a07E0Eg3Wy1NhZnInS94SQJpRNz8snGo="},"lastRemoteEphemeralKey":"BbnC23Wl5s8/svoYe9+oBr0+1lkaSVWNKNMzbLdfsNNt","previousCounter":0,"rootKey":"NlDtK6fmpne85+o2HuRJLNnDdkPwZkFx2HP9poc/j28="},"indexInfo":{"baseKey":"Bbcw/OcpjD4+6ZefWpYHAjQlJc89D0zNW9ektK9Wi/B1","baseKeyType":1,"closed":-1,"used":1696337706622,"created":1696337706622,"remoteIdentityKey":"BZPIXyxWmfndcxJiv3JTtvt9Jx0jwNULG/gjDQ4QYjNv"},"_chains":{"BSmJF1BtwR55ozXFnZpmYS3UaYc8iFWuCbvZuU49IZYp":{"chainKey":{"counter":2,"key":"E/l8yim8sMERclUAihd0kdNsZWKMeNMxj3cjqTy7JTY="},"chainType":1,"messageKeys":{}}},"pendingPreKey":{"signedKeyId":11,"baseKey":"Bbcw/OcpjD4+6ZefWpYHAjQlJc89D0zNW9ektK9Wi/B1","preKeyId":9520584}}},"version":"v1"}