{"_sessions":{"Bbn7r0sIt3Q36Apu26XXrM4mrm50GzD7IvmU0ixDo94D":{"registrationId":1427188174,"currentRatchet":{"ephemeralKeyPair":{"pubKey":"BRruWHyd1v7h5Auv3ZViUtFklWmwrPA8ymWkRkQRfQUX","privKey":"iDUViNAk6S11qYo3QOdyJ0H02W+8whLjh01W9StiY2w="},"lastRemoteEphemeralKey":"BQDMsFOBbIl5ZH/0xVVUBmKXg0ZyXj7HfzbEp7d5fS4x","previousCounter":0,"rootKey":"KmK0gJKxWNRpywXVR9owf0vsDi1/Igsl9dMSQBiTcRk="},"indexInfo":{"baseKey":"Bbn7r0sIt3Q36Apu26XXrM4mrm50GzD7IvmU0ixDo94D","baseKeyType":1,"closed":-1,"used":1696337705121,"created":1696337705121,"remoteIdentityKey":"Bc0taHl5nx3v+3gKy4aiosmXjp1pjIiTA29tYH5CdCtS"},"_chains":{"BRruWHyd1v7h5Auv3ZViUtFklWmwrPA8ymWkRkQRfQUX":{"chainKey":{"counter":2,"key":"lE8lbuBqN+UXf9IGeaqI/NYmEahiCA6mdvvbvvY11pE="},"chainType":1,"messageKeys":{}}},"pendingPreKey":{"signedKeyId":3,"baseKey":"Bbn7r0sIt3Q36Apu26XXrM4mrm50GzD7IvmU0ixDo94D","preKeyId":11874086}}},"version":"v1"}