{"_sessions":{"BQpZuDPSU2VuLKQxHPWtwZpAkglWAdhIBRFd/4TrT5Ap":{"registrationId":616694489,"currentRatchet":{"ephemeralKeyPair":{"pubKey":"BemUJ9x5x1vpNaArh/HfzbNvTOvGp/KdxY0YgFu/m8BC","privKey":"aNphPLFLZynA5i2yu2BUU+oqnP9CyZEoIZwnYEildVs="},"lastRemoteEphemeralKey":"BZBPW8ehHA+u4+XyCWCZeHz6dwdPMc5XQ+CvscKfQU0U","previousCounter":0,"rootKey":"HbM3oUO4MxCw9VvqYQomGgfiN2DDJcKeWIbz/bywiDU="},"indexInfo":{"baseKey":"BQpZuDPSU2VuLKQxHPWtwZpAkglWAdhIBRFd/4TrT5Ap","baseKeyType":1,"closed":-1,"used":1696337705253,"created":1696337705253,"remoteIdentityKey":"Bd8nHkzOUOkAtFppOZaUJTxb1Zd5nzT6z3l2/yIRvlFk"},"_chains":{"BemUJ9x5x1vpNaArh/HfzbNvTOvGp/KdxY0YgFu/m8BC":{"chainKey":{"counter":3,"key":"lwzQ+cExBZXWuBUxOJhFXk8Nq694IB3cA02lINgqAwY="},"chainType":1,"messageKeys":{}}},"pendingPreKey":{"signedKeyId":6,"baseKey":"BQpZuDPSU2VuLKQxHPWtwZpAkglWAdhIBRFd/4TrT5Ap","preKeyId":8371051}}},"version":"v1"}