{"_sessions":{"BXqWVENOkUtzP8wqd/bWt2ijTbwOV4JDpO49meUrv6Yg":{"registrationId":549728059,"currentRatchet":{"ephemeralKeyPair":{"pubKey":"BXU+/s9rl7uIdwD+RwGoelTWJB9YpUTbdvc3n7JRBF5/","privKey":"CPFU719Ybl9dBEFZeB08K47kLW1a5SBgxGyI59UPzUk="},"lastRemoteEphemeralKey":"BVrdspZpLY4KMy1SqtcosugF9lMIbnhTuBT8Ndj4XQp9","previousCounter":0,"rootKey":"b9pj1JT683BkaSJpR+NcQxtzeqHaoVt8WZ8BVlS0qr0="},"indexInfo":{"baseKey":"BXqWVENOkUtzP8wqd/bWt2ijTbwOV4JDpO49meUrv6Yg","baseKeyType":1,"closed":-1,"used":1696337752160,"created":1696337752160,"remoteIdentityKey":"BcG6ncOMPsjt28BKO2e+vZLYiH73GsFZjJp9ao/PwdVh"},"_chains":{"BXU+/s9rl7uIdwD+RwGoelTWJB9YpUTbdvc3n7JRBF5/":{"chainKey":{"counter":0,"key":"tjfhrkbfAzTuPVLpAJE1kljJ+dDfipov2XSOQIdvPXQ="},"chainType":1,"messageKeys":{}}},"pendingPreKey":{"signedKeyId":13,"baseKey":"BXqWVENOkUtzP8wqd/bWt2ijTbwOV4JDpO49meUrv6Yg","preKeyId":13099387}}},"version":"v1"}