{"_sessions":{"BYSkq/Y1RmP1inCEOR5Z8onzpJ2Fv+SyOCA7RNPeoRRL":{"registrationId":1506447950,"currentRatchet":{"ephemeralKeyPair":{"pubKey":"BWyP9bZIIMxeXYP5gKlvmRMVfyTBnrOrxCqp3hN7nZw3","privKey":"QJ3OkdJNzdpVGens3qaUsCc41hQNikZlq25kREzNO38="},"lastRemoteEphemeralKey":"BcD3uJzbzgVj9KeCVUF9ssjtq6VcrzFjshLHXDOoi7pR","previousCounter":0,"rootKey":"6OpH++HnttHBXfzyDl3MnMoJM3JEscru2IlI1FT5IlE="},"indexInfo":{"baseKey":"BYSkq/Y1RmP1inCEOR5Z8onzpJ2Fv+SyOCA7RNPeoRRL","baseKeyType":1,"closed":-1,"used":1696337753035,"created":1696337753035,"remoteIdentityKey":"BX6+3T8Ag7++peWu56Kbeghd0VnIBvi/fQmBbnFkZNwU"},"_chains":{"BWyP9bZIIMxeXYP5gKlvmRMVfyTBnrOrxCqp3hN7nZw3":{"chainKey":{"counter":0,"key":"e3rwTB/RbQYgLMmBsOOj5+DRUd/nbIUTPJkGrveNqyQ="},"chainType":1,"messageKeys":{}}},"pendingPreKey":{"signedKeyId":1,"baseKey":"BYSkq/Y1RmP1inCEOR5Z8onzpJ2Fv+SyOCA7RNPeoRRL","preKeyId":8307174}}},"version":"v1"}