{"_sessions":{"BY2d/Rv/1MlqXThC+x1fj4LCjtv4MvzePzh65ia/zopt":{"registrationId":7549888,"currentRatchet":{"ephemeralKeyPair":{"pubKey":"BdwsLuxf2TyNIJUDEqd1SRGHB3GLqCOqPzbvg0mJTeIo","privKey":"aGJtyeJf+tpmpDMv1awk5G+OFUDY4Wr8wnvy6NzFgmw="},"lastRemoteEphemeralKey":"BZih1R9O1Z5ehU4JDMfro0d1JAT45kvrLDbscXiot0t2","previousCounter":0,"rootKey":"LV4RCfKo4G/2hJuyY34oQUm7FQivKY0TZ3SuHU0wVJM="},"indexInfo":{"baseKey":"BY2d/Rv/1MlqXThC+x1fj4LCjtv4MvzePzh65ia/zopt","baseKeyType":1,"closed":-1,"used":1696337707195,"created":1696337707195,"remoteIdentityKey":"BfiZE504XRCVeLDF7FFT/OGl++jcCfl1Kzs1kQm7Y7ZW"},"_chains":{"BdwsLuxf2TyNIJUDEqd1SRGHB3GLqCOqPzbvg0mJTeIo":{"chainKey":{"counter":3,"key":"ujrMAhyDMOPwJG2Fqik6EoYujB0I0l/+2uryZN1U3Qg="},"chainType":1,"messageKeys":{}}},"pendingPreKey":{"signedKeyId":6,"baseKey":"BY2d/Rv/1MlqXThC+x1fj4LCjtv4MvzePzh65ia/zopt","preKeyId":7003629}}},"version":"v1"}