{"_sessions":{"BcJZvrPWoGZ75r2S9MaFnEZhzWdfvQitYJHQXEzjpZVm":{"registrationId":11940,"currentRatchet":{"ephemeralKeyPair":{"pubKey":"BfCLsISWNA5SagZXjbBYA0tDmlXsoENRQ/oGCVTI50E9","privKey":"MOF1ng01ws65H2DDbzyzgmW8VOXzxXwMyuNjwrEBFkU="},"lastRemoteEphemeralKey":"BahQRDus1HwAa/kfN8suEODvGEW2TcchrXIPqHslvMEQ","previousCounter":0,"rootKey":"IzqjaPtQWIt+TPnCtDyGc4UU2NFU39X9pGXMnuQGwlQ="},"indexInfo":{"baseKey":"BcJZvrPWoGZ75r2S9MaFnEZhzWdfvQitYJHQXEzjpZVm","baseKeyType":1,"closed":-1,"used":1696337751868,"created":1696337751868,"remoteIdentityKey":"BTo2r5oAdarzAg44r89a8UvcM+0JZqghKx39TjQ03Y4M"},"_chains":{"BfCLsISWNA5SagZXjbBYA0tDmlXsoENRQ/oGCVTI50E9":{"chainKey":{"counter":0,"key":"lfE+p9CSO0DOmDXtSjsN7D6Ll85wNePseqKhkc0V/Kw="},"chainType":1,"messageKeys":{}}},"pendingPreKey":{"signedKeyId":1,"baseKey":"BcJZvrPWoGZ75r2S9MaFnEZhzWdfvQitYJHQXEzjpZVm"}}},"version":"v1"}