{"_sessions":{"BT/zb8aTXpVr8aJ0eJMI2GP+ol7okn48o8TtTiM42sRA":{"registrationId":1663038523,"currentRatchet":{"ephemeralKeyPair":{"pubKey":"BSKvBhESQpTLzfQmdcJlcqtRiNkSx97lk2EDIkSLf4ws","privKey":"iLGsNILRYBx3/9qP6NJ1lsNE2yIE7hQoTUOa/jyQFmE="},"lastRemoteEphemeralKey":"Ba3U1+ufJ9mLj/m8UIGob+E20SDBatyZ6ynZK9RrV3sE","previousCounter":0,"rootKey":"nv3fI4AAvy7H62ZZedYEW6GdH2p8hJgHENzhY/d8Kg4="},"indexInfo":{"baseKey":"BT/zb8aTXpVr8aJ0eJMI2GP+ol7okn48o8TtTiM42sRA","baseKeyType":1,"closed":-1,"used":1696337751949,"created":1696337751949,"remoteIdentityKey":"BbWascuPXAOsmuJNtnwGwOlnipqI95NWteSpgtCdU/AJ"},"_chains":{"BSKvBhESQpTLzfQmdcJlcqtRiNkSx97lk2EDIkSLf4ws":{"chainKey":{"counter":0,"key":"c4JLdc1yQseFZ0/75p7dJoP54eQdhDNNQtFEoX4d5qU="},"chainType":1,"messageKeys":{}}},"pendingPreKey":{"signedKeyId":15,"baseKey":"BT/zb8aTXpVr8aJ0eJMI2GP+ol7okn48o8TtTiM42sRA","preKeyId":94428}}},"version":"v1"}