{"_sessions":{"BVBEf1tLkky3fHBD10iqXdl3kFyLlMZr18MLf3E+P91q":{"registrationId":1479800113,"currentRatchet":{"ephemeralKeyPair":{"pubKey":"BZjf442lciAeaitXWTUpUswJ8eKgO7fwriZen9RUQ8kC","privKey":"mNGSUMAaMfFq38J7+fcdGqG+2izRwVMs9+dWazZERU4="},"lastRemoteEphemeralKey":"BTQY5cguX62bx8fxZerNPQvmbPhNEdK3fBNEV5TluHRV","previousCounter":0,"rootKey":"WoxoTA6EoBDCyBIHCM2anan/or9KPU2HkQ0APJMmygU="},"indexInfo":{"baseKey":"BVBEf1tLkky3fHBD10iqXdl3kFyLlMZr18MLf3E+P91q","baseKeyType":1,"closed":-1,"used":1696337704884,"created":1696337704884,"remoteIdentityKey":"BdNYT3ngX1gl56accNnzpBY2H4yNMRX2QhbjmLoe1c4z"},"_chains":{"BZjf442lciAeaitXWTUpUswJ8eKgO7fwriZen9RUQ8kC":{"chainKey":{"counter":2,"key":"CP6lQsxOcbXJiPEz8nGV/OwbNTo7EBjjh3uFfjBvlXc="},"chainType":1,"messageKeys":{}}},"pendingPreKey":{"signedKeyId":0,"baseKey":"BVBEf1tLkky3fHBD10iqXdl3kFyLlMZr18MLf3E+P91q","preKeyId":13589435}}},"version":"v1"}