{"_sessions":{"Bbl0rwxk96zD7zBpcbHAXC1/kOU9g4D2pXKe0Cs3UqA1":{"registrationId":1113148526,"currentRatchet":{"ephemeralKeyPair":{"pubKey":"BVpnQniVwLkPdDjekYR0m27Qa0ryOlKRtFE2EuJiSZNm","privKey":"cC2RHzcc9Qqrytwuebi9ye8J1gLhJoNdx4TeLRlUokc="},"lastRemoteEphemeralKey":"Bf/fASjH0CuzqJ+RCiJkSOObzUyCcr8KcPyQwrjmEu54","previousCounter":0,"rootKey":"5Iq+wMoMV7CXk2dn/l/W8E8tmeiKsSxy+kFy67SUK6w="},"indexInfo":{"baseKey":"Bbl0rwxk96zD7zBpcbHAXC1/kOU9g4D2pXKe0Cs3UqA1","baseKeyType":1,"closed":-1,"used":1696337704380,"created":1696337704380,"remoteIdentityKey":"BY0GUYYkjzUTnIENndQ9C2+ENp9Yz/yns9IdXQ5vEaAQ"},"_chains":{"BVpnQniVwLkPdDjekYR0m27Qa0ryOlKRtFE2EuJiSZNm":{"chainKey":{"counter":2,"key":"NFtu6T4+ZiAYEbkU0JScnrbdx8fyOT2alphA83g70JY="},"chainType":1,"messageKeys":{}}},"pendingPreKey":{"signedKeyId":5,"baseKey":"Bbl0rwxk96zD7zBpcbHAXC1/kOU9g4D2pXKe0Cs3UqA1","preKeyId":11068141}}},"version":"v1"}