{"_sessions":{"BUvxReyGS8kyYi2v5rFL8wloqtGqUEY3/dRMiHZIsL0H":{"registrationId":92224383,"currentRatchet":{"ephemeralKeyPair":{"pubKey":"BZOBqjuweQnZuZF0NEtlU4KZTAYiVcf1Vp1X+Ltkt0o8","privKey":"MFOZU4gtMNHEyZi7GCGEHAK4CzYz5i0y/HsMK6PEzkw="},"lastRemoteEphemeralKey":"Bex8eM2hJueAjozu69cNiXTnvGcAhAo+uAeFKdr3foEj","previousCounter":0,"rootKey":"20pZCVnDLgmkJakKg4Eyt70acu9+EN5nuidEQMKRyzY="},"indexInfo":{"baseKey":"BUvxReyGS8kyYi2v5rFL8wloqtGqUEY3/dRMiHZIsL0H","baseKeyType":1,"closed":-1,"used":1696337704168,"created":1696337704168,"remoteIdentityKey":"BYk46QdPAggnDBMLoA0so3eEF93S+jtFxAaGDHBcpAtW"},"_chains":{"BZOBqjuweQnZuZF0NEtlU4KZTAYiVcf1Vp1X+Ltkt0o8":{"chainKey":{"counter":2,"key":"yeJFiJGDQFDFxpXHPfzYT82s44lBar3ud4si99xIUVU="},"chainType":1,"messageKeys":{}}},"pendingPreKey":{"signedKeyId":12,"baseKey":"BUvxReyGS8kyYi2v5rFL8wloqtGqUEY3/dRMiHZIsL0H","preKeyId":1996099}}},"version":"v1"}