{"_sessions":{"BSc6a23mWs96TuoKO2qAH6mI5nYizkxTLZ0UuTFH3goF":{"registrationId":1445176754,"currentRatchet":{"ephemeralKeyPair":{"pubKey":"BVKCNFfFY/V2qA4qzhQNXjoH3j4OZ0WFwwSaPU3obVs8","privKey":"ELDxfuL0OfIM1jG9u7h05wlpBBBz6zTWlSc/EzPsm2M="},"lastRemoteEphemeralKey":"BeMKSrAb4ONmN7PJZ/+E9UqIpIAkCaxtyfdWsJWAEC8T","previousCounter":0,"rootKey":"wjc6CjzpWT9aEy+kL2i0IHt8g1DlUcG2vMP2aeXoWQc="},"indexInfo":{"baseKey":"BSc6a23mWs96TuoKO2qAH6mI5nYizkxTLZ0UuTFH3goF","baseKeyType":1,"closed":-1,"used":1696337752868,"created":1696337752868,"remoteIdentityKey":"BZmstqzdk5VnEMe0hDja6qwB1KD21Vx9roqF6HVBo9xF"},"_chains":{"BVKCNFfFY/V2qA4qzhQNXjoH3j4OZ0WFwwSaPU3obVs8":{"chainKey":{"counter":0,"key":"zKbfGidCwwDr23LBto005a8fNOk1cCPCGkOXtS6lcVA="},"chainType":1,"messageKeys":{}}},"pendingPreKey":{"signedKeyId":13035583,"baseKey":"BSc6a23mWs96TuoKO2qAH6mI5nYizkxTLZ0UuTFH3goF","preKeyId":1367}}},"version":"v1"}