{"_sessions":{"BcZ4H7I3bYgABLuGSexwSzqfEjhzzQqFAWlXeWTXF3t6":{"registrationId":1536123783,"currentRatchet":{"ephemeralKeyPair":{"pubKey":"BUDA0ghHD103RtVSRegeBLTvMuLoA8uVVMiDrNkdjpll","privKey":"2AjvtkEGdO6xh2Kv/1TGyNSL7p+8Aw7gym7aRY/fI0Y="},"lastRemoteEphemeralKey":"BYfWkv0QQPOa2KzHKEfCIptUHBMwvSX6YJc0yEmTLchk","previousCounter":0,"rootKey":"RYCIJg6sjs1JGKl0pPARR05AWmmSJH+n/qPkSLP9vug="},"indexInfo":{"baseKey":"BcZ4H7I3bYgABLuGSexwSzqfEjhzzQqFAWlXeWTXF3t6","baseKeyType":1,"closed":-1,"used":1696337705648,"created":1696337705648,"remoteIdentityKey":"BRunHlGnXhe8MODg8i95B5RHb7Hgy3pxauzKpeMwZWQV"},"_chains":{"BUDA0ghHD103RtVSRegeBLTvMuLoA8uVVMiDrNkdjpll":{"chainKey":{"counter":2,"key":"F2SjH1vojSRaDshgFAvi+3WJceW6E9yX11LcLRi1hUY="},"chainType":1,"messageKeys":{}}},"pendingPreKey":{"signedKeyId":7,"baseKey":"BcZ4H7I3bYgABLuGSexwSzqfEjhzzQqFAWlXeWTXF3t6","preKeyId":3652816}}},"version":"v1"}