{"_sessions":{"BTTDD0WZ2pZE4WHISrt7uDsILrFYsDOKlsFl7NI4eWxF":{"registrationId":929984625,"currentRatchet":{"ephemeralKeyPair":{"pubKey":"BYGPBR/nVadQ3pXx1VRNtFkx/FM8IOgMSaJqFUSjxD4E","privKey":"gN00o2h75yguR7W0WIKJn9KM7gOWV8WobvLKRigZmGM="},"lastRemoteEphemeralKey":"BercUjg9oTFOrZV3vJ92weCFsXdFjfGUa5MWkYXlGr1+","previousCounter":0,"rootKey":"5t8CDahEqZkzdxMhqkLoDnyi1Jf1nRBv5Uvq/VeVkPQ="},"indexInfo":{"baseKey":"BTTDD0WZ2pZE4WHISrt7uDsILrFYsDOKlsFl7NI4eWxF","baseKeyType":1,"closed":-1,"used":1696337719298,"created":1696337719298,"remoteIdentityKey":"Bcu5NGsUHlZR1IlHhV/3rKYQJwZT6QQzj+J0dXXsgnxx"},"_chains":{"BYGPBR/nVadQ3pXx1VRNtFkx/FM8IOgMSaJqFUSjxD4E":{"chainKey":{"counter":0,"key":"HGUjvHbRgVaUQpYynMRrHqC4x9CO0RpJj8nQsHfdwn0="},"chainType":1,"messageKeys":{}}},"pendingPreKey":{"signedKeyId":14,"baseKey":"BTTDD0WZ2pZE4WHISrt7uDsILrFYsDOKlsFl7NI4eWxF","preKeyId":15952951}}},"version":"v1"}