{"_sessions":{"BSg1t7sDwYDMqXUqmsiqWHzBlUbM8xX+QUdtaq0+CJ0v":{"registrationId":3972,"currentRatchet":{"ephemeralKeyPair":{"pubKey":"BeQXokCE5OpYNNZ72F2qGGCmbHC9QNBMCkjtcq9K57MN","privKey":"QMMXg7adI+mnNyTBFKLyjVZFMoDm3Jbiqph/fsml0Hk="},"lastRemoteEphemeralKey":"BXaPiiUGNjJVbN7DC1qI0ep26dq9Q5ueIvR7/Gn944sZ","previousCounter":0,"rootKey":"MfOx1Aakak1RSq+XwzAO8BQJyny3/d8XfVaqSCMfce8="},"indexInfo":{"baseKey":"BSg1t7sDwYDMqXUqmsiqWHzBlUbM8xX+QUdtaq0+CJ0v","baseKeyType":1,"closed":-1,"used":1696337751919,"created":1696337751919,"remoteIdentityKey":"BeKOqJYF6alW6JbZLKr/9bUBrxMpVpd+1vJgN0VGHrYN"},"_chains":{"BeQXokCE5OpYNNZ72F2qGGCmbHC9QNBMCkjtcq9K57MN":{"chainKey":{"counter":0,"key":"al8HHEmIbKe1GbTPOcaCxnYP7vn89QXuxceI+xcs0l4="},"chainType":1,"messageKeys":{}}},"pendingPreKey":{"signedKeyId":1,"baseKey":"BSg1t7sDwYDMqXUqmsiqWHzBlUbM8xX+QUdtaq0+CJ0v"}}},"version":"v1"}