{"_sessions":{"BdyaE5tAzG4cs2FNi0iJebHGp+rKKUCwKBCoHxcz2Aw3":{"registrationId":1483928457,"currentRatchet":{"ephemeralKeyPair":{"pubKey":"Bc/OexRglRgrecnTi4/z3ph2AMWJkLM6e/t7C+VNlx1K","privKey":"kL0W+R3fqUYnyyU492F2i8ruPmUT+Qk7o63SMMLVi14="},"lastRemoteEphemeralKey":"BcGybW33JrEsZ84uWpmhnFsQrNHebhI0x/2cdkG6GNk6","previousCounter":0,"rootKey":"ArceD/pqyo6rkySvovLYRI4X9PS9I0Kkkby6ae8HW0U="},"indexInfo":{"baseKey":"BdyaE5tAzG4cs2FNi0iJebHGp+rKKUCwKBCoHxcz2Aw3","baseKeyType":1,"closed":-1,"used":1696337707126,"created":1696337707126,"remoteIdentityKey":"BdQepORU52p7vyUl8VjfGisSxhnheeqswVyySH93EtRC"},"_chains":{"Bc/OexRglRgrecnTi4/z3ph2AMWJkLM6e/t7C+VNlx1K":{"chainKey":{"counter":2,"key":"sYPN8dssfp+Xinqart88V36BGKUXC9jQUm2cgk+sfmw="},"chainType":1,"messageKeys":{}}},"pendingPreKey":{"signedKeyId":0,"baseKey":"BdyaE5tAzG4cs2FNi0iJebHGp+rKKUCwKBCoHxcz2Aw3","preKeyId":4046201}}},"version":"v1"}