{"_sessions":{"BVawFDO1gYoBp/thor4wAhXLNXrHdKiayibDlbsyeoUy":{"registrationId":1502071784,"currentRatchet":{"ephemeralKeyPair":{"pubKey":"Bee3BLPRtEW0yXHhEUeS5DFb62ypHeOwa/efvUwhWDl2","privKey":"IPIKCRjBwCNhUhj/s87aNKpw3VluZ2dP8Lu+OVBIRXM="},"lastRemoteEphemeralKey":"BcRbFg3qYVJIdFMQyycaASyy5CZfatpA9fk+328dFHsS","previousCounter":0,"rootKey":"9C6DcchhO9UOf9f0pxgQZENahMVOgemeHZcZ8czzLpU="},"indexInfo":{"baseKey":"BVawFDO1gYoBp/thor4wAhXLNXrHdKiayibDlbsyeoUy","baseKeyType":1,"closed":-1,"used":1696337705448,"created":1696337705448,"remoteIdentityKey":"BYTrnO0EXN0jaRcK7YqrlnCGjgf/zSAG0tYE6SIDhk9O"},"_chains":{"Bee3BLPRtEW0yXHhEUeS5DFb62ypHeOwa/efvUwhWDl2":{"chainKey":{"counter":2,"key":"1dYkJwT0CJFHZiAMdStJ6O0u0Mf6gaS4kTHkmQPMCn4="},"chainType":1,"messageKeys":{}}},"pendingPreKey":{"signedKeyId":14,"baseKey":"BVawFDO1gYoBp/thor4wAhXLNXrHdKiayibDlbsyeoUy","preKeyId":10040565}}},"version":"v1"}