{"_sessions":{"Be5hVDL/txok8ini1YBNaD06YlcC18LQ26tkdiVN3pgo":{"registrationId":1566419366,"currentRatchet":{"ephemeralKeyPair":{"pubKey":"BauAA3n+BW2gWXwO2G97GgHzeAbRgkBHUPHNd5RGcjxF","privKey":"8O6HNIWGveHRBPSNb7eLU8JdKMVYqcVhOPPoq0nmKHE="},"lastRemoteEphemeralKey":"BbJ5NUP2exGox9Lhf/zpJtFVXOp/1WAZGVyJA37+1loj","previousCounter":0,"rootKey":"tCkNsqUTIsPItYk4htg5LRvYRCHxtzHsRyJA/QdqY9E="},"indexInfo":{"baseKey":"Be5hVDL/txok8ini1YBNaD06YlcC18LQ26tkdiVN3pgo","baseKeyType":1,"closed":-1,"used":1696337704770,"created":1696337704770,"remoteIdentityKey":"BT3dFMwDzmWxf17cJ1zWW47X6vcMmjY2OfsOGUv7y5El"},"_chains":{"BauAA3n+BW2gWXwO2G97GgHzeAbRgkBHUPHNd5RGcjxF":{"chainKey":{"counter":2,"key":"BQYJYs1PVkIvCzsG7FLJu1LNCqZK5HTt/eDweTH89eA="},"chainType":1,"messageKeys":{}}},"pendingPreKey":{"signedKeyId":3,"baseKey":"Be5hVDL/txok8ini1YBNaD06YlcC18LQ26tkdiVN3pgo","preKeyId":13182259}}},"version":"v1"}