{"_sessions":{"BV4uvTDadCSyC0hBFjZWd3jP9K//C8esIewCxbYGzl0s":{"registrationId":684522786,"currentRatchet":{"ephemeralKeyPair":{"pubKey":"BV7AXcv7D6dEE/3vj481cz99c+80Mb+cGUoo/Kv1eXEx","privKey":"gBeWYseAJB5CR2Pn1i63Rirj6tgkLnzuOCUFFxmc4EE="},"lastRemoteEphemeralKey":"Bds9+sjH9KfbT25rwtZs9qBB676HxV7kbvhN+XUZJ+Iw","previousCounter":0,"rootKey":"nxvjkiBHNBPODoXJ1ffQ5iYA3kjER5THZIgLAW14hdg="},"indexInfo":{"baseKey":"BV4uvTDadCSyC0hBFjZWd3jP9K//C8esIewCxbYGzl0s","baseKeyType":1,"closed":-1,"used":1696337705889,"created":1696337705889,"remoteIdentityKey":"BWHuX8OmZRYXknXCfJjAcNQMvZUWm05UoMdBFVCweSdY"},"_chains":{"BV7AXcv7D6dEE/3vj481cz99c+80Mb+cGUoo/Kv1eXEx":{"chainKey":{"counter":2,"key":"5X+MkWt4wYDBpjdmovArukPNxryD1LWOhYflIaZH9H4="},"chainType":1,"messageKeys":{}}},"pendingPreKey":{"signedKeyId":0,"baseKey":"BV4uvTDadCSyC0hBFjZWd3jP9K//C8esIewCxbYGzl0s","preKeyId":11029516}}},"version":"v1"}