{"_sessions":{"BdZzK11x+HBTQH92eXkf9KAvgeXGczbNXDrqyb9bjW8m":{"registrationId":2049,"currentRatchet":{"ephemeralKeyPair":{"pubKey":"BbPScbTOeoAiOZtYQZ2nOttNOH4P5Dun06SBcZLTzH8I","privKey":"UMzoheheNQiPS+mNUfHANVww3hxmVHaPQ31yjsYuYUU="},"lastRemoteEphemeralKey":"BQwWt8uWbGdM0Q+bq0S2dEBi5GqOLAOpJEHJ69cfXTN5","previousCounter":0,"rootKey":"Q7AbADTrQIZpkgzEeDoIW94OqR7EMWfTTOHKLpXVUh4="},"indexInfo":{"baseKey":"BdZzK11x+HBTQH92eXkf9KAvgeXGczbNXDrqyb9bjW8m","baseKeyType":1,"closed":-1,"used":1696337704017,"created":1696337704017,"remoteIdentityKey":"BeZk7jyWGF2S7yl6RMKIXf2VDOZYUZpfDskmGNrxStRM"},"_chains":{"BbPScbTOeoAiOZtYQZ2nOttNOH4P5Dun06SBcZLTzH8I":{"chainKey":{"counter":2,"key":"n0AX+HC+VGP17/kW359d59G5OEZJbsDOkpRHL3pYX/Q="},"chainType":1,"messageKeys":{}}},"pendingPreKey":{"signedKeyId":1,"baseKey":"BdZzK11x+HBTQH92eXkf9KAvgeXGczbNXDrqyb9bjW8m"}}},"version":"v1"}