{"_sessions":{"Bd+EXOcngF9FudpSNItLspDYEe4AzUmlw+MMd/ElO7oQ":{"registrationId":1357864971,"currentRatchet":{"ephemeralKeyPair":{"pubKey":"BX6PvSA4KQer+957kQZTO9jb94WLy81NPS1sMSmGjA9D","privKey":"uHhzOXRCd3fOussYN0f6G60swymzLGMWwTsuIrU9ZEA="},"lastRemoteEphemeralKey":"Bb9UkkYiRAO5w5y+rp3fmmX5dhxrWACpt8Jyhlhkt3xe","previousCounter":0,"rootKey":"J3FJVDAijmdre3PknWZsiaQSIvyNdNeYo1P9gYh4wWM="},"indexInfo":{"baseKey":"Bd+EXOcngF9FudpSNItLspDYEe4AzUmlw+MMd/ElO7oQ","baseKeyType":1,"closed":-1,"used":1696337705694,"created":1696337705694,"remoteIdentityKey":"BfGONZDCjE/fF6TbAVmR/Yeb+BrGNLYYMVOTBecare8D"},"_chains":{"BX6PvSA4KQer+957kQZTO9jb94WLy81NPS1sMSmGjA9D":{"chainKey":{"counter":2,"key":"Wo9gShaVP4aSP2CsTmaG0konwRJBXxIPsoeeZbmQmcw="},"chainType":1,"messageKeys":{}}},"pendingPreKey":{"signedKeyId":5,"baseKey":"Bd+EXOcngF9FudpSNItLspDYEe4AzUmlw+MMd/ElO7oQ","preKeyId":10960136}}},"version":"v1"}