{"_sessions":{"BQ2elKNBtbDVcSgJoEq0wM7t1QupWTOhGZVmS6AbOLwn":{"registrationId":1427387968,"currentRatchet":{"ephemeralKeyPair":{"pubKey":"BV6eyir2B6g+qzfTeeUPTWW0tpJwEobziib1Z63giIpj","privKey":"CL/hlUghNXiYHV1llfDfd2sP5wnOGx3kJAJD+XM58Xk="},"lastRemoteEphemeralKey":"BXTe9p3tzJOPPo90vbYyf7AV5z/mIOqV9THSZq8GwaIB","previousCounter":0,"rootKey":"Bt0tAKyiOOQJzvMj7iRhZy9AkPCU3RHm71fpMkSfUJ8="},"indexInfo":{"baseKey":"BQ2elKNBtbDVcSgJoEq0wM7t1QupWTOhGZVmS6AbOLwn","baseKeyType":1,"closed":-1,"used":1696337706250,"created":1696337706250,"remoteIdentityKey":"BSxKTxo+R9UhiyeV1n7JzSMHx47QyOBNJ+mw2OJR8XEs"},"_chains":{"BV6eyir2B6g+qzfTeeUPTWW0tpJwEobziib1Z63giIpj":{"chainKey":{"counter":2,"key":"m4PXRB1fF0vPaR5XepPaPRS6eo9EBNWYyjJnc6PO92g="},"chainType":1,"messageKeys":{}}},"pendingPreKey":{"signedKeyId":8,"baseKey":"BQ2elKNBtbDVcSgJoEq0wM7t1QupWTOhGZVmS6AbOLwn","preKeyId":4209920}}},"version":"v1"}