{"_sessions":{"BQ5WABMwv0pPgCjYYE5LMEBb+aTmgaRZM28OgcX0L5Rc":{"registrationId":2053513379,"currentRatchet":{"ephemeralKeyPair":{"pubKey":"BUwpFeJn72HHIQ+sTOnWoCRoiJAo39rcIrP6HPWET2Ym","privKey":"kHG9rhTVehuEHuLXTqyaqbPcZsY8GvOqm7C16eCYx0M="},"lastRemoteEphemeralKey":"BenG0qhwzhPwCd5s89woviypdMC8swt6Pcv+UbBZiZsg","previousCounter":0,"rootKey":"iYYddwCGaJnqb7/9CRz0Xaw7LdSj9+jDdqxNQGdA/HM="},"indexInfo":{"baseKey":"BQ5WABMwv0pPgCjYYE5LMEBb+aTmgaRZM28OgcX0L5Rc","baseKeyType":1,"closed":-1,"used":1696337705262,"created":1696337705262,"remoteIdentityKey":"BcNYS69g6t9u5DPkyawC+c189s6Rvv8C51hUilfe52RC"},"_chains":{"BUwpFeJn72HHIQ+sTOnWoCRoiJAo39rcIrP6HPWET2Ym":{"chainKey":{"counter":2,"key":"10gDa6iQEazpjbiVZx/8VI/bFo8bNQkuz7kzkPhvd5Q="},"chainType":1,"messageKeys":{}}},"pendingPreKey":{"signedKeyId":18,"baseKey":"BQ5WABMwv0pPgCjYYE5LMEBb+aTmgaRZM28OgcX0L5Rc","preKeyId":16149034}}},"version":"v1"}