{"_sessions":{"BUcrVWOpBBWqtr3xWnBT4FfF0MkAGOK1fvwbt1cYFygv":{"registrationId":1419012142,"currentRatchet":{"ephemeralKeyPair":{"pubKey":"BcBv2bpei/QAyInQKHTAsBl0t+eChAlSH+/5luFfwJ8U","privKey":"GLehRipBCKHIYeHsFYjIidJ2gta4zcKPYOOiyhbF4n0="},"lastRemoteEphemeralKey":"BQ4WxtS2SUuHTOMH86Hukfub89LmXaj6pd8koK2o7Pt+","previousCounter":0,"rootKey":"hGY5dQBssvDm5I/+uHrIG74MJiW+aN4L02GSmZsuKv0="},"indexInfo":{"baseKey":"BUcrVWOpBBWqtr3xWnBT4FfF0MkAGOK1fvwbt1cYFygv","baseKeyType":1,"closed":-1,"used":1696337705903,"created":1696337705903,"remoteIdentityKey":"BfQMpP6Su1awSRHIEjPd71ZH0aeQfF5P28KcYcXZPSEy"},"_chains":{"BcBv2bpei/QAyInQKHTAsBl0t+eChAlSH+/5luFfwJ8U":{"chainKey":{"counter":2,"key":"FM2Kr35hjZTQMBDQ4eIsKZfC5r9UI3FudICU1Uq+yfU="},"chainType":1,"messageKeys":{}}},"pendingPreKey":{"signedKeyId":5,"baseKey":"BUcrVWOpBBWqtr3xWnBT4FfF0MkAGOK1fvwbt1cYFygv","preKeyId":12699309}}},"version":"v1"}