{"_sessions":{"Bae/279EvSWY9/drwhyBLAMfpwrCds/TMaYlnh8MIR11":{"registrationId":132329100,"currentRatchet":{"ephemeralKeyPair":{"pubKey":"BYdgXDKw2y0BvBZllOoP+32rvopu3/c9uHVyZJ9LIG8h","privKey":"SMCEq6pNSGcC9ZNO2RTX1odSsVdb4iF4N79S2abc8FM="},"lastRemoteEphemeralKey":"BYNWv9t1DEDYv3A9eZGnbdLvK6S9SByMoy7b1CIPsaps","previousCounter":0,"rootKey":"S+ZYZMm1DxhALgjN0mOHd4RKlwP3YED5BFM/QNWf+Vs="},"indexInfo":{"baseKey":"Bae/279EvSWY9/drwhyBLAMfpwrCds/TMaYlnh8MIR11","baseKeyType":1,"closed":-1,"used":1696337707037,"created":1696337707037,"remoteIdentityKey":"BUhYSeMSNRwZckwTfCk+UzTBvSVDXdrDJa5o/pJFzVwG"},"_chains":{"BYdgXDKw2y0BvBZllOoP+32rvopu3/c9uHVyZJ9LIG8h":{"chainKey":{"counter":2,"key":"ZmjXgJbdrWcroy+kMwQHak7JF0E92+xolp2hkWSnAUY="},"chainType":1,"messageKeys":{}}},"pendingPreKey":{"signedKeyId":16,"baseKey":"Bae/279EvSWY9/drwhyBLAMfpwrCds/TMaYlnh8MIR11","preKeyId":5351045}}},"version":"v1"}