{"_sessions":{"BZw92jHVq3YSye+cyykb1YjQgLhjuY/4RbLye4l97xgy":{"registrationId":368114676,"currentRatchet":{"ephemeralKeyPair":{"pubKey":"BYNIbSbeRLH7+InKTPhxj7ZT0OgiElrrGVSzyAN/ztEj","privKey":"WPvCco+D/2XI0zDg6VqDqNIEhJ2OyYZrOB529lCnXXA="},"lastRemoteEphemeralKey":"BXo3ByV8hZL8zXlPUP0BOrilX+WefVGeZEh8K1F4bjpM","previousCounter":0,"rootKey":"a0Y836EX5rXAaAGkeO81aIxVAmGFVvaGNSAtfDAhkcI="},"indexInfo":{"baseKey":"BZw92jHVq3YSye+cyykb1YjQgLhjuY/4RbLye4l97xgy","baseKeyType":1,"closed":-1,"used":1696337703870,"created":1696337703870,"remoteIdentityKey":"BVxs26y2mw5obKCBcf/zAnNJcG4G7ZIOROflcnZcgUQj"},"_chains":{"BYNIbSbeRLH7+InKTPhxj7ZT0OgiElrrGVSzyAN/ztEj":{"chainKey":{"counter":2,"key":"Gr2a9iRbIFM9MbRPm1DuqnqRrNiaG5jqB/nCmJKD5Zc="},"chainType":1,"messageKeys":{}}},"pendingPreKey":{"signedKeyId":3,"baseKey":"BZw92jHVq3YSye+cyykb1YjQgLhjuY/4RbLye4l97xgy","preKeyId":10686192}}},"version":"v1"}