{"_sessions":{"BUvEEZnaJmHmNkeF081yDooqp9Qa8fZ8IldwvnEwrRFa":{"registrationId":1630160492,"currentRatchet":{"ephemeralKeyPair":{"pubKey":"BUpQ/X0Atb6GeacE7sqHUZs2RRgDwGF151V7nfk5OiYL","privKey":"0KF8M/OMR5Mb0lfKT+zC+qYmZuhfrRA8TTiH5bXIVEc="},"lastRemoteEphemeralKey":"BSHS59zqskQQgJKs6o8eYz8WV8HTuWpk6UFS2eI/lqRW","previousCounter":0,"rootKey":"xwDF1XHNbi2EmywAuQUKfnllCzifVKY1xBMPoP3IyxI="},"indexInfo":{"baseKey":"BUvEEZnaJmHmNkeF081yDooqp9Qa8fZ8IldwvnEwrRFa","baseKeyType":1,"closed":-1,"used":1696337731843,"created":1696337731843,"remoteIdentityKey":"BaQpXQs3S0tDaxCkrhURI3+YEbKqjBDvx2rDkcwhqV82"},"_chains":{"BUpQ/X0Atb6GeacE7sqHUZs2RRgDwGF151V7nfk5OiYL":{"chainKey":{"counter":1,"key":"p+IxIRfBHTdWcH3He3dUOYzoJckZAiovGiC+91V/LDk="},"chainType":1,"messageKeys":{}}},"pendingPreKey":{"signedKeyId":1,"baseKey":"BUvEEZnaJmHmNkeF081yDooqp9Qa8fZ8IldwvnEwrRFa","preKeyId":16222220}}},"version":"v1"}