{"_sessions":{"BcvrICeRafBQ5vcEBzofT7OFpCRxxJLJ96RYhdBbzIUO":{"registrationId":1988608901,"currentRatchet":{"ephemeralKeyPair":{"pubKey":"BW27XhMZ4YaCy45lV73G3SxV2ny4PynHZ0KrQb+7LZkl","privKey":"IJD+zEWx7aelyFprR0I+Rg7HictlMyNhQ8lTziVJy24="},"lastRemoteEphemeralKey":"BfScPOno/78WUwcgcXOZtEZz0krbezkKaBMKSrUtiII+","previousCounter":0,"rootKey":"4ZDyt+edhL37TnEKEDbxSa3UPwcVwo4FtuN4yJMEztQ="},"indexInfo":{"baseKey":"BcvrICeRafBQ5vcEBzofT7OFpCRxxJLJ96RYhdBbzIUO","baseKeyType":1,"closed":-1,"used":1696337705618,"created":1696337705618,"remoteIdentityKey":"Ba17s0XVg6mR54EdKUjs7l4I8xoHQFAVExHmZXv51k5y"},"_chains":{"BW27XhMZ4YaCy45lV73G3SxV2ny4PynHZ0KrQb+7LZkl":{"chainKey":{"counter":3,"key":"go28h5DAH+zZGSpJymXeQnIxcF0Kom2MIS+1mWACgv0="},"chainType":1,"messageKeys":{}}},"pendingPreKey":{"signedKeyId":1,"baseKey":"BcvrICeRafBQ5vcEBzofT7OFpCRxxJLJ96RYhdBbzIUO","preKeyId":16027175}}},"version":"v1"}