{"_sessions":{"BbZNyyhOfARFkr85qHbhUht+/+B2dlLmjzDjWZMOIOpi":{"registrationId":1565760390,"currentRatchet":{"ephemeralKeyPair":{"pubKey":"BR8qCqO0RRoR7w4D1efg0nxuFXyxLrPlVVF9pMO6VoRr","privKey":"cFwDmi6hU7JwDt+QifIkzc0VeVGun+N3ICB1e9p8kWQ="},"lastRemoteEphemeralKey":"Bd7B3gNBqGlzm19Unu3dzwkmnYT5msoEuyLEiwp+oMpz","previousCounter":0,"rootKey":"u/ixTvQfIugssQTp51y4HosMTWccBmow2C1qi9XivPI="},"indexInfo":{"baseKey":"BbZNyyhOfARFkr85qHbhUht+/+B2dlLmjzDjWZMOIOpi","baseKeyType":1,"closed":-1,"used":1696337704964,"created":1696337704964,"remoteIdentityKey":"BZ9+x9uYre9MpzzxGlYClF3NCv5waEmPP4Fi8JKNhDdK"},"_chains":{"BR8qCqO0RRoR7w4D1efg0nxuFXyxLrPlVVF9pMO6VoRr":{"chainKey":{"counter":2,"key":"Z+8Iw2kLxiE4mVh0N54PNO2yV/BNN3DoH1mGpijj8Lc="},"chainType":1,"messageKeys":{}}},"pendingPreKey":{"signedKeyId":2,"baseKey":"BbZNyyhOfARFkr85qHbhUht+/+B2dlLmjzDjWZMOIOpi","preKeyId":5180440}}},"version":"v1"}