{"_sessions":{"BUkxS4xmu3071Yynl8UC/iqxqWudocqJ/ZS3siDb8Ngl":{"registrationId":1771951133,"currentRatchet":{"ephemeralKeyPair":{"pubKey":"BX9IJgrgfYQYR5pot9DFPsCcXhRl2YmRzuvgwCyBanMz","privKey":"UK/Xs7MVd9TdVRfKAq6zDRG73afXFZNRQjcVJtXLo3s="},"lastRemoteEphemeralKey":"BeSmzC31MaXZzLncHpwYcf43IGjiUCUdqrHIUpBwIWlc","previousCounter":0,"rootKey":"sjiLam5WY6ncWVoUZYzwv+zfk8pnJeIAtVAhAsQpMyM="},"indexInfo":{"baseKey":"BUkxS4xmu3071Yynl8UC/iqxqWudocqJ/ZS3siDb8Ngl","baseKeyType":1,"closed":-1,"used":1696337705443,"created":1696337705443,"remoteIdentityKey":"Bd8pPZUaiNCyECuSiVJJRW877mLvPt/iyI2cwoB0DLty"},"_chains":{"BX9IJgrgfYQYR5pot9DFPsCcXhRl2YmRzuvgwCyBanMz":{"chainKey":{"counter":2,"key":"iX4He+iwicdI4an09adL91EVnd3Efi4fLWyL0us4POI="},"chainType":1,"messageKeys":{}}},"pendingPreKey":{"signedKeyId":0,"baseKey":"BUkxS4xmu3071Yynl8UC/iqxqWudocqJ/ZS3siDb8Ngl"}}},"version":"v1"}