{"_sessions":{"BWiuzU60G6KNFoT8hMvSX6/KxYwa+/bgQktErfaDMtAH":{"registrationId":116854267,"currentRatchet":{"ephemeralKeyPair":{"pubKey":"BaSL68zlSfNYR0is6qHAyol7lBMlARyj3BsDSD+ffhgY","privKey":"MLbhjoYDutvwK/ZkMroREqH/JccUIbQPSMm9pV5fwXM="},"lastRemoteEphemeralKey":"BSCsD3g5zEmSSTChIMMjKChBprQKYbn4E2iLBZRLh81f","previousCounter":0,"rootKey":"7vPS5mpFFOqOe2Pz4HZ2Bm/9lRekX8TX4cb018ypP0k="},"indexInfo":{"baseKey":"BWiuzU60G6KNFoT8hMvSX6/KxYwa+/bgQktErfaDMtAH","baseKeyType":1,"closed":-1,"used":1696337705613,"created":1696337705613,"remoteIdentityKey":"BT03pFWwQT14hIXQEkzNYLpbn3Hzljg6C2AfwriNJwhQ"},"_chains":{"BaSL68zlSfNYR0is6qHAyol7lBMlARyj3BsDSD+ffhgY":{"chainKey":{"counter":2,"key":"HciwnSIrp8nd0FNrKuOyIhN3F68DH4N82CpK06TudPs="},"chainType":1,"messageKeys":{}}},"pendingPreKey":{"signedKeyId":3,"baseKey":"BWiuzU60G6KNFoT8hMvSX6/KxYwa+/bgQktErfaDMtAH","preKeyId":9125666}}},"version":"v1"}