{"_sessions":{"BXcOMSZLZWMoXVyhQRfXzZkGO/q5mgXRf2gdY3dIAwQC":{"registrationId":45475352,"currentRatchet":{"ephemeralKeyPair":{"pubKey":"BXM+gNPpy0foKpxApToryoqub/wxTOhJArTd6BhcoDtn","privKey":"aC610Z4FsdKMdgX4q7txR+qF1lNLtD781/gIjyba33E="},"lastRemoteEphemeralKey":"Be6B1fvrwFmIaohb/WLZguIbw1pJsUt9c+BiIh8W76oY","previousCounter":0,"rootKey":"iQCZ5JpXzYIo9gI2mqDn6kw05OmpRcjMJ/i/MQ+sukM="},"indexInfo":{"baseKey":"BXcOMSZLZWMoXVyhQRfXzZkGO/q5mgXRf2gdY3dIAwQC","baseKeyType":1,"closed":-1,"used":1696337704657,"created":1696337704657,"remoteIdentityKey":"BRnIKHudCrEmhyVJEWmgxHjOB5Av+6YhOw2kR5+1804b"},"_chains":{"BXM+gNPpy0foKpxApToryoqub/wxTOhJArTd6BhcoDtn":{"chainKey":{"counter":2,"key":"qqbic94dMw+q5tRC+40TNcyBzk3en6PnxrjBiqKwiu0="},"chainType":1,"messageKeys":{}}},"pendingPreKey":{"signedKeyId":1,"baseKey":"BXcOMSZLZWMoXVyhQRfXzZkGO/q5mgXRf2gdY3dIAwQC","preKeyId":3052749}}},"version":"v1"}