{"_sessions":{"BcjcaW32xtH4Dg/qT6sXwWD9Bp5nQEp+iMPcOd45nDgW":{"registrationId":1934834107,"currentRatchet":{"ephemeralKeyPair":{"pubKey":"BQZFpJpytDv0GZrzasfLOL+qrshQjbgPBCVoABFm20NF","privKey":"+Ifc0VRTmpvFieNqzyg0cy+wgp6BDgivzd1Qj1tUO0w="},"lastRemoteEphemeralKey":"BbBjvT6NYADjpXrngjh4Xy+9JxAZS/vChhfeQlmmmQtu","previousCounter":0,"rootKey":"1LK8ei+WMKwZinCGSghNU/PpZwMpNZAjcedH6Vekbe0="},"indexInfo":{"baseKey":"BcjcaW32xtH4Dg/qT6sXwWD9Bp5nQEp+iMPcOd45nDgW","baseKeyType":1,"closed":-1,"used":1696337706120,"created":1696337706120,"remoteIdentityKey":"BUwNLfz2d9J1qsRwuG2RLTeOTFkdCYck49Z5YLW5bSY+"},"_chains":{"BQZFpJpytDv0GZrzasfLOL+qrshQjbgPBCVoABFm20NF":{"chainKey":{"counter":2,"key":"m44mnMEQ1NjRQETvgbCkWNexGc7DZVGGZ1fI3umOZR4="},"chainType":1,"messageKeys":{}}},"pendingPreKey":{"signedKeyId":30,"baseKey":"BcjcaW32xtH4Dg/qT6sXwWD9Bp5nQEp+iMPcOd45nDgW","preKeyId":13113003}}},"version":"v1"}