{"_sessions":{"BQ9hJNsOFLXd0K3R2Jvd19r2Yt5J4DD6zpqzYioZolEf":{"registrationId":962265784,"currentRatchet":{"ephemeralKeyPair":{"pubKey":"BWZfW/viXLO/aX6j41LgmWQ987sXWpN23pVC2Bv3fdoe","privKey":"MOKlEha+jiKm21YCSXeTHPO/mYSzWrBlsMrwjtPN/lQ="},"lastRemoteEphemeralKey":"BTguIc+TlmTBudB5TgwIgLrvyOFzvZwi9TsilF0C1vdL","previousCounter":0,"rootKey":"6qC13Cm9TmRQmfx9Hbqr4qnfakOArnmJeAXdJTYyApQ="},"indexInfo":{"baseKey":"BQ9hJNsOFLXd0K3R2Jvd19r2Yt5J4DD6zpqzYioZolEf","baseKeyType":1,"closed":-1,"used":1696337704133,"created":1696337704133,"remoteIdentityKey":"Bc8LUaa4U/sTuCXcnsU80T9GrjHAHyfpP0RT5Y+vo4R5"},"_chains":{"BWZfW/viXLO/aX6j41LgmWQ987sXWpN23pVC2Bv3fdoe":{"chainKey":{"counter":2,"key":"i01Wzpkzq2VvB7trpmKtBt3vRpkaOZVWCnmSS8xPQmQ="},"chainType":1,"messageKeys":{}}},"pendingPreKey":{"signedKeyId":3,"baseKey":"BQ9hJNsOFLXd0K3R2Jvd19r2Yt5J4DD6zpqzYioZolEf","preKeyId":5171064}}},"version":"v1"}