{"_sessions":{"BS7LLyWXsi5IzwtGrmOPpaOl/QJRbCMH8CVHW8ZXYw82":{"registrationId":2017432713,"currentRatchet":{"ephemeralKeyPair":{"pubKey":"BWgB4ZdTlbETNslIAdcx2f9xV0dO1nb6cWdPZwC9J1AX","privKey":"uGmYjQJrZlOFCNmiiZnaeIaw6kvu3Mu4AfaXjWI5pko="},"lastRemoteEphemeralKey":"BdMzdfhK4qTb/StYf0/Xa2YMo6YPT/NM+TZPZ7uDUO08","previousCounter":0,"rootKey":"wKobBflnDABD3XU8FVztFi/51Jebypd9Lc55Zg9yDKQ="},"indexInfo":{"baseKey":"BS7LLyWXsi5IzwtGrmOPpaOl/QJRbCMH8CVHW8ZXYw82","baseKeyType":1,"closed":-1,"used":1696337719307,"created":1696337719307,"remoteIdentityKey":"BQb4Jq9NxxUHK9e6h1GbMLefMsYBPzarZwTbDTr1KFMq"},"_chains":{"BWgB4ZdTlbETNslIAdcx2f9xV0dO1nb6cWdPZwC9J1AX":{"chainKey":{"counter":0,"key":"8wuqlRGkNUS1PlswpmfnQ6itw9OZXUIvtGPtcZoOn8k="},"chainType":1,"messageKeys":{}}},"pendingPreKey":{"signedKeyId":37,"baseKey":"BS7LLyWXsi5IzwtGrmOPpaOl/QJRbCMH8CVHW8ZXYw82","preKeyId":5050942}}},"version":"v1"}