{"_sessions":{"BS7DlldPzTBD6KGNlYWGTrhCRJPhMhvH0t7o2b45xhd1":{"registrationId":2104273614,"currentRatchet":{"ephemeralKeyPair":{"pubKey":"BfchsdGC6uO3L71Cw166d7RHRNeKh6jadSKyKkRXq+or","privKey":"0Iy9fenrBnT2FW/OZ7z+Mup75CrGzrgv5TtJ3ITlhH4="},"lastRemoteEphemeralKey":"BXsVyPyUAPQy3b8wfCQnAYyuK0Dkm/d1ML5NMKxLl+lt","previousCounter":0,"rootKey":"RemH2+jttGv5FtrnAlebnfUXXaibN85h1lQi3uSouc4="},"indexInfo":{"baseKey":"BS7DlldPzTBD6KGNlYWGTrhCRJPhMhvH0t7o2b45xhd1","baseKeyType":1,"closed":-1,"used":1696337703479,"created":1696337703479,"remoteIdentityKey":"BR2dRhbyXx/tEuUiaDvj9Q+8jl/UzGmO8xtf9iMa4cgB"},"_chains":{"BfchsdGC6uO3L71Cw166d7RHRNeKh6jadSKyKkRXq+or":{"chainKey":{"counter":2,"key":"ewwMmJvvZdSl7alFgRXyqFu1eHrakn33kR7FBAo2aJU="},"chainType":1,"messageKeys":{}}},"pendingPreKey":{"signedKeyId":1,"baseKey":"BS7DlldPzTBD6KGNlYWGTrhCRJPhMhvH0t7o2b45xhd1"}}},"version":"v1"}