{"_sessions":{"BQ5CFBpjqMjoFA1DxwH7m5K6eMe7sSKl8ZXSVnnLTqB2":{"registrationId":1808487095,"currentRatchet":{"ephemeralKeyPair":{"pubKey":"BTnqeOILdbV5qEWMXX8Wt8b3ZNA5r9r55PJ69LtdsBAO","privKey":"aDe18uLZPO/zh2ri58uLAMJ2wVeCQFK5v1dy51HtyFU="},"lastRemoteEphemeralKey":"BSOVGrQLElbeYMYG2wgJ64eI61+McyJeKcvp/Z2FOpwK","previousCounter":0,"rootKey":"zkvOrkngGWZmFYZGziWxBmYvnBdLIIKcBCo+ff0J/SI="},"indexInfo":{"baseKey":"BQ5CFBpjqMjoFA1DxwH7m5K6eMe7sSKl8ZXSVnnLTqB2","baseKeyType":1,"closed":-1,"used":1696337705205,"created":1696337705205,"remoteIdentityKey":"BXVw4gRvR+SYw073OYMekhMLcU1Of1tD0rXnrhKnTOI3"},"_chains":{"BTnqeOILdbV5qEWMXX8Wt8b3ZNA5r9r55PJ69LtdsBAO":{"chainKey":{"counter":2,"key":"pianZFVtrF55A5Qzl0L0VHJo00Hmtm7yaXQJLuGkZGI="},"chainType":1,"messageKeys":{}}},"pendingPreKey":{"signedKeyId":6,"baseKey":"BQ5CFBpjqMjoFA1DxwH7m5K6eMe7sSKl8ZXSVnnLTqB2","preKeyId":3108022}}},"version":"v1"}