{"_sessions":{"BSbJMD2mGtOhP3q/QPkLO+E+aJR5EsXLIO7uyfOPhtcp":{"registrationId":1285393203,"currentRatchet":{"ephemeralKeyPair":{"pubKey":"BSYnYQ1HxQqL3aL1UBD+G2lQTP4uPlaXlOACy0U3W3B4","privKey":"uDPzwFvfhWMxyaqKteyqt0fRM/pMnzkTInsuqg6p4Hk="},"lastRemoteEphemeralKey":"BcfT2b105mFwy1Bcpagja3O6IEQIJNYGW411hZUb6WEZ","previousCounter":0,"rootKey":"Zzuwxa40DVQ2p9nXn2IctHIk92MSeAxLkpUfZwIrGE8="},"indexInfo":{"baseKey":"BSbJMD2mGtOhP3q/QPkLO+E+aJR5EsXLIO7uyfOPhtcp","baseKeyType":1,"closed":-1,"used":1696337706460,"created":1696337706460,"remoteIdentityKey":"BUBTrEKiQoTXpT7nDXTotMbjRaW0RKAaCFzN4XLvLSE1"},"_chains":{"BSYnYQ1HxQqL3aL1UBD+G2lQTP4uPlaXlOACy0U3W3B4":{"chainKey":{"counter":2,"key":"yrqK4TflLYQbB0kSaycbdsL+AGKhO1RQnGzwl196lxA="},"chainType":1,"messageKeys":{}}},"pendingPreKey":{"signedKeyId":5,"baseKey":"BSbJMD2mGtOhP3q/QPkLO+E+aJR5EsXLIO7uyfOPhtcp","preKeyId":16211127}}},"version":"v1"}