{"_sessions":{"BQfAZAirNcOcM8mDtVkiSS+uL5SkvQauheGSO4mNvgBD":{"registrationId":1321513430,"currentRatchet":{"ephemeralKeyPair":{"pubKey":"BeHwCZrGSOAbD7v/3KdzGZHKN3PMWokZmjlPwgNfC/gX","privKey":"eOZ5Ye9uSv+LMk7He46t7IWq8a1FNNtokV2rJCPu0VI="},"lastRemoteEphemeralKey":"BdX4MxFNC77Lk227hxBaC3vV10k1KFyfd02lKHRVUOkF","previousCounter":0,"rootKey":"Je/3bGe5RmX4qi1+JLV7ZvWHDXnkSp3i+NQjDUY3tN4="},"indexInfo":{"baseKey":"BQfAZAirNcOcM8mDtVkiSS+uL5SkvQauheGSO4mNvgBD","baseKeyType":1,"closed":-1,"used":1696337719357,"created":1696337719357,"remoteIdentityKey":"BaZjcNAtM37IvBBxoU0kpw8fpnD7pXKF8C9hm5ME5Qhl"},"_chains":{"BeHwCZrGSOAbD7v/3KdzGZHKN3PMWokZmjlPwgNfC/gX":{"chainKey":{"counter":0,"key":"IYWCRA6XoTa3PmejYkJxoVUOg3GZu16hAeBurKORLzs="},"chainType":1,"messageKeys":{}}},"pendingPreKey":{"signedKeyId":2,"baseKey":"BQfAZAirNcOcM8mDtVkiSS+uL5SkvQauheGSO4mNvgBD","preKeyId":16067520}}},"version":"v1"}