{"_sessions":{"BbLnIedPot54+PpI9AXlfpu3kvTOFhOtdDXhb/K0y5pe":{"registrationId":1553926410,"currentRatchet":{"ephemeralKeyPair":{"pubKey":"BQvWbfUPjOzZOwOXVJAzbAEOcmZvBm9tE+JdyYMSbfEr","privKey":"+BwAXa+FnhAAHisaYuvm+EDe//eQUpqVJaRSAMho918="},"lastRemoteEphemeralKey":"BeFgSOcnP4g0V+7RbAc4c9J+4st+5eEZYCcJAMTqE/tR","previousCounter":0,"rootKey":"utSikok7cvWIq5tTJHfPqJonNJB7soOdkZTeTN0SiU8="},"indexInfo":{"baseKey":"BbLnIedPot54+PpI9AXlfpu3kvTOFhOtdDXhb/K0y5pe","baseKeyType":1,"closed":-1,"used":1696337751892,"created":1696337751892,"remoteIdentityKey":"BSsCeVXUsikPq696WALFxmR9EmDR92EiunYEzfEC67on"},"_chains":{"BQvWbfUPjOzZOwOXVJAzbAEOcmZvBm9tE+JdyYMSbfEr":{"chainKey":{"counter":0,"key":"QfDcFgyA1hyFyUFCHWZRS2U2Ve92fpa/7HWD3YXPvw4="},"chainType":1,"messageKeys":{}}},"pendingPreKey":{"signedKeyId":1,"baseKey":"BbLnIedPot54+PpI9AXlfpu3kvTOFhOtdDXhb/K0y5pe","preKeyId":11528856}}},"version":"v1"}