{"_sessions":{"BbIT5btOj8c0x8y7N3Me66vjQA2R3FChdXqGVQ9VALwW":{"registrationId":4379,"currentRatchet":{"ephemeralKeyPair":{"pubKey":"BYZJwD4AaR45M4c2litPLe+kfasAtP+PxMq/ZsBxA30L","privKey":"kEcQ2QUtIY7CWvAswK24Gd5Uj1XI07L2qF5RITp6tmE="},"lastRemoteEphemeralKey":"BX0cAOTdp52A3qKF5SER4CtTrBm3p3mFBIlyC15gBAEa","previousCounter":0,"rootKey":"CD+1+trCGXikehGqBMboLtE/o6IKZ0/jWpc1eZcJpdM="},"indexInfo":{"baseKey":"BbIT5btOj8c0x8y7N3Me66vjQA2R3FChdXqGVQ9VALwW","baseKeyType":1,"closed":-1,"used":1696337703957,"created":1696337703957,"remoteIdentityKey":"BVoI/4SBlqvv2hZagio0GaGj7NCkhcxSdWEjYGBDrg9z"},"_chains":{"BYZJwD4AaR45M4c2litPLe+kfasAtP+PxMq/ZsBxA30L":{"chainKey":{"counter":4,"key":"iggI1uGP2C508C40oJEjblJ0jojEyEOZSs2rDDf63g4="},"chainType":1,"messageKeys":{}}},"pendingPreKey":{"signedKeyId":1,"baseKey":"BbIT5btOj8c0x8y7N3Me66vjQA2R3FChdXqGVQ9VALwW"}}},"version":"v1"}