{"_sessions":{"BRgsyVhZ7l4UQ0kasM8YJ3wFZX5mLAo2znrZWiRbaBpm":{"registrationId":54730642,"currentRatchet":{"ephemeralKeyPair":{"pubKey":"BfloPc1guE1btw8pnMzQbYxVJOn2KawiinCOwLSF4lUr","privKey":"AOl8/1mCGGc4pemszvQFMf5gtZfe8NjkUtrv7fYdA0w="},"lastRemoteEphemeralKey":"BcyjyGJ/h7IpnBzi4j7no6pN6CxZcRUnjh8jyUxmp5gZ","previousCounter":0,"rootKey":"rERGtcyKGlkpa0AC23y8zI1jyAbP1GWtrN+lS9a1baw="},"indexInfo":{"baseKey":"BRgsyVhZ7l4UQ0kasM8YJ3wFZX5mLAo2znrZWiRbaBpm","baseKeyType":1,"closed":-1,"used":1696337705951,"created":1696337705951,"remoteIdentityKey":"Bcr4wI30PvwM6IZ1o+Kk6amiTGuEU5MNb6PPYHrq2R5F"},"_chains":{"BfloPc1guE1btw8pnMzQbYxVJOn2KawiinCOwLSF4lUr":{"chainKey":{"counter":2,"key":"a9gw/jZdKBmvbg3XHl6pwh8ADtLm5fAxkIthTACtjgk="},"chainType":1,"messageKeys":{}}},"pendingPreKey":{"signedKeyId":30,"baseKey":"BRgsyVhZ7l4UQ0kasM8YJ3wFZX5mLAo2znrZWiRbaBpm","preKeyId":11484931}}},"version":"v1"}