{"_sessions":{"BTCHHSrmxXobENwQc7B3yj6Mh+15Xr1X2fWFcR45mDha":{"registrationId":1983222681,"currentRatchet":{"ephemeralKeyPair":{"pubKey":"BRX5vGLyMllLbG2+TyCZug3PfYFM9fCjg08RnmIgzIND","privKey":"KIttkY+uI84tHCyJZ2ZcnSFCuIfsW+byO2V9RQr1nX0="},"lastRemoteEphemeralKey":"Be8lQOeI6Sg3hDdRT1dW293WIx80TJWM9DktknF2K9N7","previousCounter":0,"rootKey":"IJj8JNVuyawFDwkNnYCKDFzemSepAN0l6YudM7allR4="},"indexInfo":{"baseKey":"BTCHHSrmxXobENwQc7B3yj6Mh+15Xr1X2fWFcR45mDha","baseKeyType":1,"closed":-1,"used":1696337705509,"created":1696337705509,"remoteIdentityKey":"BfcKKZOQA3nAzwiEC22cOXwKZUIRk1RHAku68iMlv28y"},"_chains":{"BRX5vGLyMllLbG2+TyCZug3PfYFM9fCjg08RnmIgzIND":{"chainKey":{"counter":2,"key":"cVhwzLrqHCgfgir4+4sGLOWIP2yw1hTmoMIakrlZ7sM="},"chainType":1,"messageKeys":{}}},"pendingPreKey":{"signedKeyId":1,"baseKey":"BTCHHSrmxXobENwQc7B3yj6Mh+15Xr1X2fWFcR45mDha","preKeyId":185363}}},"version":"v1"}