{"_sessions":{"BZo36nmigITASeBYykUfE+6ITGdFovSOeAPsqyWE0HUj":{"registrationId":53864660,"currentRatchet":{"ephemeralKeyPair":{"pubKey":"BWUbv3HzOGaYZ1vKxx8zvTvecUhBEXbZnmno7u6lnMpS","privKey":"yMFGtnnoYBOHw8GTuzWLoxvlAb4wLQHjznuQgX0CNFQ="},"lastRemoteEphemeralKey":"BYWode80HxzGXhXnc3S6/EPuQJy7zEIBbzfF2EpLy20i","previousCounter":0,"rootKey":"XHatCd0p67fbqrtyrxjKtCz+gOOXLgkWM+W0iK5I0ho="},"indexInfo":{"baseKey":"BZo36nmigITASeBYykUfE+6ITGdFovSOeAPsqyWE0HUj","baseKeyType":1,"closed":-1,"used":1696337704749,"created":1696337704749,"remoteIdentityKey":"BXnGeRiTuVN1e5vdxnYnyjzYHoqdbqxGpAj39Yybx3FV"},"_chains":{"BWUbv3HzOGaYZ1vKxx8zvTvecUhBEXbZnmno7u6lnMpS":{"chainKey":{"counter":2,"key":"Bm1PSIUNk2Jq93XOijGMDOCYnoVY8xDwVd8sL+vPUAE="},"chainType":1,"messageKeys":{}}},"pendingPreKey":{"signedKeyId":0,"baseKey":"BZo36nmigITASeBYykUfE+6ITGdFovSOeAPsqyWE0HUj","preKeyId":3754774}}},"version":"v1"}