{"_sessions":{"Bf8ThSfJVFDOMqBC6t2Ri6w/w6WZY+TxwYsCL9yfrUNs":{"registrationId":1736348898,"currentRatchet":{"ephemeralKeyPair":{"pubKey":"BQcIx1T9b4fPjEoLwarwzvs1a7M4cEG2eUQvKTuPfqsR","privKey":"aJLq/gbOLOTCgepubmDiuSuvsqv5FPHYGm5qSLNE60o="},"lastRemoteEphemeralKey":"BRAeYklC7FB3c7DEgmfiR5uBD5kYK3Lz09dmaMJRvIAr","previousCounter":0,"rootKey":"9+bLSUWiBxzDfnTGdwIOL/CE9yw0cJp0oIv6fCwZpZI="},"indexInfo":{"baseKey":"Bf8ThSfJVFDOMqBC6t2Ri6w/w6WZY+TxwYsCL9yfrUNs","baseKeyType":1,"closed":-1,"used":1696337703243,"created":1696337703243,"remoteIdentityKey":"BXF3p9rg6YCvShAAcUSoSBheKgRDVn1KAzCxWPsJo8U3"},"_chains":{"BQcIx1T9b4fPjEoLwarwzvs1a7M4cEG2eUQvKTuPfqsR":{"chainKey":{"counter":2,"key":"IYsgcPfEIBqvCEXF35SN3t0QFJA5A0TFDz2J6zbF8+Y="},"chainType":1,"messageKeys":{}}},"pendingPreKey":{"signedKeyId":1,"baseKey":"Bf8ThSfJVFDOMqBC6t2Ri6w/w6WZY+TxwYsCL9yfrUNs","preKeyId":10502698}}},"version":"v1"}