{"_sessions":{"BXwcIkuv4/Iycjto6WUOqG7pOQcN68YrwMpXM4+TvX5V":{"registrationId":246,"currentRatchet":{"ephemeralKeyPair":{"pubKey":"Bf1PH82xVNSAc210OSeGZXKI6e8TaBd3iRaZiEuzT6Vf","privKey":"sJ6rydxhu9+8G7xfLunLMicbgtVKjNacLQlCmtd4jHk="},"lastRemoteEphemeralKey":"BRgd08tDPO5nMnKOTGy4sn3vL/gkWAkj7kmcks0ofBJe","previousCounter":0,"rootKey":"v1f8pz6EDhUJmCe755q9VZOha1lpPl0IimqL55dMM6w="},"indexInfo":{"baseKey":"BXwcIkuv4/Iycjto6WUOqG7pOQcN68YrwMpXM4+TvX5V","baseKeyType":1,"closed":-1,"used":1696337703434,"created":1696337703434,"remoteIdentityKey":"BRNvitey1WkC/O9l0loasvJ+EZtSCV+ofUXwU7DZYMps"},"_chains":{"Bf1PH82xVNSAc210OSeGZXKI6e8TaBd3iRaZiEuzT6Vf":{"chainKey":{"counter":2,"key":"DgVmODV0l3uv+3QZLg8sQKk49nIUnId7KKCs0NQDpYQ="},"chainType":1,"messageKeys":{}}},"pendingPreKey":{"signedKeyId":1,"baseKey":"BXwcIkuv4/Iycjto6WUOqG7pOQcN68YrwMpXM4+TvX5V"}}},"version":"v1"}