{"_sessions":{"BaB9kd8/cPyzj+LSVkZKL2P6DM4eD+tIiiIpeRaDTWNg":{"registrationId":1853688933,"currentRatchet":{"ephemeralKeyPair":{"pubKey":"Batrd5rgLjIhdRHFoIo5D5PugLjRybz4D6FmoEH1Xwlf","privKey":"yKRHzGxtiB9CZlb7G5STHy4Iv9aT5GjwRQKyr7INg0Y="},"lastRemoteEphemeralKey":"BZE06krCxgr6I6BTNC3ltAR9ADlz77bhEcoCDxBs8O0I","previousCounter":0,"rootKey":"wqKIAX1/HwEU/5+zPNKLympf8pXD/PezASHjX/z4WZc="},"indexInfo":{"baseKey":"BaB9kd8/cPyzj+LSVkZKL2P6DM4eD+tIiiIpeRaDTWNg","baseKeyType":1,"closed":-1,"used":1696337731643,"created":1696337731643,"remoteIdentityKey":"BXRtE9WYlmsF88cCfIAa3Fcppt8t1cBMD8a82yjIkjNd"},"_chains":{"Batrd5rgLjIhdRHFoIo5D5PugLjRybz4D6FmoEH1Xwlf":{"chainKey":{"counter":0,"key":"+U3fxJiNUXUZmg4iu0PdSqCYs6h0AlT+YRg9T0Ine+c="},"chainType":1,"messageKeys":{}}},"pendingPreKey":{"signedKeyId":14,"baseKey":"BaB9kd8/cPyzj+LSVkZKL2P6DM4eD+tIiiIpeRaDTWNg","preKeyId":3308117}}},"version":"v1"}