{"_sessions":{"BZg/ByroS3fCmB1wMl/McA/5SdZUtz63zST5gEJH+Dtp":{"registrationId":354578471,"currentRatchet":{"ephemeralKeyPair":{"pubKey":"BdYTqA4PJXeh/HVgiv+EOeXtaVLY1Ix2//bXG9H3DPYY","privKey":"8PZBqGvz2ilpc+2aAXS7FflxxeRWHX0fi7J3WUdFMkg="},"lastRemoteEphemeralKey":"BVYFL1ctZXfSZ/DcUzpivf/LvibNb8t8QbWW6kzUkpNG","previousCounter":0,"rootKey":"Bm7Ko1gfev1r/MLzQEy4xmpON4BGlIRRWKqE4iSz724="},"indexInfo":{"baseKey":"BZg/ByroS3fCmB1wMl/McA/5SdZUtz63zST5gEJH+Dtp","baseKeyType":1,"closed":-1,"used":1696337731758,"created":1696337731758,"remoteIdentityKey":"Be5sw+0rl/huhQaGbpht38xxCZkhWYsyvlHFWRO2eXoZ"},"_chains":{"BdYTqA4PJXeh/HVgiv+EOeXtaVLY1Ix2//bXG9H3DPYY":{"chainKey":{"counter":0,"key":"S1xC0tVnvAOjNFFpl86wSd8hJ+KTc9GazjvMZTCrqVI="},"chainType":1,"messageKeys":{}}},"pendingPreKey":{"signedKeyId":3,"baseKey":"BZg/ByroS3fCmB1wMl/McA/5SdZUtz63zST5gEJH+Dtp","preKeyId":4307645}}},"version":"v1"}