{"_sessions":{"Bb0ceC0JVAexFcLq/XQt4WCoGo/IOJ1wc3R+w8Xfs7Vg":{"registrationId":611263779,"currentRatchet":{"ephemeralKeyPair":{"pubKey":"BRSBaqef/H+Ny48i9FTWJqYpsuiCkHOyeZ5NPHMqwD4G","privKey":"YPE7wrQyfhsQG6xXHElH9GrLfM4E/ryZdCkOiGWNqXs="},"lastRemoteEphemeralKey":"Ba5nqfl3JdwKA1jNKqszj7iy+NiVajybJ9gdWwWHDnUM","previousCounter":0,"rootKey":"io57SsstWJ/EdCdgP0AihTVu4w+MP/MP28ooxciV810="},"indexInfo":{"baseKey":"Bb0ceC0JVAexFcLq/XQt4WCoGo/IOJ1wc3R+w8Xfs7Vg","baseKeyType":1,"closed":-1,"used":1696337751904,"created":1696337751904,"remoteIdentityKey":"BZsGrYe1yg6IFUi13UPzu2rSM91b8FiBy5/Okmz3cJNz"},"_chains":{"BRSBaqef/H+Ny48i9FTWJqYpsuiCkHOyeZ5NPHMqwD4G":{"chainKey":{"counter":0,"key":"Kg7n6yjmefOwbtUP4P1yRrFxGmoELsBP7XtO2pryzig="},"chainType":1,"messageKeys":{}}},"pendingPreKey":{"signedKeyId":3,"baseKey":"Bb0ceC0JVAexFcLq/XQt4WCoGo/IOJ1wc3R+w8Xfs7Vg","preKeyId":1576311}}},"version":"v1"}