{"_sessions":{"BWiAGnoCO7aoYomRSuWcKU1hIIrXu8m+6+qHNsWUML88":{"registrationId":1886089600,"currentRatchet":{"ephemeralKeyPair":{"pubKey":"BdOmSJANEwWNOBNiTOJIMKt7wXxoCiPtpDy4+DyQqFEn","privKey":"iHExXQgn3I2+yV5+IT3NFTDbYrroxxZ/urOzLzdAjHg="},"lastRemoteEphemeralKey":"BWdqwsEtKEceAzJ7qjGpnTAiFG3YtVdiX1b/Z5oCnQBb","previousCounter":0,"rootKey":"zYDvxLZRNT75P9c948mBCyV951m/Nb9WKpimywfKWyI="},"indexInfo":{"baseKey":"BWiAGnoCO7aoYomRSuWcKU1hIIrXu8m+6+qHNsWUML88","baseKeyType":1,"closed":-1,"used":1696337753009,"created":1696337753009,"remoteIdentityKey":"BdM9rgmSKPullWw/7ysqJB1huSvNSNcELpp3OQnZj1d2"},"_chains":{"BdOmSJANEwWNOBNiTOJIMKt7wXxoCiPtpDy4+DyQqFEn":{"chainKey":{"counter":0,"key":"G2dw5xAsqh5M3stwJhmHkZ3sUQiYLXfHhLajKhijhtE="},"chainType":1,"messageKeys":{}}},"pendingPreKey":{"signedKeyId":4,"baseKey":"BWiAGnoCO7aoYomRSuWcKU1hIIrXu8m+6+qHNsWUML88","preKeyId":12051123}}},"version":"v1"}