{"_sessions":{"BYvMoZHuuW8lwIMDs5/4382Q9Viw0LOYe5ch9xgs0pEk":{"registrationId":1908021255,"currentRatchet":{"ephemeralKeyPair":{"pubKey":"BQdyzqx1ReoAxJgEodXu66LM1+SrRWGXCKQ2dOMJPrkK","privKey":"KJ5dmkS3ffxSuIstJpw8dBd/YKYqsVNGMpl/bqiRpXQ="},"lastRemoteEphemeralKey":"Bdt0l6EmtCUwuUNPdg86qG1LBAjtYTAXevIrXODvXuI2","previousCounter":0,"rootKey":"UPhWqeUAxyXOJpSxW8k1aAMPM4156Z5pAPzINJp/Sa0="},"indexInfo":{"baseKey":"BYvMoZHuuW8lwIMDs5/4382Q9Viw0LOYe5ch9xgs0pEk","baseKeyType":1,"closed":-1,"used":1696337706775,"created":1696337706775,"remoteIdentityKey":"BSuZTpMKD4s4X4Mya3j0lzOA0TZ1qKaogUYpNXzFUHcM"},"_chains":{"BQdyzqx1ReoAxJgEodXu66LM1+SrRWGXCKQ2dOMJPrkK":{"chainKey":{"counter":2,"key":"j8swi8kU+PuwiVUu13RVFuAp/hLTn8mZk62JBCK/siM="},"chainType":1,"messageKeys":{}}},"pendingPreKey":{"signedKeyId":19,"baseKey":"BYvMoZHuuW8lwIMDs5/4382Q9Viw0LOYe5ch9xgs0pEk","preKeyId":8862004}}},"version":"v1"}