{"_sessions":{"BSZe5Z2qk4OV8mzohfLvo6GzWksUxMMlAk8FRCArLmUR":{"registrationId":1637847857,"currentRatchet":{"ephemeralKeyPair":{"pubKey":"BaGjKuvFAWxO6WJ1JtldOMcuHqMgV+Xk9n/Lr+Ol/D4w","privKey":"qDHBtIq84F3UPQuFJZh5mM61Dago00xAuT9P5niLql0="},"lastRemoteEphemeralKey":"BVRVUkoh44UL1lCYtX3O3HE7HX9N8zBZsAl/3DsvlykM","previousCounter":0,"rootKey":"HSSkxLg23mbqzOnqGVXLtsmIDZFapmsH9EqDMhmxbuM="},"indexInfo":{"baseKey":"BSZe5Z2qk4OV8mzohfLvo6GzWksUxMMlAk8FRCArLmUR","baseKeyType":1,"closed":-1,"used":1696337705875,"created":1696337705875,"remoteIdentityKey":"Bd84ADqwyKoWD72kI1li1lLP+OTU0zMb0TFUqwPRlu88"},"_chains":{"BaGjKuvFAWxO6WJ1JtldOMcuHqMgV+Xk9n/Lr+Ol/D4w":{"chainKey":{"counter":2,"key":"y5nbQdShfuicwut8ol/1KnPz3m2Y54GI2yN1IFlHZaQ="},"chainType":1,"messageKeys":{}}},"pendingPreKey":{"signedKeyId":0,"baseKey":"BSZe5Z2qk4OV8mzohfLvo6GzWksUxMMlAk8FRCArLmUR","preKeyId":9199246}}},"version":"v1"}