{"_sessions":{"BeHtcaWYD3prD9AcephEZOAmPJedBMUO5f6orMNqgQk8":{"registrationId":490971479,"currentRatchet":{"ephemeralKeyPair":{"pubKey":"BRLpTx0Hj01T4p7Mc8GqiMC9q08x3gI45sTPEJl1pucq","privKey":"gL5IRs6DdnPF8OOEh1lKTlxx3mwpX4ngOGhdzWE9Smw="},"lastRemoteEphemeralKey":"Bb0IQEkj6FCvYfAgshARzntudv69PwBshy9tc92VGY9Z","previousCounter":0,"rootKey":"Xwt+pm88hV65xVulNc3IrQ2xRfTU3n9J+T7tDBbmB60="},"indexInfo":{"baseKey":"BeHtcaWYD3prD9AcephEZOAmPJedBMUO5f6orMNqgQk8","baseKeyType":1,"closed":-1,"used":1696337707104,"created":1696337707104,"remoteIdentityKey":"BbN0US6j2jt9PaH3JgeBOn8DDJePAn2iFa/7tm6Fahhv"},"_chains":{"BRLpTx0Hj01T4p7Mc8GqiMC9q08x3gI45sTPEJl1pucq":{"chainKey":{"counter":2,"key":"HkVnJ6lYfOGlPdVJODU8wlqYO/9jx0aEpz/dZ4z7SXM="},"chainType":1,"messageKeys":{}}},"pendingPreKey":{"signedKeyId":1,"baseKey":"BeHtcaWYD3prD9AcephEZOAmPJedBMUO5f6orMNqgQk8","preKeyId":15352703}}},"version":"v1"}