{"_sessions":{"BUq7BwwpUbu3XOBaNmYW0h6Vp6WNQGI0EfeG4lq/c8db":{"registrationId":1394175909,"currentRatchet":{"ephemeralKeyPair":{"pubKey":"BTiqZSON2cAZnOAD6x5GA+tAV2rKRPTQqOdL+TIMC7NE","privKey":"kLBw2b8yCgCVXE6HKGfhoQbo56NDQrwOogaicUleJkE="},"lastRemoteEphemeralKey":"BV484bxVC9ggLfE5+7cb8iRl9mPmafBFdYQQ3pCyf6ho","previousCounter":0,"rootKey":"9roJkwg+lmSbS5Aje1gIa5qMzjne2PLZyQrI8tde8WY="},"indexInfo":{"baseKey":"BUq7BwwpUbu3XOBaNmYW0h6Vp6WNQGI0EfeG4lq/c8db","baseKeyType":1,"closed":-1,"used":1696337752186,"created":1696337752186,"remoteIdentityKey":"BY5ld7y0cMnVR7qsloUjJKHEd7tpt6Rh1JSg289lCfR3"},"_chains":{"BTiqZSON2cAZnOAD6x5GA+tAV2rKRPTQqOdL+TIMC7NE":{"chainKey":{"counter":0,"key":"NMbqMOrNa71/prCOH/DVeJaWNFJBj872jOPXYFyNgMU="},"chainType":1,"messageKeys":{}}},"pendingPreKey":{"signedKeyId":7,"baseKey":"BUq7BwwpUbu3XOBaNmYW0h6Vp6WNQGI0EfeG4lq/c8db","preKeyId":16109505}}},"version":"v1"}