{"_sessions":{"BehO3SQPrirAUKQ9viwQYkyWGiArfAqT7EQIkPAj/TYD":{"registrationId":1334580304,"currentRatchet":{"ephemeralKeyPair":{"pubKey":"BVlLhtjhfekpUzXUis3jG2BT/E7Pz+h82yKOxdi1xCAY","privKey":"YK+ZvE01JyPsps/LyNQJpF26ihPqV1i52MhSwt2BfmQ="},"lastRemoteEphemeralKey":"BSKgsmADqaqG61kEZ7HNbg9V4vooPBNRaH7yBAJLeJtp","previousCounter":0,"rootKey":"bIpF4vpf4pONu9CFK6WnnaAtXQSO6eVtm9ZzxySOKLk="},"indexInfo":{"baseKey":"BehO3SQPrirAUKQ9viwQYkyWGiArfAqT7EQIkPAj/TYD","baseKeyType":1,"closed":-1,"used":1696337719792,"created":1696337719792,"remoteIdentityKey":"BWHjAQCmYvgy4XfrvzRhgiYITuxr9Z/QVn3lGIL6RL4z"},"_chains":{"BVlLhtjhfekpUzXUis3jG2BT/E7Pz+h82yKOxdi1xCAY":{"chainKey":{"counter":0,"key":"BjDWP3yY+8ghrrm+gwoXWSH6AKD67jCx6UUOCYvTXnY="},"chainType":1,"messageKeys":{}}},"pendingPreKey":{"signedKeyId":1,"baseKey":"BehO3SQPrirAUKQ9viwQYkyWGiArfAqT7EQIkPAj/TYD","preKeyId":12340301}}},"version":"v1"}