{"_sessions":{"BWwICnm0DzjvpZZqSSC3DmqlqBDI2hSMiHkTs+Y3NoQr":{"registrationId":10,"currentRatchet":{"ephemeralKeyPair":{"pubKey":"BcLtAUwiCx9DiLEFOuvVmUWM5Nia5XkeX8STX52TMQ9e","privKey":"8Fx6s/anaUNCgKtDH90H8BLRsheZjJ5BVsS+QMrr0HA="},"lastRemoteEphemeralKey":"BRxp1fTJQ9nWm9Z8eLmJgzBlVFPt7X/qP4RefT8cIdou","previousCounter":0,"rootKey":"bIptEUTgCKDavr7mtuFgXVG4WQkVwngKW/EHbNq2E8w="},"indexInfo":{"baseKey":"BWwICnm0DzjvpZZqSSC3DmqlqBDI2hSMiHkTs+Y3NoQr","baseKeyType":1,"closed":-1,"used":1696337703326,"created":1696337703326,"remoteIdentityKey":"BYg0CNOYp9WyIY3/DB5dUNBKGppRgh8T9EFwOoBgNb1B"},"_chains":{"BcLtAUwiCx9DiLEFOuvVmUWM5Nia5XkeX8STX52TMQ9e":{"chainKey":{"counter":2,"key":"HkeS5pjrHLEp/VJxiMvKdXvgEpP7yUHHUTgSYVCLWcE="},"chainType":1,"messageKeys":{}}},"pendingPreKey":{"signedKeyId":1,"baseKey":"BWwICnm0DzjvpZZqSSC3DmqlqBDI2hSMiHkTs+Y3NoQr"}}},"version":"v1"}