{"_sessions":{"BQn6/KbfK5vkL2DkwlkIC82NR19dU0F46ZzooYyNwp4Z":{"registrationId":1090531030,"currentRatchet":{"ephemeralKeyPair":{"pubKey":"BYiQ3L2ccz5v+W7AjdLCvyXNujplmO2npVn3hXQ+1GIU","privKey":"WCcacP1EhQsBA5QEGz3jxcSdN3rc4lN9SW7a95pQq3w="},"lastRemoteEphemeralKey":"Bcy6fTgkHoPQxuIU++6803AOykwcCHC7Bs1xMi1VwVwd","previousCounter":0,"rootKey":"G25GMmRS4EwbO0una1xJf3ppBWyrK91Lzzw/oxj2atw="},"indexInfo":{"baseKey":"BQn6/KbfK5vkL2DkwlkIC82NR19dU0F46ZzooYyNwp4Z","baseKeyType":1,"closed":-1,"used":1696337752777,"created":1696337752777,"remoteIdentityKey":"BfGipOlhOTF3fxpMdzQc8zlsjFyQmi5lUFprOHk4KbVc"},"_chains":{"BYiQ3L2ccz5v+W7AjdLCvyXNujplmO2npVn3hXQ+1GIU":{"chainKey":{"counter":0,"key":"dlN83uqqQjBV+cVss9D2d+z6VoLPwmvODU1vl1WKvJ8="},"chainType":1,"messageKeys":{}}},"pendingPreKey":{"signedKeyId":3,"baseKey":"BQn6/KbfK5vkL2DkwlkIC82NR19dU0F46ZzooYyNwp4Z","preKeyId":7244714}}},"version":"v1"}