{"_sessions":{"BYNWus8LIdv66gHmxHhZ3IL5Z5yN4js4JjUydyaW3Hkn":{"registrationId":1434231832,"currentRatchet":{"ephemeralKeyPair":{"pubKey":"BQRkYvU2znOZXntjmICHQUHIX1MLbnXWJbOMTcm1CJET","privKey":"sEg3mNvA8blkCD0TStq9Jg8ZQWoX7TISvO3DWtOM/Uk="},"lastRemoteEphemeralKey":"BTOIhrc1+I8CYr86KDUJi1S93RmlfkoRozcXvf0JE9Z0","previousCounter":0,"rootKey":"gjb6jf2U6hoQfa/1i4mr11IVIazaIeEf7jJ1GhmfIKk="},"indexInfo":{"baseKey":"BYNWus8LIdv66gHmxHhZ3IL5Z5yN4js4JjUydyaW3Hkn","baseKeyType":1,"closed":-1,"used":1696337704573,"created":1696337704573,"remoteIdentityKey":"BUKxSjV24/c3VUWdNJetlAPhqxy9SwZrgXGW6oLblnMs"},"_chains":{"BQRkYvU2znOZXntjmICHQUHIX1MLbnXWJbOMTcm1CJET":{"chainKey":{"counter":2,"key":"MZWfKNLl7Zowk7ROt1s+OH8huS2JOyeWy5pJpVw4jFY="},"chainType":1,"messageKeys":{}}},"pendingPreKey":{"signedKeyId":30961,"baseKey":"BYNWus8LIdv66gHmxHhZ3IL5Z5yN4js4JjUydyaW3Hkn","preKeyId":11151644}}},"version":"v1"}