{"_sessions":{"BUeUJJpIeqmaJefp3L/5VaOqquCOkcyidJ/WhWwn9Adb":{"registrationId":1207618288,"currentRatchet":{"ephemeralKeyPair":{"pubKey":"BfFBIawHuqcBrwIqaZN1ufZZhIpNOXifQ+K8fM64tsF4","privKey":"IGcGmR1kZ6o0Tj9bs5othPjt/t8TxY2FYmAkjJwshU0="},"lastRemoteEphemeralKey":"BZwbL3gdqx/x0l9M/eCxLujRa5mTekz/YCLAtdGsFuoP","previousCounter":0,"rootKey":"luRYnGs6S32GqRyDIDLTQ4DFuogjb24p2uCiA5qLvaQ="},"indexInfo":{"baseKey":"BUeUJJpIeqmaJefp3L/5VaOqquCOkcyidJ/WhWwn9Adb","baseKeyType":1,"closed":-1,"used":1696337731809,"created":1696337731809,"remoteIdentityKey":"BSHro69RQvOmMdwWgclbPUcoyIqO6nYwbchri4E0GEU9"},"_chains":{"BfFBIawHuqcBrwIqaZN1ufZZhIpNOXifQ+K8fM64tsF4":{"chainKey":{"counter":1,"key":"F06QF5ZhpQVORpun/QOlWGbi851HFnU42vGXq9xBnKs="},"chainType":1,"messageKeys":{}}},"pendingPreKey":{"signedKeyId":0,"baseKey":"BUeUJJpIeqmaJefp3L/5VaOqquCOkcyidJ/WhWwn9Adb","preKeyId":3037008}}},"version":"v1"}