{"_sessions":{"BQV4QZkBNZSXP6Lnc6G9BCWZki4NS0awpoiR+XddOAgM":{"registrationId":377289064,"currentRatchet":{"ephemeralKeyPair":{"pubKey":"BSuqxpjZ88HWq8L5q7d8CC0AYSQchYIksi/cw6C3yC8D","privKey":"WBTDVJTWuGTLVL4723o/fJkbbZ6CR+EmEDUTVP5CM2Q="},"lastRemoteEphemeralKey":"BVm598BuadHMIFU9ib1WknkuWxqCpnQ8dgjdq4WG90to","previousCounter":0,"rootKey":"RBzyPlYdL+kBcJMRnXwPl1sBmwPmolgrnLHvuI2TCHY="},"indexInfo":{"baseKey":"BQV4QZkBNZSXP6Lnc6G9BCWZki4NS0awpoiR+XddOAgM","baseKeyType":1,"closed":-1,"used":1696337752552,"created":1696337752552,"remoteIdentityKey":"BberZNjSD7y1HVW89ikiTBzTUCKU3M5BJagMwTvXb4FR"},"_chains":{"BSuqxpjZ88HWq8L5q7d8CC0AYSQchYIksi/cw6C3yC8D":{"chainKey":{"counter":0,"key":"E8w+2ANcgTeDXQmh0cAm2Rk5HZmWSnDOEdZcsgLnUbg="},"chainType":1,"messageKeys":{}}},"pendingPreKey":{"signedKeyId":18,"baseKey":"BQV4QZkBNZSXP6Lnc6G9BCWZki4NS0awpoiR+XddOAgM","preKeyId":8190330}}},"version":"v1"}