{"_sessions":{"BVMxg/OlBKG8jabq9FWdRljbKqJkGeYV0gGPFm1TqcQg":{"registrationId":1510247952,"currentRatchet":{"ephemeralKeyPair":{"pubKey":"BUGC+az5gKm23Ab+ji1xr3MHfgqFEm8aEF/pSXC2p1Yq","privKey":"sK+i/4w1Krk9bVbMe0LNFASw4Nokicuv0pI/6hsV8nI="},"lastRemoteEphemeralKey":"BX021lBqI1tOizINBAXtKcYnQOv7blFMHSEPSw/+XTI3","previousCounter":0,"rootKey":"Q0CAkoVJ9iQTs1Hp+n3DLoJ6xcuWfawulZu+bZQ/zDo="},"indexInfo":{"baseKey":"BVMxg/OlBKG8jabq9FWdRljbKqJkGeYV0gGPFm1TqcQg","baseKeyType":1,"closed":-1,"used":1696337731853,"created":1696337731853,"remoteIdentityKey":"BeLn7LTlhaA15AhMzwHcQAXPNxxZKZYFRy8E3pom7Q0w"},"_chains":{"BUGC+az5gKm23Ab+ji1xr3MHfgqFEm8aEF/pSXC2p1Yq":{"chainKey":{"counter":1,"key":"2hF8wLdAzRoKhvQQ3NEzlmfUTof4sz9l2pc5ePJAiQ8="},"chainType":1,"messageKeys":{}}},"pendingPreKey":{"signedKeyId":16,"baseKey":"BVMxg/OlBKG8jabq9FWdRljbKqJkGeYV0gGPFm1TqcQg","preKeyId":7984894}}},"version":"v1"}