{"_sessions":{"Bdd6/vK2GrekjhW6ySbmwMZlKai9JO+yvKzOiUjgfzd8":{"registrationId":1450942467,"currentRatchet":{"ephemeralKeyPair":{"pubKey":"BVljctoKegrysrX+0SM53i4GfZnCxg8vE4QPT0nY7PRB","privKey":"6LFaYNhUVdvlGLTgXbiwQdJ2WW90W5/2anqm27VmLVE="},"lastRemoteEphemeralKey":"BTVRDblns+RQk4esti3bOXqBze5+SgZzTNAkhADnxkMf","previousCounter":0,"rootKey":"UfRQT8Hw9wOq/b8noiM4IGIWej42fvNpuU+1RRLIFIQ="},"indexInfo":{"baseKey":"Bdd6/vK2GrekjhW6ySbmwMZlKai9JO+yvKzOiUjgfzd8","baseKeyType":1,"closed":-1,"used":1696337706661,"created":1696337706661,"remoteIdentityKey":"BRl4rVk5OXU5GXq8oRNdnkrq/heIL9NMdvd7wYQwwclk"},"_chains":{"BVljctoKegrysrX+0SM53i4GfZnCxg8vE4QPT0nY7PRB":{"chainKey":{"counter":2,"key":"NxISd2+vV7MQxoJ/RSDaq/biOo8m+E0EEke3pkA122E="},"chainType":1,"messageKeys":{}}},"pendingPreKey":{"signedKeyId":0,"baseKey":"Bdd6/vK2GrekjhW6ySbmwMZlKai9JO+yvKzOiUjgfzd8","preKeyId":1923053}}},"version":"v1"}