{"_sessions":{"BWFLZWMnnXvcJABaIO2rHwPbt/uK8NOPngP86poZP9A4":{"registrationId":200085303,"currentRatchet":{"ephemeralKeyPair":{"pubKey":"BTrcyJ0erdrEcG7Yl4GMvm+uAxODFuoolx01fKhAp6gA","privKey":"qH4T5vg0ekC/IqYg3QWG+RuEX4OwYpZq3BAwT+pWAFY="},"lastRemoteEphemeralKey":"BYufoSDr1ttHt+2K6MMgZJL4eiOEErCddimxhmIkhZ9z","previousCounter":0,"rootKey":"3qlWpWxurLRQ+QPsL9qY3e/BwMV0DrSSjvwqx9Fta5I="},"indexInfo":{"baseKey":"BWFLZWMnnXvcJABaIO2rHwPbt/uK8NOPngP86poZP9A4","baseKeyType":1,"closed":-1,"used":1696337752308,"created":1696337752308,"remoteIdentityKey":"BdwUsMKZI0fc4hMHnPeHDMDXG7rrB7xv5NXBG8eXWY9J"},"_chains":{"BTrcyJ0erdrEcG7Yl4GMvm+uAxODFuoolx01fKhAp6gA":{"chainKey":{"counter":0,"key":"alJptSo5wltjOOfFtekgLVBmnim1pjipLqNf8S0QIEc="},"chainType":1,"messageKeys":{}}},"pendingPreKey":{"signedKeyId":4,"baseKey":"BWFLZWMnnXvcJABaIO2rHwPbt/uK8NOPngP86poZP9A4","preKeyId":2709853}}},"version":"v1"}