{"_sessions":{"Bd54J3WRTdDEpUZ1FurN90554Jhyv2VBYRMP+DCfrDUP":{"registrationId":1085523697,"currentRatchet":{"ephemeralKeyPair":{"pubKey":"BU5MXurLMrP8DtQjft+Jc1cmNL9M+r8WH9fvhlVi2Aow","privKey":"uBx5aTE9HDFPu+RfHw9kjjKEF614f56mcQal5j2rk3k="},"lastRemoteEphemeralKey":"BVAMxSAn6gnH0TMPj6wNxa9JKM7ib51Q4yki/vf7fOZZ","previousCounter":0,"rootKey":"+exiDtvHTru/sFlVEfcao3N3KNaajgTHGxWF5lP2JSw="},"indexInfo":{"baseKey":"Bd54J3WRTdDEpUZ1FurN90554Jhyv2VBYRMP+DCfrDUP","baseKeyType":1,"closed":-1,"used":1696337706519,"created":1696337706519,"remoteIdentityKey":"BS63Wlgyf7gjs1uQexXJc1AJCBOVroiW9SDrNoGCwE0Z"},"_chains":{"BU5MXurLMrP8DtQjft+Jc1cmNL9M+r8WH9fvhlVi2Aow":{"chainKey":{"counter":2,"key":"TT/9oyIJDlkhQTkIZquN52cWGTLxeM1yg138LppQYb8="},"chainType":1,"messageKeys":{}}},"pendingPreKey":{"signedKeyId":13,"baseKey":"Bd54J3WRTdDEpUZ1FurN90554Jhyv2VBYRMP+DCfrDUP","preKeyId":663435}}},"version":"v1"}