{"_sessions":{"Bemz6vY7Hre4FKg1uv3+S+T2YAa94vZzD9t6lqHcEB1Y":{"registrationId":1701726468,"currentRatchet":{"ephemeralKeyPair":{"pubKey":"BVgkx/MLtUH9oNFfy21A9VXjkOtb62aB6KDljYkfx1p2","privKey":"iAkJnWA24BpZe4yAFVoF6LxlzStNVkG/MUgsp0UBvko="},"lastRemoteEphemeralKey":"Be+yR43TNiYU57KzrwMTWQLziDpq0vqUeryBitaBYqYE","previousCounter":0,"rootKey":"Jto7lvZer+NCjn9u7PgLlmgYEeAbszQ9mB6K4HYtQ48="},"indexInfo":{"baseKey":"Bemz6vY7Hre4FKg1uv3+S+T2YAa94vZzD9t6lqHcEB1Y","baseKeyType":1,"closed":-1,"used":1696337731469,"created":1696337731469,"remoteIdentityKey":"BV7gOYhTsgI5YKTBBtELONTCB+PAI0MX3XsblPspqqYQ"},"_chains":{"BVgkx/MLtUH9oNFfy21A9VXjkOtb62aB6KDljYkfx1p2":{"chainKey":{"counter":0,"key":"PwPZEqdFKobrBefdck/oM3ih9a5++31b17gdSrsumSE="},"chainType":1,"messageKeys":{}}},"pendingPreKey":{"signedKeyId":5,"baseKey":"Bemz6vY7Hre4FKg1uv3+S+T2YAa94vZzD9t6lqHcEB1Y"}}},"version":"v1"}