{"_sessions":{"BQ5mdhT3y45V1DkhWTTgSzBQFEcDuXF/kqN16Ge9cTEH":{"registrationId":2033771929,"currentRatchet":{"ephemeralKeyPair":{"pubKey":"BWyj/1iJHYE9t8zRxXBZpjweoB7jup8iFRbid03oss4X","privKey":"IIwuwPMN4Knc9rloruE2NrFpCCGiICFrnuAc9LN+31k="},"lastRemoteEphemeralKey":"BTzLzyXJiqdq5cqX6veG4MNWniRcwBQenM+dJt2CTllv","previousCounter":0,"rootKey":"7L/2qxS9MwxQtDETBz7VCnui6undSi2sztNQ0UyTQXQ="},"indexInfo":{"baseKey":"BQ5mdhT3y45V1DkhWTTgSzBQFEcDuXF/kqN16Ge9cTEH","baseKeyType":1,"closed":-1,"used":1696337706245,"created":1696337706245,"remoteIdentityKey":"BSxrIaKbnL7V76L6MGUN8cfSxIpFcIp6v3IQeabruDp3"},"_chains":{"BWyj/1iJHYE9t8zRxXBZpjweoB7jup8iFRbid03oss4X":{"chainKey":{"counter":2,"key":"INlJacl6amfkcvo45nT0sl/lNV8JCyaomh6kMM+3n8c="},"chainType":1,"messageKeys":{}}},"pendingPreKey":{"signedKeyId":14,"baseKey":"BQ5mdhT3y45V1DkhWTTgSzBQFEcDuXF/kqN16Ge9cTEH","preKeyId":15878434}}},"version":"v1"}