{"_sessions":{"BVXAJ1ZzLv+4ZmoNNUwp7/f8ma8lfEXCpU+2DcFTGLEn":{"registrationId":1177251719,"currentRatchet":{"ephemeralKeyPair":{"pubKey":"BSq1Mvu9BnvpU1IsTXPQuz/QCEZv6lfzczdq3cby9joP","privKey":"KO4UuLwrWeu7OIUGq858D5lfn/Rjtu7SAaIKg5EC1W8="},"lastRemoteEphemeralKey":"BZJzplh+IUgPyD5iiYulgr8yV9i77SOf4VPsd7cazs16","previousCounter":0,"rootKey":"CL2URMNiXzkojGgL3/UYj6m0F5XHSflNMapS4jWMAz4="},"indexInfo":{"baseKey":"BVXAJ1ZzLv+4ZmoNNUwp7/f8ma8lfEXCpU+2DcFTGLEn","baseKeyType":1,"closed":-1,"used":1696337706481,"created":1696337706481,"remoteIdentityKey":"BaOLXuNExSjNd+DVMOWUUspS+3hWsjc+Jsf5D55WRckq"},"_chains":{"BSq1Mvu9BnvpU1IsTXPQuz/QCEZv6lfzczdq3cby9joP":{"chainKey":{"counter":2,"key":"mRyIoBfV+apJLNNBa0L3UYXA0Z0mTXD5kcxz1bvkbBk="},"chainType":1,"messageKeys":{}}},"pendingPreKey":{"signedKeyId":1,"baseKey":"BVXAJ1ZzLv+4ZmoNNUwp7/f8ma8lfEXCpU+2DcFTGLEn","preKeyId":5664602}}},"version":"v1"}