{"_sessions":{"BWoeRXTeNxqmFVIctSPZuCr0GgYs0U2ofu4zhRqligV4":{"registrationId":987106616,"currentRatchet":{"ephemeralKeyPair":{"pubKey":"BfVY30LIRMyuQUm9qljKmV2UcSEqG3TzcqhWIR0o9X1Q","privKey":"eLUGTO+6Mf+hPCyGsasR9J76oZYtsH5NCs1CHD+uHlc="},"lastRemoteEphemeralKey":"Bbq+RrVOff+7VNVmBOslLCDmUQ981W0APBa98BiV+3dy","previousCounter":0,"rootKey":"xVXa3JhUJrjdTDmHSILFmI2uXhMhOs1ks1NtrZcDU0o="},"indexInfo":{"baseKey":"BWoeRXTeNxqmFVIctSPZuCr0GgYs0U2ofu4zhRqligV4","baseKeyType":1,"closed":-1,"used":1696337705518,"created":1696337705518,"remoteIdentityKey":"BTLm6o1WBBDFP+86V0Xc4h146HaU1rfKMkOgW1NDZU9i"},"_chains":{"BfVY30LIRMyuQUm9qljKmV2UcSEqG3TzcqhWIR0o9X1Q":{"chainKey":{"counter":2,"key":"e/PQ3arX4NvJ+4z7dJ8lZ54Wd7R49k4nCZeJcnJCs4g="},"chainType":1,"messageKeys":{}}},"pendingPreKey":{"signedKeyId":2,"baseKey":"BWoeRXTeNxqmFVIctSPZuCr0GgYs0U2ofu4zhRqligV4","preKeyId":555590}}},"version":"v1"}