{"_sessions":{"BbRzsCY+vC3J0m2Ad9K9OtQLBMtQJMJgni6bRVWpg05g":{"registrationId":1023721240,"currentRatchet":{"ephemeralKeyPair":{"pubKey":"BfEx6YcB+HrHJgLnHT1Us1otnH/2b0FTDKmyHmjSWjBt","privKey":"2LB9Dkcq1ZAmPSQBTNUWp+TYPoGiHwR8t/s9HosoL3A="},"lastRemoteEphemeralKey":"BRS0+N1VhCnluLB9AlQl9La4oUagq0WR1wam0Pt9ldcU","previousCounter":0,"rootKey":"Ri5KKysGwBuLmBqHyp7UeYpQT4zW+h112BpLJxuCoLE="},"indexInfo":{"baseKey":"BbRzsCY+vC3J0m2Ad9K9OtQLBMtQJMJgni6bRVWpg05g","baseKeyType":1,"closed":-1,"used":1696337705471,"created":1696337705471,"remoteIdentityKey":"BSeAf/tuGqPK9KYdOwBy99SPScn4cFtoSGGMNCcjVHF4"},"_chains":{"BfEx6YcB+HrHJgLnHT1Us1otnH/2b0FTDKmyHmjSWjBt":{"chainKey":{"counter":2,"key":"gEE9gxsSSL9WP5Wqqf9ibO/uA0/1lv8dKlSq6EOmnPY="},"chainType":1,"messageKeys":{}}},"pendingPreKey":{"signedKeyId":5,"baseKey":"BbRzsCY+vC3J0m2Ad9K9OtQLBMtQJMJgni6bRVWpg05g","preKeyId":3730583}}},"version":"v1"}