{"_sessions":{"BQshvvBo0TlpJJ96+z1RKBcKzh2W4NcVBOsftNMYWKAi":{"registrationId":1332102714,"currentRatchet":{"ephemeralKeyPair":{"pubKey":"BeWDwyoxrlAqi4X1J8G3XcVUeGJbs8j/UZ4lIsSxNytt","privKey":"8OlHe8+FwgUJ9TH02s6DsV2++vj945C0QzA09l0BDUI="},"lastRemoteEphemeralKey":"BQBJ0nsUmKpmkxfyXRCvt2lD339KcTY/kzeljICcEDwX","previousCounter":0,"rootKey":"7gY31OkjLKIT7LbTKoj/UAYBxjPYjelBD0iZFSFNBsY="},"indexInfo":{"baseKey":"BQshvvBo0TlpJJ96+z1RKBcKzh2W4NcVBOsftNMYWKAi","baseKeyType":1,"closed":-1,"used":1696337752416,"created":1696337752416,"remoteIdentityKey":"BWm3n0zogcGWb5tgqXndfFz89V6E01ws2V/dENHvANMe"},"_chains":{"BeWDwyoxrlAqi4X1J8G3XcVUeGJbs8j/UZ4lIsSxNytt":{"chainKey":{"counter":0,"key":"2YVMVTB2In2JrCONCYHp19myLGVKR1v7jSoEmVcJPqk="},"chainType":1,"messageKeys":{}}},"pendingPreKey":{"signedKeyId":10,"baseKey":"BQshvvBo0TlpJJ96+z1RKBcKzh2W4NcVBOsftNMYWKAi","preKeyId":1359431}}},"version":"v1"}