{"_sessions":{"BU4Co1xwZvWkW5iq5bl3NtczbQFeuoWS029Y4HSmkpkh":{"registrationId":1619415656,"currentRatchet":{"ephemeralKeyPair":{"pubKey":"BZMR3qZ7eOstUeoz7/X8M9454tDIg1i8rRu/7pOWgtQq","privKey":"8IYFlAFoDPVuuaPUsCxQ7kEr6wPcbkPCCUpuG2JKGnM="},"lastRemoteEphemeralKey":"BSMHnCeEtI3Vu7/tZYIcuMsCjBB+TwfP4q+2FUx2r49g","previousCounter":0,"rootKey":"nE9eXkrXRkIzkdtlOB19pT6/td22VrunfK1eF2VkmN0="},"indexInfo":{"baseKey":"BU4Co1xwZvWkW5iq5bl3NtczbQFeuoWS029Y4HSmkpkh","baseKeyType":1,"closed":-1,"used":1696337705231,"created":1696337705231,"remoteIdentityKey":"BTOlKgRZ2OlA95kbyNBR1ufcsAsxLk3eEQOBITQYI5M7"},"_chains":{"BZMR3qZ7eOstUeoz7/X8M9454tDIg1i8rRu/7pOWgtQq":{"chainKey":{"counter":2,"key":"X8adITxOCFc0GR+coA/QQy6EFL2Gn3ixaEJ686tGGww="},"chainType":1,"messageKeys":{}}},"pendingPreKey":{"signedKeyId":0,"baseKey":"BU4Co1xwZvWkW5iq5bl3NtczbQFeuoWS029Y4HSmkpkh","preKeyId":7716344}}},"version":"v1"}