{"_sessions":{"BdU/EXRjuFT9zVttTPWxA9Vz1t/8iVamLNLa1KJEgMBq":{"registrationId":478902671,"currentRatchet":{"ephemeralKeyPair":{"pubKey":"BWmUlO10hX0v0bjnaBOTBXGE/DV09LC5jFyaA5oR4fAD","privKey":"EGUNnZz5EeIk7cIJcMdT68BgUAEHrBNywuH3RcMy8n4="},"lastRemoteEphemeralKey":"BXhiPC3pFiFoKtUjNQj7RtSR8kXZNzH/KV/DFce4JTZY","previousCounter":0,"rootKey":"Wlk8rdh95rY/1fvuOtqRYJ5E/JH3zoYIGXG3EO5TFss="},"indexInfo":{"baseKey":"BdU/EXRjuFT9zVttTPWxA9Vz1t/8iVamLNLa1KJEgMBq","baseKeyType":1,"closed":-1,"used":1696337752740,"created":1696337752740,"remoteIdentityKey":"BWNbQIn4MZ9OPeFWKb2CPPCGxxYbPd2ZZnFqDGcKBtM9"},"_chains":{"BWmUlO10hX0v0bjnaBOTBXGE/DV09LC5jFyaA5oR4fAD":{"chainKey":{"counter":0,"key":"B1RTu5RyE5J22Y+S2ii64uZqAZXpZPzIjHANQB0Mqdc="},"chainType":1,"messageKeys":{}}},"pendingPreKey":{"signedKeyId":4,"baseKey":"BdU/EXRjuFT9zVttTPWxA9Vz1t/8iVamLNLa1KJEgMBq","preKeyId":10045843}}},"version":"v1"}