{"_sessions":{"BWcsqcCdzzkEfFCDynO+Z3iGb2+RGwQLgzWysYgY7txk":{"registrationId":540828627,"currentRatchet":{"ephemeralKeyPair":{"pubKey":"Bf39o7vpAoM+JOfstjv5CjNAxioQ4wx5VMGqynT6yS4X","privKey":"+HsiPMFFPkqbVGky3R1NEacCHy6+kxnQ5xZbNXPHrFI="},"lastRemoteEphemeralKey":"Be5EVf2evJRFAvT2HGn/MC+4lyoIAl1CsQBFjAxpGq4Z","previousCounter":0,"rootKey":"nUgaZZ1fQunzge+99yc/EDUY3myEml7lJ9yiNVDWfW8="},"indexInfo":{"baseKey":"BWcsqcCdzzkEfFCDynO+Z3iGb2+RGwQLgzWysYgY7txk","baseKeyType":1,"closed":-1,"used":1696337704258,"created":1696337704258,"remoteIdentityKey":"BdOd0bj+yBWE0gB51OVA4AiaFVX1hYqkygprCOpmZKps"},"_chains":{"Bf39o7vpAoM+JOfstjv5CjNAxioQ4wx5VMGqynT6yS4X":{"chainKey":{"counter":2,"key":"U9LWibtDMn2ywdTOUyigjvq4AsvFA8Kg9RafiVMZeBo="},"chainType":1,"messageKeys":{}}},"pendingPreKey":{"signedKeyId":3,"baseKey":"BWcsqcCdzzkEfFCDynO+Z3iGb2+RGwQLgzWysYgY7txk","preKeyId":1119109}}},"version":"v1"}