{"_sessions":{"BeMMK0MlPrl/au2Bt6l/1ns8yYHfJH6g4xKxp3lFIBJw":{"registrationId":27800700,"currentRatchet":{"ephemeralKeyPair":{"pubKey":"Bbg1qBb4kHcMCmGWNCC8tg2+Kyqo/CjwlBqEsZs4KfhB","privKey":"AGNxXLgV4tsdN/14XSa0B8CVosScq9I4jarDXucU1HA="},"lastRemoteEphemeralKey":"BQ3aj2IVG2kkWW4/OG3ZMGBUaI6UHqEOyF+8EEOM0spM","previousCounter":0,"rootKey":"0+Fwu+USkuGZ7nwF7up7gnXjuZwxO3toBIulBtrxiU4="},"indexInfo":{"baseKey":"BeMMK0MlPrl/au2Bt6l/1ns8yYHfJH6g4xKxp3lFIBJw","baseKeyType":1,"closed":-1,"used":1696337752144,"created":1696337752144,"remoteIdentityKey":"BdXvgSetnCG0e+1TlXSpcwE65Uv31UMk/k55Jqf3hgdf"},"_chains":{"Bbg1qBb4kHcMCmGWNCC8tg2+Kyqo/CjwlBqEsZs4KfhB":{"chainKey":{"counter":0,"key":"54VYDAfJZeHfs8KTBj29YRi+D/AjFirOCIZZMarm/mE="},"chainType":1,"messageKeys":{}}},"pendingPreKey":{"signedKeyId":10,"baseKey":"BeMMK0MlPrl/au2Bt6l/1ns8yYHfJH6g4xKxp3lFIBJw","preKeyId":10569857}}},"version":"v1"}