{"_sessions":{"BfRX9V2zUmkHzqm8X+sKyzmYHlHO9I3qCYUw6NyuBSQq":{"registrationId":1842854129,"currentRatchet":{"ephemeralKeyPair":{"pubKey":"Bb0nC81VTMVLNm626FJFgDnFP3K4tHUTt94IZ9hmnHAj","privKey":"sNwTsH51dNd9bqxtk+Sso9AMt4UhlHeqzhX5aUV4slo="},"lastRemoteEphemeralKey":"BZMAwBjIrormH+00l/AGbLRwA/RR/t6TJSUY/RFQcz1J","previousCounter":0,"rootKey":"oNbtkgSxfQs+OhzvpsNg5Em2XXPE+kEOsF6OMbPY+vY="},"indexInfo":{"baseKey":"BfRX9V2zUmkHzqm8X+sKyzmYHlHO9I3qCYUw6NyuBSQq","baseKeyType":1,"closed":-1,"used":1696337704834,"created":1696337704834,"remoteIdentityKey":"BQQiKSxpQT2C7xn6KK6l9NEq1Ub8Svqniqi+OJ2FXWY8"},"_chains":{"Bb0nC81VTMVLNm626FJFgDnFP3K4tHUTt94IZ9hmnHAj":{"chainKey":{"counter":2,"key":"42zpshl+DeA4CjJdVHmH4cufN5GO6ZNXaKhS/9HjRd0="},"chainType":1,"messageKeys":{}}},"pendingPreKey":{"signedKeyId":11,"baseKey":"BfRX9V2zUmkHzqm8X+sKyzmYHlHO9I3qCYUw6NyuBSQq","preKeyId":16223664}}},"version":"v1"}