{"_sessions":{"Bb7K6nqAtG/d/InwyAYInFdqd/9JoDORpIatFgCeVZko":{"registrationId":1866800494,"currentRatchet":{"ephemeralKeyPair":{"pubKey":"BcUALfXZlpUl8vJhSH4sjKdvB12G5y2c57XZ6vAQErgU","privKey":"YIggpy5pUB4BtVlEWGaz8fTTYhuYQsYG0ssUgQfttno="},"lastRemoteEphemeralKey":"BSWdhxQR6ReHLvvilu7/JHofMNQq8kihHtYvaQtZqxVl","previousCounter":0,"rootKey":"ydfYeXbNDsbvkzT3furoTXhphmVzY61K5Qa0JXLViXk="},"indexInfo":{"baseKey":"Bb7K6nqAtG/d/InwyAYInFdqd/9JoDORpIatFgCeVZko","baseKeyType":1,"closed":-1,"used":1696337704285,"created":1696337704285,"remoteIdentityKey":"BT+Tlj/PxWAvxhlT4R7Hdwz+TkHJ/LAybaHu5Vm6b2QK"},"_chains":{"BcUALfXZlpUl8vJhSH4sjKdvB12G5y2c57XZ6vAQErgU":{"chainKey":{"counter":2,"key":"ogDJlRk6TPOZBTS3QODnQsgbGbwL+dONUOV0UfqRGf4="},"chainType":1,"messageKeys":{}}},"pendingPreKey":{"signedKeyId":48,"baseKey":"Bb7K6nqAtG/d/InwyAYInFdqd/9JoDORpIatFgCeVZko","preKeyId":10953149}}},"version":"v1"}