{"_sessions":{"Bb0fZd3+plNXV9NQLoWwlodzqOFcRVWCJrCGTSzmJuAk":{"registrationId":856615141,"currentRatchet":{"ephemeralKeyPair":{"pubKey":"BQF9KspFIBCGpDUldZXOrpGgp2N0wgr+lSwx9xLKcuYc","privKey":"WP7c9ogCmYeD1/UN2JIwiRzHRO+LfTADI1Xuc/5kFV0="},"lastRemoteEphemeralKey":"BaEJhB+DUaP97N2TAhw0Ocl8XoO/5xNfEcLgyYSYHmZT","previousCounter":0,"rootKey":"uxrXC7Mn9fDG02BdF01+Ttra/dqXv+mFy7bAIf1urGA="},"indexInfo":{"baseKey":"Bb0fZd3+plNXV9NQLoWwlodzqOFcRVWCJrCGTSzmJuAk","baseKeyType":1,"closed":-1,"used":1696337719605,"created":1696337719605,"remoteIdentityKey":"Bfhk+pe83GCCBR/kxYYLcXUJ7Swvj5xTlIb6Hc0ZCw4y"},"_chains":{"BQF9KspFIBCGpDUldZXOrpGgp2N0wgr+lSwx9xLKcuYc":{"chainKey":{"counter":0,"key":"CjVHLiGcsXrlS16U7YQonq9Dq9uWwoomS622Gr5WtYI="},"chainType":1,"messageKeys":{}}},"pendingPreKey":{"signedKeyId":45,"baseKey":"Bb0fZd3+plNXV9NQLoWwlodzqOFcRVWCJrCGTSzmJuAk","preKeyId":15172115}}},"version":"v1"}