{"_sessions":{"BSuK2+tsrMagxf2bZxif7/uT7K1q0OVHPfQzYuVtf+47":{"registrationId":1161521829,"currentRatchet":{"ephemeralKeyPair":{"pubKey":"BXK4PtZGfny9pOTMy1bAL4VIif21RICNA183isGU1Vci","privKey":"EPJ2fA33QoeoBsMzNIdeWuLL+/PP1WL/D6jI1mN/FWk="},"lastRemoteEphemeralKey":"BT5ZGWZSRaF0ITY5KIvCjNq4kHmgcshQjow1HhOhupga","previousCounter":0,"rootKey":"QfHeTN6/hWgq+qD7fwXc5o7riDFJOZ4sSL3qCN7fFSA="},"indexInfo":{"baseKey":"BSuK2+tsrMagxf2bZxif7/uT7K1q0OVHPfQzYuVtf+47","baseKeyType":1,"closed":-1,"used":1696337705561,"created":1696337705561,"remoteIdentityKey":"BQhQ6iUMuoSt/YoohnU0+HcG2Zj3ygBWdB23VQ+66t1m"},"_chains":{"BXK4PtZGfny9pOTMy1bAL4VIif21RICNA183isGU1Vci":{"chainKey":{"counter":2,"key":"v5sMS2L86pw4LX/fKg8ZTqT3lE/zv+Qzqz0+oNOC5Jw="},"chainType":1,"messageKeys":{}}},"pendingPreKey":{"signedKeyId":15,"baseKey":"BSuK2+tsrMagxf2bZxif7/uT7K1q0OVHPfQzYuVtf+47","preKeyId":10155319}}},"version":"v1"}