{"_sessions":{"BTSWmPg1cR2Zul7BoYclltK3ZTAT7E+fJmxWIFno18Ex":{"registrationId":1327033383,"currentRatchet":{"ephemeralKeyPair":{"pubKey":"BR1sfz+pQ+xKq+rYBOIRp6PEkIR46NNCFwJ6/nJuLFMU","privKey":"gEYeXDjjBNe9PFS6saqf4b92Nk8dbcLE1YvbnVII2mw="},"lastRemoteEphemeralKey":"Bf15BHL/sLY+hDyQo32kgT4y+SmZPY1kzum8WzwPafJb","previousCounter":0,"rootKey":"kmq5Rup2EeT2OGIfyv3cIEl3FnEEKRpJvYSClc+u+GY="},"indexInfo":{"baseKey":"BTSWmPg1cR2Zul7BoYclltK3ZTAT7E+fJmxWIFno18Ex","baseKeyType":1,"closed":-1,"used":1696337704757,"created":1696337704757,"remoteIdentityKey":"BeZ+xJ2Y1+m3GPzsDUJusmY43d3XAuoKPGMucdMWwskd"},"_chains":{"BR1sfz+pQ+xKq+rYBOIRp6PEkIR46NNCFwJ6/nJuLFMU":{"chainKey":{"counter":2,"key":"WqJ2d/1iuZHahz1q6YkcThlKX7qtyYjmGLA4roypM7E="},"chainType":1,"messageKeys":{}}},"pendingPreKey":{"signedKeyId":0,"baseKey":"BTSWmPg1cR2Zul7BoYclltK3ZTAT7E+fJmxWIFno18Ex","preKeyId":829600}}},"version":"v1"}