{"_sessions":{"Bc2f2rMiB/YvRFCl4+L/fb2x7PDjLEWYDEthCCI3R9JT":{"registrationId":639426773,"currentRatchet":{"ephemeralKeyPair":{"pubKey":"BUHHmuqTT/M/GP0S8AbQzi3F7g7pXXvV0TeSU1Uy+wZO","privKey":"CK7BLlBZe8XmhThhT1qwrTzfHivIhIqy+DOUJ8oz/k4="},"lastRemoteEphemeralKey":"BXBmr6M6L1YOQsNvVQk+zR23MFgsTwySqSOE8CW5e94Z","previousCounter":0,"rootKey":"WCZObOd62tVpa8Ady+FefEMoJQjYxXVSQ4yc2C0dMr4="},"indexInfo":{"baseKey":"Bc2f2rMiB/YvRFCl4+L/fb2x7PDjLEWYDEthCCI3R9JT","baseKeyType":1,"closed":-1,"used":1696337706321,"created":1696337706321,"remoteIdentityKey":"BVUVUArsKPGwsmyuB8IbjiAwdv2V0+4XcPeVycz3aZZz"},"_chains":{"BUHHmuqTT/M/GP0S8AbQzi3F7g7pXXvV0TeSU1Uy+wZO":{"chainKey":{"counter":2,"key":"PuMg2skaaJ0xsuDU/nSaPGw0jHpV3ptpc16EC3QuOtk="},"chainType":1,"messageKeys":{}}},"pendingPreKey":{"signedKeyId":9,"baseKey":"Bc2f2rMiB/YvRFCl4+L/fb2x7PDjLEWYDEthCCI3R9JT","preKeyId":12564257}}},"version":"v1"}