{"_sessions":{"BWY1a7isX9g9f7C8pXJAzW2U05H69oVYotv1Jb2sTh1t":{"registrationId":6576,"currentRatchet":{"ephemeralKeyPair":{"pubKey":"Bff8Y2aoQqJgUGI/7efEndKwc06ehvHWSDImSTacsqhf","privKey":"WOkG8tyM4jyFfnWwlgKa10dOZSr8gXNSxpkroKjeKnU="},"lastRemoteEphemeralKey":"BWcXfq4oGYFVEbY1nCvCJ5+8ezQyuFKhKOK+7jxs4WQ3","previousCounter":0,"rootKey":"FYPnNQfjTdtdtjzW53X3IH2RAft6+wx+42yR174lZWE="},"indexInfo":{"baseKey":"BWY1a7isX9g9f7C8pXJAzW2U05H69oVYotv1Jb2sTh1t","baseKeyType":1,"closed":-1,"used":1696337703927,"created":1696337703927,"remoteIdentityKey":"Bd1IkizYdmRfRKLDcHx5zSYfsVveGQ8wCxX6P7sZsfMv"},"_chains":{"Bff8Y2aoQqJgUGI/7efEndKwc06ehvHWSDImSTacsqhf":{"chainKey":{"counter":2,"key":"o0RYsmUmg1ABevhnTYF1Sn49sXVLBMhkbxPMREZpVco="},"chainType":1,"messageKeys":{}}},"pendingPreKey":{"signedKeyId":1,"baseKey":"BWY1a7isX9g9f7C8pXJAzW2U05H69oVYotv1Jb2sTh1t"}}},"version":"v1"}