{"_sessions":{"Ba6mvMTlYrEgBeLz63/+heQggKdPMAgDIgJQvbPTJvJ+":{"registrationId":179061667,"currentRatchet":{"ephemeralKeyPair":{"pubKey":"BUCOc2wnZgfhvZbtU3PkqiOfc5tWlRqPd7Kee1xUYNhB","privKey":"4O9RgkDNj5KGtRReZtPx33z4T1Kpppu1eXelNI9LuFM="},"lastRemoteEphemeralKey":"BZOCMMyaKQS/uaUOA1TCy/AJJ4zzgquHqcaUZ8JphnBU","previousCounter":0,"rootKey":"CFaKcymt593EBXzg4yQpXAv1ijClKLHpESdXBtJC/Zo="},"indexInfo":{"baseKey":"Ba6mvMTlYrEgBeLz63/+heQggKdPMAgDIgJQvbPTJvJ+","baseKeyType":1,"closed":-1,"used":1696337719287,"created":1696337719287,"remoteIdentityKey":"BWXbaoJHqq8K8Au7xN8z9e1RTXDBiFY2rJMjd4EeK5lv"},"_chains":{"BUCOc2wnZgfhvZbtU3PkqiOfc5tWlRqPd7Kee1xUYNhB":{"chainKey":{"counter":0,"key":"A8K+ps3NJl0iflulfMadpWUkQibC6cDK7PBURcJTvJs="},"chainType":1,"messageKeys":{}}},"pendingPreKey":{"signedKeyId":21,"baseKey":"Ba6mvMTlYrEgBeLz63/+heQggKdPMAgDIgJQvbPTJvJ+","preKeyId":2533585}}},"version":"v1"}