{"_sessions":{"BceBofpN1vfkQnHLQtjvUHax3K/LOO3shuMOFIPg0lNR":{"registrationId":717102622,"currentRatchet":{"ephemeralKeyPair":{"pubKey":"Bc9d974N8Cq8H2knfquyo/M9wEiy3UeTOvKIEnaeBSAs","privKey":"GHnYKYczvHpm99rvwv5B2viKyf8W4cexNYZnEtkHGX8="},"lastRemoteEphemeralKey":"BSCFQT8aa/IqPuTYilklsc/baoUfVXAYhxhCkSJucCgc","previousCounter":0,"rootKey":"RgZl1HjDNqCb8FpDuCztTSx69+Zr8K8dvuKz6/TXTOQ="},"indexInfo":{"baseKey":"BceBofpN1vfkQnHLQtjvUHax3K/LOO3shuMOFIPg0lNR","baseKeyType":1,"closed":-1,"used":1696337752818,"created":1696337752818,"remoteIdentityKey":"BXheXwb+KxtkWcUYy+zVfD+zPaKHa6FRFpDhFgcFfcZu"},"_chains":{"Bc9d974N8Cq8H2knfquyo/M9wEiy3UeTOvKIEnaeBSAs":{"chainKey":{"counter":0,"key":"Lv4KsD6V5iaTiE7wBHzsBEwMwaxCDHj8j0BQflz0X8U="},"chainType":1,"messageKeys":{}}},"pendingPreKey":{"signedKeyId":1,"baseKey":"BceBofpN1vfkQnHLQtjvUHax3K/LOO3shuMOFIPg0lNR","preKeyId":2510784}}},"version":"v1"}