{"_sessions":{"BVLM6WmkH97Mhq4cmocJGngHnkwCN1B1/Yf7XGAgvTsm":{"registrationId":758306631,"currentRatchet":{"ephemeralKeyPair":{"pubKey":"BdIVvaX4dTDDYcHdSCrbZg3Bl+FLxL+dbYb50op2BmVR","privKey":"eGVQjX/8LsD5AHHDN+WwzOF6/bTdV6BNpylbd8Oq3GM="},"lastRemoteEphemeralKey":"BcaB0SWFbijMagEfCOvdJ/XL0Th5dZ53YV7lvytl7K0F","previousCounter":0,"rootKey":"OOBhDch680xqGK7Wb+zsfGiTopLbzd7H1x19R9m5Hdc="},"indexInfo":{"baseKey":"BVLM6WmkH97Mhq4cmocJGngHnkwCN1B1/Yf7XGAgvTsm","baseKeyType":1,"closed":-1,"used":1696337752114,"created":1696337752114,"remoteIdentityKey":"BSDKhOM54enuClClAEVYLZRdEVAAkXa8oujaSY76omls"},"_chains":{"BdIVvaX4dTDDYcHdSCrbZg3Bl+FLxL+dbYb50op2BmVR":{"chainKey":{"counter":0,"key":"lCez4wuN2A9kp6IF7e1J0yXLDdxQWKtO+wmeNepCFog="},"chainType":1,"messageKeys":{}}},"pendingPreKey":{"signedKeyId":0,"baseKey":"BVLM6WmkH97Mhq4cmocJGngHnkwCN1B1/Yf7XGAgvTsm"}}},"version":"v1"}