{"_sessions":{"BXeAJbAOcywxdGEZNVt6IZ3qjqYQxviqBwBZIRqgLX8F":{"registrationId":580577155,"currentRatchet":{"ephemeralKeyPair":{"pubKey":"BQvZTOvzY6ugqCp6Qp+1yTf1Ia1XwzPm1QFBBwjFUL9a","privKey":"yPXdavNKJUNkXN3iumAW4j41XzXvVewEsSEptdHWy10="},"lastRemoteEphemeralKey":"BSfvKrgpVaATSJFg9o1h3LgWbKv13gG1uoBXVtUvvKNG","previousCounter":0,"rootKey":"Zm0ED8yZbrJ//4aMl5KF5df9qNcTxjLaR4XinBydhlc="},"indexInfo":{"baseKey":"BXeAJbAOcywxdGEZNVt6IZ3qjqYQxviqBwBZIRqgLX8F","baseKeyType":1,"closed":-1,"used":1696337753039,"created":1696337753039,"remoteIdentityKey":"Bccd6y1URp7JCOFAlr2dRdQcTrpPFcHm8p827mXTVxxN"},"_chains":{"BQvZTOvzY6ugqCp6Qp+1yTf1Ia1XwzPm1QFBBwjFUL9a":{"chainKey":{"counter":0,"key":"g2MKu09EflYEe8cN8fXJmm/bs5Aw/KOhS0yIPN89K4c="},"chainType":1,"messageKeys":{}}},"pendingPreKey":{"signedKeyId":39,"baseKey":"BXeAJbAOcywxdGEZNVt6IZ3qjqYQxviqBwBZIRqgLX8F","preKeyId":1986559}}},"version":"v1"}