{"_sessions":{"BR3zIf4RmqxGZV5rHZCVHTtQ99iVFbHR38514G1y71hw":{"registrationId":2036201299,"currentRatchet":{"ephemeralKeyPair":{"pubKey":"Bdas69vru1x/SNcB2H8oNO6GD5Xzc2Dw8d/erib1oSY3","privKey":"2BbYkqoYc1VUSN7kL9u7gYHy5ew8T1fX753AWajekkE="},"lastRemoteEphemeralKey":"BQ3cMcyqg0DmHvTrxWiQTvK98bjHQNgPMv7LOqech29S","previousCounter":0,"rootKey":"t1MqF1EreWYkkkhLDwIV5jyjsWO3EuT12WC0Bg4CSPU="},"indexInfo":{"baseKey":"BR3zIf4RmqxGZV5rHZCVHTtQ99iVFbHR38514G1y71hw","baseKeyType":1,"closed":-1,"used":1696337752204,"created":1696337752204,"remoteIdentityKey":"BbZVBrrqemOSEEBEXbFwipEX5cR/wA+OBX4WtJ5yD90P"},"_chains":{"Bdas69vru1x/SNcB2H8oNO6GD5Xzc2Dw8d/erib1oSY3":{"chainKey":{"counter":0,"key":"l6xtm/qeuAnFSEQfNampv6Mr3re/Mvj9LQqgL25vKOg="},"chainType":1,"messageKeys":{}}},"pendingPreKey":{"signedKeyId":21,"baseKey":"BR3zIf4RmqxGZV5rHZCVHTtQ99iVFbHR38514G1y71hw","preKeyId":3679455}}},"version":"v1"}