{"_sessions":{"BR1y6BO/fbueCC4NYgDVDz1OMSYL/D4ZBTigxPPId+JD":{"registrationId":1387259730,"currentRatchet":{"ephemeralKeyPair":{"pubKey":"BQ1ljUoVsEgkJaMhhPqdJr79cy2QOgyrVdoQtZv5qksZ","privKey":"8GiVPa3JfWjpi9i81DCEXmeAppzFBl0taaBFTvicG04="},"lastRemoteEphemeralKey":"BUGzfirk5si299biA+OC9vM7ss9uOqMXAiGFAIuYoeda","previousCounter":0,"rootKey":"cyfqSxwSWKCYuRNAYZu9ShBO7ZhXr6pGbEDcqc+R/JI="},"indexInfo":{"baseKey":"BR1y6BO/fbueCC4NYgDVDz1OMSYL/D4ZBTigxPPId+JD","baseKeyType":1,"closed":-1,"used":1696337705627,"created":1696337705627,"remoteIdentityKey":"BSvoutuXNtGIP7Rc1Cl7pF96XOoVJynzUIe+VRQr3ygX"},"_chains":{"BQ1ljUoVsEgkJaMhhPqdJr79cy2QOgyrVdoQtZv5qksZ":{"chainKey":{"counter":2,"key":"Itjz4jcervEVSYF79qFHoqy5cF+iO+KecNHl4g6j040="},"chainType":1,"messageKeys":{}}},"pendingPreKey":{"signedKeyId":5,"baseKey":"BR1y6BO/fbueCC4NYgDVDz1OMSYL/D4ZBTigxPPId+JD","preKeyId":7910909}}},"version":"v1"}