{"_sessions":{"BZF77tkpqv/XGiwEzRr65fKUBaP7uGxLnO0dgZUqQdVp":{"registrationId":15978,"currentRatchet":{"ephemeralKeyPair":{"pubKey":"BaE59KgBHFSfHhMrEzB8wAFbOSGt/XLnz90P0Cx35YpT","privKey":"+Br1cRrywQnQeqzTh2X4pkz4o8r9+1TzPEoDed2+qWU="},"lastRemoteEphemeralKey":"BecIoGeqsnmbQUYkgZQXYDxIgvV6I0OxBlEK1YQqOmZP","previousCounter":0,"rootKey":"PstYJMzhF/jN3vf88/vw0LRm5DoP4M/H7MVqGKd69ms="},"indexInfo":{"baseKey":"BZF77tkpqv/XGiwEzRr65fKUBaP7uGxLnO0dgZUqQdVp","baseKeyType":1,"closed":-1,"used":1696337751932,"created":1696337751932,"remoteIdentityKey":"Bb7wwm0wTVLA1sXals6sBOeb9wXsaO53iWO8sEilsRlt"},"_chains":{"BaE59KgBHFSfHhMrEzB8wAFbOSGt/XLnz90P0Cx35YpT":{"chainKey":{"counter":0,"key":"MUwfL8gWwfspwLM6DnyGpwIM3wYM4Bf1JfHnm+sjYtk="},"chainType":1,"messageKeys":{}}},"pendingPreKey":{"signedKeyId":1,"baseKey":"BZF77tkpqv/XGiwEzRr65fKUBaP7uGxLnO0dgZUqQdVp","preKeyId":853}}},"version":"v1"}