{"_sessions":{"Bd3OLHUqp74gIp7OPEAGV4Qg+cH/d+FjnIZYHQpiUewo":{"registrationId":236237135,"currentRatchet":{"ephemeralKeyPair":{"pubKey":"BaLVlN8rQa0Wshag84YtoprfReUYixb14Jv1C1MQlotB","privKey":"qOT35Kgu1xx767BkHNqmLJyALlgNC4pyglZ848cwjF4="},"lastRemoteEphemeralKey":"BZ8B3eVVZaxbo8Opv9N14psCjA0EDtMuAEbL5LVspNQI","previousCounter":0,"rootKey":"64T+BduoLSpEiw7FmWxuKc86MAVCnK23xYpxQvkgcPQ="},"indexInfo":{"baseKey":"Bd3OLHUqp74gIp7OPEAGV4Qg+cH/d+FjnIZYHQpiUewo","baseKeyType":1,"closed":-1,"used":1696337704404,"created":1696337704404,"remoteIdentityKey":"BXqlL0M2f0N6Pmy+KPDUoB3H61A4kYs2YRM8zQ+SA6dd"},"_chains":{"BaLVlN8rQa0Wshag84YtoprfReUYixb14Jv1C1MQlotB":{"chainKey":{"counter":2,"key":"arWV89EcaArYvU6dzK5jDMSFvMhPp1teaEEhbVAgCcc="},"chainType":1,"messageKeys":{}}},"pendingPreKey":{"signedKeyId":1,"baseKey":"Bd3OLHUqp74gIp7OPEAGV4Qg+cH/d+FjnIZYHQpiUewo","preKeyId":5931684}}},"version":"v1"}