{"_sessions":{"Be7dbnGZCEJveuDSsmryh9yx2SEhrP8gXWhKcD/3Sro1":{"registrationId":2000877197,"currentRatchet":{"ephemeralKeyPair":{"pubKey":"BZSbIkzMsid18WL+Zv8CDliyE9AFsYjy1nPsaMIlvAgi","privKey":"SCLEvRGpywj6GY0HF1d3MSum/A9KUbckWftxl0l4BWw="},"lastRemoteEphemeralKey":"BdhTbE8tfTwjw/+41/7RUuxdcHDI9eammjRQTcaIwlR6","previousCounter":0,"rootKey":"rM1A+xIIqGll/w1TX9eHwdaiVDikS/YswE9lD+atijw="},"indexInfo":{"baseKey":"Be7dbnGZCEJveuDSsmryh9yx2SEhrP8gXWhKcD/3Sro1","baseKeyType":1,"closed":-1,"used":1696337705622,"created":1696337705622,"remoteIdentityKey":"Bf76J5dV2V5ImLyjSRDoc70XCkWvNfPaXmAJF5KRbZQp"},"_chains":{"BZSbIkzMsid18WL+Zv8CDliyE9AFsYjy1nPsaMIlvAgi":{"chainKey":{"counter":2,"key":"xQfP6UCSLVEEdN9VjzEsQ2Djot/X6fEc5QsLHowQhd4="},"chainType":1,"messageKeys":{}}},"pendingPreKey":{"signedKeyId":3,"baseKey":"Be7dbnGZCEJveuDSsmryh9yx2SEhrP8gXWhKcD/3Sro1","preKeyId":5680670}}},"version":"v1"}