{"_sessions":{"BaPx/AlvN4Bgj0FnRaf9XGaFkb5uvFGtZt+k42EGN1Rz":{"registrationId":1437966464,"currentRatchet":{"ephemeralKeyPair":{"pubKey":"BYN1CVFfxNAeQzsAIAtDdr9Av0QqdBS7oUcS3r7v/2tV","privKey":"EP9BvOAkEqj8i2bQuJtAtuzKszMk5Pl6rbZUE1bWcFs="},"lastRemoteEphemeralKey":"BbG+PkYEBUAg8caYXB2eoZZg/xfaV5vRsrFG5L4Lz1Va","previousCounter":0,"rootKey":"82M+5bSgqCGks93txFwbV+/G4AzC18OdN0fCwZw3BHQ="},"indexInfo":{"baseKey":"BaPx/AlvN4Bgj0FnRaf9XGaFkb5uvFGtZt+k42EGN1Rz","baseKeyType":1,"closed":-1,"used":1696337707186,"created":1696337707186,"remoteIdentityKey":"BQt/zLqjz3bHmDMBqcz288kiWhTwEdgXw0+TUaJkcdIh"},"_chains":{"BYN1CVFfxNAeQzsAIAtDdr9Av0QqdBS7oUcS3r7v/2tV":{"chainKey":{"counter":2,"key":"/fB+cq50fiJgTPbY0dI8c5f/4me8Nhch7AsLQuufYqU="},"chainType":1,"messageKeys":{}}},"pendingPreKey":{"signedKeyId":8,"baseKey":"BaPx/AlvN4Bgj0FnRaf9XGaFkb5uvFGtZt+k42EGN1Rz","preKeyId":7015760}}},"version":"v1"}