{"_sessions":{"BXvt5hTzwJS3M1sVhVv8IwIOSPXvVZLWdyU+9p25nVcd":{"registrationId":937875490,"currentRatchet":{"ephemeralKeyPair":{"pubKey":"BTg0ItPRvw/t4vhnKgEvtJU5yd11hpC72gmTdopxhp48","privKey":"wMrOjDFsScWnormjp/AuEYjsQeqGqgzIur/FfqcTDUE="},"lastRemoteEphemeralKey":"BcZUgzSNlDOHVgFkpOD3H+46i1gZwnjwyMBmKtE6b30C","previousCounter":0,"rootKey":"6ZfNOVmE5tAkDwae2Az22R3LY4GvCbwdUgWyARBwTwc="},"indexInfo":{"baseKey":"BXvt5hTzwJS3M1sVhVv8IwIOSPXvVZLWdyU+9p25nVcd","baseKeyType":1,"closed":-1,"used":1696337705351,"created":1696337705351,"remoteIdentityKey":"BVq2RBmiERZqXf2D+hAhZS5Sqd+K+8SORtrmzczVEE9n"},"_chains":{"BTg0ItPRvw/t4vhnKgEvtJU5yd11hpC72gmTdopxhp48":{"chainKey":{"counter":2,"key":"A7tD0bJ69AX/ifGVZ1L+LnAZAZ4ajbfOLtJlJ13/0IU="},"chainType":1,"messageKeys":{}}},"pendingPreKey":{"signedKeyId":6,"baseKey":"BXvt5hTzwJS3M1sVhVv8IwIOSPXvVZLWdyU+9p25nVcd","preKeyId":8033927}}},"version":"v1"}