{"_sessions":{"BVMyXJ7YY5xkyTHClM4Q9d2+nJ/4Zq7kOdne9/sqtZM3":{"registrationId":532568108,"currentRatchet":{"ephemeralKeyPair":{"pubKey":"BVKRMmisTqNd72bseZVP4273npZznrQp4pQEmgtOGxBR","privKey":"YNIMwoS/kPTqWt+zcKNsab+3z1IPx7hXqX4bqOyj7lc="},"lastRemoteEphemeralKey":"BTBEkZWOdvHopnoSceoQn90ZKg1BpBkp2+O16FDXFi8Y","previousCounter":0,"rootKey":"2CAYfCrsayezMz8mr/eckJ5NWgk1U4OvN5FgDJfeuqs="},"indexInfo":{"baseKey":"BVMyXJ7YY5xkyTHClM4Q9d2+nJ/4Zq7kOdne9/sqtZM3","baseKeyType":1,"closed":-1,"used":1696337719486,"created":1696337719486,"remoteIdentityKey":"BfXGlTF0dF1MNhsevsQo4dbXQQsVukEF19g+tywL0A1X"},"_chains":{"BVKRMmisTqNd72bseZVP4273npZznrQp4pQEmgtOGxBR":{"chainKey":{"counter":0,"key":"Lk8W+9ujn7lZPybIy0Q3nnRKKYqUbIy6+d954fb3ol4="},"chainType":1,"messageKeys":{}}},"pendingPreKey":{"signedKeyId":18,"baseKey":"BVMyXJ7YY5xkyTHClM4Q9d2+nJ/4Zq7kOdne9/sqtZM3","preKeyId":10305747}}},"version":"v1"}