{"_sessions":{"BUKEOnahQyOJP/vgquqvx2bhhqQ+N+pn9aLhEW/swHJU":{"registrationId":491453940,"currentRatchet":{"ephemeralKeyPair":{"pubKey":"BUWo+RHr2gz7FaUO/uqJUfc3vt8LYgK3x1i6r6PfJm19","privKey":"aPLJB00YfVAFdvN7vomEjyyutrNWcpoFcmUebSyEcW0="},"lastRemoteEphemeralKey":"BUzDs5fsmTCq785Eay4hld0GFWpomMbjXq+bc1fOxCxt","previousCounter":0,"rootKey":"t4yL6prbrqmzzYbS+0b5JOwWeTY8DuFus3/A4SIsmBs="},"indexInfo":{"baseKey":"BUKEOnahQyOJP/vgquqvx2bhhqQ+N+pn9aLhEW/swHJU","baseKeyType":1,"closed":-1,"used":1696337705841,"created":1696337705841,"remoteIdentityKey":"BfkDiE4kFz8bwebVj0HTSk8URR+TBeh1VgYuRYFa8t4o"},"_chains":{"BUWo+RHr2gz7FaUO/uqJUfc3vt8LYgK3x1i6r6PfJm19":{"chainKey":{"counter":2,"key":"bj3sEKf8MKm+BYI0vkO8SZEFYYRy8g2WIyEFfUAHDt4="},"chainType":1,"messageKeys":{}}},"pendingPreKey":{"signedKeyId":2,"baseKey":"BUKEOnahQyOJP/vgquqvx2bhhqQ+N+pn9aLhEW/swHJU","preKeyId":6833643}}},"version":"v1"}