{"_sessions":{"BWjqqrNedoV62UuRc+bUg2jpgqLEfivHtUqBHwkQrDEu":{"registrationId":5357,"currentRatchet":{"ephemeralKeyPair":{"pubKey":"BZpztxor60EzUI84YjGzT+/ozp73juyvwohWZhaUubgU","privKey":"YGA8hajrMJfBPUq9C597nSXY2Mpc8u6qQ9ffXaVTAWU="},"lastRemoteEphemeralKey":"BVg4YbdEKxehnlT8D8yxy9MBc+/oinbEu6H9R/GPrM4c","previousCounter":0,"rootKey":"64nWpCw4JTlOBLEkHOqo8pQ2UnLvUFh3ASsD9iLDISo="},"indexInfo":{"baseKey":"BWjqqrNedoV62UuRc+bUg2jpgqLEfivHtUqBHwkQrDEu","baseKeyType":1,"closed":-1,"used":1696337703836,"created":1696337703836,"remoteIdentityKey":"BcsvAfnIe3BXTg6Z5Qy29GHd95pPLrfQnvcVVSSokP9k"},"_chains":{"BZpztxor60EzUI84YjGzT+/ozp73juyvwohWZhaUubgU":{"chainKey":{"counter":2,"key":"0I98Y6mWcre6z5bloSXesaS3/Uu1vKmP5O15mxRQfvI="},"chainType":1,"messageKeys":{}}},"pendingPreKey":{"signedKeyId":1,"baseKey":"BWjqqrNedoV62UuRc+bUg2jpgqLEfivHtUqBHwkQrDEu"}}},"version":"v1"}