{"_sessions":{"BZkvNAbNfZM4F5Qt08JnCGehARSxgCHLHM2Lf4ObyxVN":{"registrationId":106150053,"currentRatchet":{"ephemeralKeyPair":{"pubKey":"BQ+3H/zoJB8bzLXexg97cqf5VlCY0NIl4CfNUnE3/9JY","privKey":"OLRsZq/P+0+4kkcTpNU4CH7I4xLO5DS0a8NrdOGHJEA="},"lastRemoteEphemeralKey":"BQZfWAmb8is2Y9WJk3Bn7SsFBepBYXv9fqLmQOnnENhH","previousCounter":0,"rootKey":"B3mjBQ+1IoB2327X6odOt19ceQ0gRR4lZ8WF7Vo9qC0="},"indexInfo":{"baseKey":"BZkvNAbNfZM4F5Qt08JnCGehARSxgCHLHM2Lf4ObyxVN","baseKeyType":1,"closed":-1,"used":1696337706391,"created":1696337706391,"remoteIdentityKey":"BaOjTf8K+kvQITfOc5maorIvoYsppeCvX4xIbB1slsA0"},"_chains":{"BQ+3H/zoJB8bzLXexg97cqf5VlCY0NIl4CfNUnE3/9JY":{"chainKey":{"counter":2,"key":"PQydAHCkPAUGebRchsel5WR1D4hMrihmC0ww1C70au4="},"chainType":1,"messageKeys":{}}},"pendingPreKey":{"signedKeyId":14,"baseKey":"BZkvNAbNfZM4F5Qt08JnCGehARSxgCHLHM2Lf4ObyxVN","preKeyId":15365616}}},"version":"v1"}