{"_sessions":{"Ba06uue0I4fRkUJnUzWgoauxLwaIFsLPmjd0baUrirUX":{"registrationId":860571884,"currentRatchet":{"ephemeralKeyPair":{"pubKey":"BQTu+GuaXgN0hvkhPFd8BSOiZVbakL59iaum1BH7ILIe","privKey":"UN4ZpttKf8eJU54Mf8j99f09r54miVZrAazJNRA4TX4="},"lastRemoteEphemeralKey":"BYqu7eXmXi1xwXNkckJhq7gVh24Iyr8/Innoi5pz09wV","previousCounter":0,"rootKey":"uVv+1ZKQGusPZQqDKCGcJhLwoI2ohZPyZmxm0JLzdO8="},"indexInfo":{"baseKey":"Ba06uue0I4fRkUJnUzWgoauxLwaIFsLPmjd0baUrirUX","baseKeyType":1,"closed":-1,"used":1696337752151,"created":1696337752151,"remoteIdentityKey":"BRLti2LZ88WjtqN3azLL7M1jMco7LUsBLXYwcXN+xGJO"},"_chains":{"BQTu+GuaXgN0hvkhPFd8BSOiZVbakL59iaum1BH7ILIe":{"chainKey":{"counter":0,"key":"1A8bjzdXhxlqaMe+V3tByQn/NW44bTcLASAGBzqSSLo="},"chainType":1,"messageKeys":{}}},"pendingPreKey":{"signedKeyId":14,"baseKey":"Ba06uue0I4fRkUJnUzWgoauxLwaIFsLPmjd0baUrirUX","preKeyId":12525859}}},"version":"v1"}