{"_sessions":{"BSBb8SuM07PJuh37Two6DDMntLJlJbvxWD6SQ2Z5vq8F":{"registrationId":729398810,"currentRatchet":{"ephemeralKeyPair":{"pubKey":"BXIthR2xntsVG5Cotul+B3HbNm3FXfz0WL6WbM6VuhNS","privKey":"KMMZYyfUDsrZU539zFW5yr5iFK0zS9O//XQmt2dxNmw="},"lastRemoteEphemeralKey":"BQW5SLllKOSuax25L4WNX05l+3DJE9jPfFsEZDDYA5FV","previousCounter":0,"rootKey":"uXz760/N8hIEahCWXdumwApN/n0xqQP3Eo0InxIeYbw="},"indexInfo":{"baseKey":"BSBb8SuM07PJuh37Two6DDMntLJlJbvxWD6SQ2Z5vq8F","baseKeyType":1,"closed":-1,"used":1696337705045,"created":1696337705045,"remoteIdentityKey":"BQ6B11K+WvPk1CtdxmTnDiv1D3cFabDZ5C46/AHyvpkc"},"_chains":{"BXIthR2xntsVG5Cotul+B3HbNm3FXfz0WL6WbM6VuhNS":{"chainKey":{"counter":2,"key":"Nni3gt0gov8tmCq+rWq5Wqr9XWFQYepqcEf5ZQ9dqTU="},"chainType":1,"messageKeys":{}}},"pendingPreKey":{"signedKeyId":0,"baseKey":"BSBb8SuM07PJuh37Two6DDMntLJlJbvxWD6SQ2Z5vq8F","preKeyId":13876058}}},"version":"v1"}