{"_sessions":{"BY1uXUmYsUEXC8AAUnKAOl0gvab5/IfMJDlZlds0QSsW":{"registrationId":826520971,"currentRatchet":{"ephemeralKeyPair":{"pubKey":"BXEILC5DRrhbhMOMwvwZVRbcNzh9ctNkDHQfgPdhyU1y","privKey":"MBgz2bHNHEYB2TNNE48GTaJFNVoyQ+ZOgbXBgl49r0A="},"lastRemoteEphemeralKey":"BftNRtEx5ovyEQWZFArvn84zNhIKUMocGfrzM9DQJShn","previousCounter":0,"rootKey":"C12sYboGPVkjzJVdwsL8jBZozVG4yQvCPgRk78sEB0Q="},"indexInfo":{"baseKey":"BY1uXUmYsUEXC8AAUnKAOl0gvab5/IfMJDlZlds0QSsW","baseKeyType":1,"closed":-1,"used":1696337706562,"created":1696337706562,"remoteIdentityKey":"BbIBhM2V0wBGAc7pRDU4I//OGXRaj3K0uSc/vJxKvD8y"},"_chains":{"BXEILC5DRrhbhMOMwvwZVRbcNzh9ctNkDHQfgPdhyU1y":{"chainKey":{"counter":2,"key":"1oblJpRqXNxg6ylGL3ixldw5fK2FNkVhRrh0Us+48d4="},"chainType":1,"messageKeys":{}}},"pendingPreKey":{"signedKeyId":10,"baseKey":"BY1uXUmYsUEXC8AAUnKAOl0gvab5/IfMJDlZlds0QSsW","preKeyId":12536598}}},"version":"v1"}