{"_sessions":{"BfKzQsUZNc085tRY2xEw9DbI3IOMUxYBMpDYOLrcwaoU":{"registrationId":7505,"currentRatchet":{"ephemeralKeyPair":{"pubKey":"BTTIlDxt5uZWbDgdF77sa3itv5hYF1XnE0ocIK0BUNVe","privKey":"OFFX9A7Lcx3689Q1XZ5ybjOS5i534KE+LjSLNIGGJVI="},"lastRemoteEphemeralKey":"Bem/a5e5Pg8FOdtXs8C9f23s35seB5E1Q4nqbDYT2YJd","previousCounter":0,"rootKey":"egvP0xXuUNbZSoPe3/NXa03u0UYvCeMyBiMMZcj1dDM="},"indexInfo":{"baseKey":"BfKzQsUZNc085tRY2xEw9DbI3IOMUxYBMpDYOLrcwaoU","baseKeyType":1,"closed":-1,"used":1696337703733,"created":1696337703733,"remoteIdentityKey":"BTxE1ypjXl592HDikAh5eJQx86MHM9ifNs6Eq7WZ3uIN"},"_chains":{"BTTIlDxt5uZWbDgdF77sa3itv5hYF1XnE0ocIK0BUNVe":{"chainKey":{"counter":2,"key":"LNdYKQTq5BC+fFqbYhN0DNSPl7XL/h9Rp8T5rnQeSt0="},"chainType":1,"messageKeys":{}}},"pendingPreKey":{"signedKeyId":1,"baseKey":"BfKzQsUZNc085tRY2xEw9DbI3IOMUxYBMpDYOLrcwaoU"}}},"version":"v1"}