{"_sessions":{"BWY7FZ+1x1pi9ITBX2VQKVBqYtqDN17ZNCZcCWurRi8b":{"registrationId":2087395353,"currentRatchet":{"ephemeralKeyPair":{"pubKey":"Bflgjw6hHu+hJg+gp2pj5RBfnYqIHoWPyt/s6cyQDEos","privKey":"OHAoJRoWiMSTMPzQlDAwTC6NQPkkCBsCTNyBm6+maFo="},"lastRemoteEphemeralKey":"BZQvV4i7aQRWy7JsA/NjE4vUBEQ56qESPO2QrMQBF3EU","previousCounter":0,"rootKey":"ec6BjRBzv3nu1urlY2X5ym2F6svZOzUdQYJXjoOZgkk="},"indexInfo":{"baseKey":"BWY7FZ+1x1pi9ITBX2VQKVBqYtqDN17ZNCZcCWurRi8b","baseKeyType":1,"closed":-1,"used":1696337719221,"created":1696337719221,"remoteIdentityKey":"BZPEdIEnCTZQDC78NZBXXSmiwCzZfq8wtw5d5K/poQ9n"},"_chains":{"Bflgjw6hHu+hJg+gp2pj5RBfnYqIHoWPyt/s6cyQDEos":{"chainKey":{"counter":0,"key":"+fdpdrs1+IMYQTY3I4OiDNxoNpLonGjWIyoZj8DEZvg="},"chainType":1,"messageKeys":{}}},"pendingPreKey":{"signedKeyId":2,"baseKey":"BWY7FZ+1x1pi9ITBX2VQKVBqYtqDN17ZNCZcCWurRi8b","preKeyId":16483883}}},"version":"v1"}