{"_sessions":{"BeoSwwovfqstHBZbiYkJsHqyGIwmnfL/LzyrnyDr34Jt":{"registrationId":1843218247,"currentRatchet":{"ephemeralKeyPair":{"pubKey":"BeiQBU37Rqh/CUJTlMTK3YIdIpJ0QY4k4MHK+0zW2Eh+","privKey":"UIHA9txsxhARr/pIJXej+Gws24n0VmQgto/9zye+gHg="},"lastRemoteEphemeralKey":"BfBVqnSGfkHunvuwuykVJd8KvOrPRPM3OfE+sNnmL30h","previousCounter":0,"rootKey":"EDJdckVT+l5vz36km8yffK96cRMdOVvnhYrBaBvqKEc="},"indexInfo":{"baseKey":"BeoSwwovfqstHBZbiYkJsHqyGIwmnfL/LzyrnyDr34Jt","baseKeyType":1,"closed":-1,"used":1696337752110,"created":1696337752110,"remoteIdentityKey":"BZagVZCCnYaq4tONb3I0fiQqtaWHCitVGgloOY4MKQR9"},"_chains":{"BeiQBU37Rqh/CUJTlMTK3YIdIpJ0QY4k4MHK+0zW2Eh+":{"chainKey":{"counter":0,"key":"Gmzs22r0bxcqWkw6746DVlIH9XvEoKWlfDlKJXpMR5s="},"chainType":1,"messageKeys":{}}},"pendingPreKey":{"signedKeyId":9,"baseKey":"BeoSwwovfqstHBZbiYkJsHqyGIwmnfL/LzyrnyDr34Jt","preKeyId":14249835}}},"version":"v1"}