{"_sessions":{"BR2WoVuYs7K4v9vJLIIB6X3cbD0P/MDvrmQDfMu5BfkS":{"registrationId":902207459,"currentRatchet":{"ephemeralKeyPair":{"pubKey":"BTTvgG4A1uu2B3YRW9BtCMM656GwEMCDlsPzMMmFzClf","privKey":"iDFnp2BOOfEA1XKc9pxfuMHNqVOrLQ9XohArdOUzGno="},"lastRemoteEphemeralKey":"BUfnOgDP242g+/gFz2CWAN4VXC+dCHLeAR196ARna2hp","previousCounter":0,"rootKey":"h6bNfqNPecR4LA/cLTcx4+e2/XXl7j7eZ8G5XZ8hanM="},"indexInfo":{"baseKey":"BR2WoVuYs7K4v9vJLIIB6X3cbD0P/MDvrmQDfMu5BfkS","baseKeyType":1,"closed":-1,"used":1696337706081,"created":1696337706081,"remoteIdentityKey":"BWXVZaY6JNo2p9D5/RL93YLLYIXjetrDPJBjG/0inD8r"},"_chains":{"BTTvgG4A1uu2B3YRW9BtCMM656GwEMCDlsPzMMmFzClf":{"chainKey":{"counter":2,"key":"nrMN78CB2JWqMdyYCxbDG8b73villAs3PjDuDVfTJK8="},"chainType":1,"messageKeys":{}}},"pendingPreKey":{"signedKeyId":1,"baseKey":"BR2WoVuYs7K4v9vJLIIB6X3cbD0P/MDvrmQDfMu5BfkS","preKeyId":2477692}}},"version":"v1"}