{"_sessions":{"BfMzngZ5fcKvYvFlnvPAVF/2kY07v7q4cgAdXzYaYMBD":{"registrationId":378264772,"currentRatchet":{"ephemeralKeyPair":{"pubKey":"Bbk/VF1FtGKUUSffCWaNpu+CklzXNSfWRj86rCVTAroG","privKey":"0PJlDPvmT+2GmDa6FXQiny9reqgVWX0AxK9i+qOjSnQ="},"lastRemoteEphemeralKey":"BX++PiB3eMXNJ52TFY5fvHLm0OcYVzwiW8m7DgP+3A9O","previousCounter":0,"rootKey":"9Cuej0XQgN8hvPBqamthtpuTRpkbnmadesEIc5DmPFo="},"indexInfo":{"baseKey":"BfMzngZ5fcKvYvFlnvPAVF/2kY07v7q4cgAdXzYaYMBD","baseKeyType":1,"closed":-1,"used":1696337704481,"created":1696337704481,"remoteIdentityKey":"Bfa2iNIpCshWIl1yQAMKjNfDPTfYe9eOcz2mbkVe6MFP"},"_chains":{"Bbk/VF1FtGKUUSffCWaNpu+CklzXNSfWRj86rCVTAroG":{"chainKey":{"counter":2,"key":"BTauG3PhelO4ioDw5pyk5CaNp1svu8vEutu1KMzNrOs="},"chainType":1,"messageKeys":{}}},"pendingPreKey":{"signedKeyId":1,"baseKey":"BfMzngZ5fcKvYvFlnvPAVF/2kY07v7q4cgAdXzYaYMBD","preKeyId":13162405}}},"version":"v1"}