{"_sessions":{"BUcB1AiPJzOcyy9P/homts7e8G3IzJNstei3ruyAk4sd":{"registrationId":76039962,"currentRatchet":{"ephemeralKeyPair":{"pubKey":"BYtCBJfdyMbs64Co5hr8FBXw8llhx32p6pr0bFu1HX1d","privKey":"SNrSPHeruCyfQvUYpV5961lCU7zTJHWStH4u2Onj1Hs="},"lastRemoteEphemeralKey":"BVYSgwitep/ABkrQN6afAdfWKwbTTLBLjqMVZPdS0Udl","previousCounter":0,"rootKey":"yHQR6fEuQ9JZ5lUdKEe7QjheBNQvUdsAXQjhROajWZw="},"indexInfo":{"baseKey":"BUcB1AiPJzOcyy9P/homts7e8G3IzJNstei3ruyAk4sd","baseKeyType":1,"closed":-1,"used":1696337752182,"created":1696337752182,"remoteIdentityKey":"BZw9icmlszoRwGDeGD6D6uKZqOngeP6zJWd1RaPh7ygY"},"_chains":{"BYtCBJfdyMbs64Co5hr8FBXw8llhx32p6pr0bFu1HX1d":{"chainKey":{"counter":0,"key":"3YKEy91tVB6qwklI20Fu30EJ2mhbGizQPH8cwiY2cH8="},"chainType":1,"messageKeys":{}}},"pendingPreKey":{"signedKeyId":4,"baseKey":"BUcB1AiPJzOcyy9P/homts7e8G3IzJNstei3ruyAk4sd","preKeyId":6226851}}},"version":"v1"}