{"_sessions":{"BaqgKnIKs48oWCetxNi5Mjt4M0X1dogeIZ/NBpLVPbdT":{"registrationId":1903404032,"currentRatchet":{"ephemeralKeyPair":{"pubKey":"BQl9vshSSDyUJShTLycQT4M0/UsdUvUDXMR1L+oCXaci","privKey":"2LgcrJp+zJhQLNOkKKat58bw4Bwp33JRczh0ApPQAFQ="},"lastRemoteEphemeralKey":"BcvMQGh43aCExtzeIqqRYmpt/9d3FsWBV8d/56Lh0wlN","previousCounter":0,"rootKey":"rLVk+NMOUUKRWiYve2nYmReFC9pxmddzwYSXmGic35k="},"indexInfo":{"baseKey":"BaqgKnIKs48oWCetxNi5Mjt4M0X1dogeIZ/NBpLVPbdT","baseKeyType":1,"closed":-1,"used":1696337731875,"created":1696337731875,"remoteIdentityKey":"BTE/53AxDeomjd89yMQmTU+pnHP/UFDIVeRGADVWzetl"},"_chains":{"BQl9vshSSDyUJShTLycQT4M0/UsdUvUDXMR1L+oCXaci":{"chainKey":{"counter":0,"key":"j48dTRaYV7PNOhPdQgl4LK89tbYa0aJWlBralV1QMtQ="},"chainType":1,"messageKeys":{}}},"pendingPreKey":{"signedKeyId":4,"baseKey":"BaqgKnIKs48oWCetxNi5Mjt4M0X1dogeIZ/NBpLVPbdT","preKeyId":7557913}}},"version":"v1"}