{"_sessions":{"BWtaO+x/vtTTgzO6Aqfo2no9r3AD/J/bFK6WICelTj4/":{"registrationId":1179675686,"currentRatchet":{"ephemeralKeyPair":{"pubKey":"BZ9HOXdL0Xr+/BbQD7bCgxL/eR9ZO72uxRLFTJHof2sq","privKey":"6M4ZgEHPtfhpjpNqTpwZ0YNF011tmfY4bOHCntleBlg="},"lastRemoteEphemeralKey":"Ba3Loxw3ILB0JnLsNZGIy0zgIQrEhqc3NajHaCS3x8kr","previousCounter":0,"rootKey":"+oSs2tLUauvnfdV6U5YZ2TFMh5tq3P5iooWxV6lcnlY="},"indexInfo":{"baseKey":"BWtaO+x/vtTTgzO6Aqfo2no9r3AD/J/bFK6WICelTj4/","baseKeyType":1,"closed":-1,"used":1696337707002,"created":1696337707002,"remoteIdentityKey":"Bf5DOKho6Lf/YXk/QDwbzaJSNGJSe9UFg+ErPgC1JPYI"},"_chains":{"BZ9HOXdL0Xr+/BbQD7bCgxL/eR9ZO72uxRLFTJHof2sq":{"chainKey":{"counter":2,"key":"wGWmJgDW1sE7godlDVAJQA06fbraXgY4qSI/o1CwB+w="},"chainType":1,"messageKeys":{}}},"pendingPreKey":{"signedKeyId":17,"baseKey":"BWtaO+x/vtTTgzO6Aqfo2no9r3AD/J/bFK6WICelTj4/","preKeyId":4584408}}},"version":"v1"}