{"_sessions":{"BRUsNlICy3vHM3/q8APn32jGvfhkniLX4+ELTrOAasZg":{"registrationId":1936953752,"currentRatchet":{"ephemeralKeyPair":{"pubKey":"BdiUHk1wz8A8CV0xPrF9PaoMinxwmz6uXZzfyMOh06lp","privKey":"GO/GBTNrXcE7fWPONsgHdntXTRomZCx4GLf1CkfaYWA="},"lastRemoteEphemeralKey":"Bau/GTHuK2JDgDdV7V8qOnZcK2YUxoJHzOFn+ARlJpV9","previousCounter":0,"rootKey":"hDduloDV8nTIw/qpklVp0jSHjCKkn3yEaDyO+NfokmQ="},"indexInfo":{"baseKey":"BRUsNlICy3vHM3/q8APn32jGvfhkniLX4+ELTrOAasZg","baseKeyType":1,"closed":-1,"used":1696337705826,"created":1696337705826,"remoteIdentityKey":"BWKtrUdMP+QjKFnU028TCHB3MpZgqZYDkMq3qcBlHL16"},"_chains":{"BdiUHk1wz8A8CV0xPrF9PaoMinxwmz6uXZzfyMOh06lp":{"chainKey":{"counter":2,"key":"evES4yXq3EKYYzT5oE58e7YloWUAm/SKjGTAfvM4Tcw="},"chainType":1,"messageKeys":{}}},"pendingPreKey":{"signedKeyId":50,"baseKey":"BRUsNlICy3vHM3/q8APn32jGvfhkniLX4+ELTrOAasZg","preKeyId":2193447}}},"version":"v1"}