{"_sessions":{"Bc9ir+Y3yIu2PCYPLHfUMmUbnYX/5nvVcsLQ86FGiwEg":{"registrationId":530084286,"currentRatchet":{"ephemeralKeyPair":{"pubKey":"BZ7WNeb5rA4vt3YSLv2TrVmXimI/ewCltCngaUzSb+EC","privKey":"GCriRRGq2hdCooTJU2lZwL9PgtXERlewzqwcYQJaN20="},"lastRemoteEphemeralKey":"BVSpv+l9tnCPv124/x02ZpuN2mCOcrLXpd1VnBKVYgVl","previousCounter":0,"rootKey":"i/A8GKC6fqej2xlTHv6RvCtA/E+xMlMcsxremdZaL+Y="},"indexInfo":{"baseKey":"Bc9ir+Y3yIu2PCYPLHfUMmUbnYX/5nvVcsLQ86FGiwEg","baseKeyType":1,"closed":-1,"used":1696337705528,"created":1696337705528,"remoteIdentityKey":"BaADQW91+kaMjGp7VXVZtjPKLIJWwI5c1OVPzHDzZ34y"},"_chains":{"BZ7WNeb5rA4vt3YSLv2TrVmXimI/ewCltCngaUzSb+EC":{"chainKey":{"counter":2,"key":"+8tqU6IEXfXVdAj/mYV7dCThHdRIvlRZFFLGdV/T7iY="},"chainType":1,"messageKeys":{}}},"pendingPreKey":{"signedKeyId":5,"baseKey":"Bc9ir+Y3yIu2PCYPLHfUMmUbnYX/5nvVcsLQ86FGiwEg","preKeyId":808598}}},"version":"v1"}