{"_sessions":{"BctFo2gSiNJ8ZiAdGGtHIBDNSgK6eYt6GlUi1zhzoGdg":{"registrationId":278140726,"currentRatchet":{"ephemeralKeyPair":{"pubKey":"BSo5TZYcM1bHMYxdQpTa7ip8SdnJfVtzN+Ok6VMjGZJ2","privKey":"ELKbV4D+OJXuSQ5rXtR9e1X5QOc2pYck4DLihihPiHo="},"lastRemoteEphemeralKey":"BY72qUrSnhur2vFSz9DDpeTMn8u5voZa8kOJQtCxNpcf","previousCounter":0,"rootKey":"jGeWprhaC1ksgpcXOPdH8BGHsd0BsBNdGEWIIIH8Glc="},"indexInfo":{"baseKey":"BctFo2gSiNJ8ZiAdGGtHIBDNSgK6eYt6GlUi1zhzoGdg","baseKeyType":1,"closed":-1,"used":1696337705419,"created":1696337705419,"remoteIdentityKey":"BfKVZ6m/tzYF2Jvt6LazO18qJixDHIkwcSsaP3yeMs8M"},"_chains":{"BSo5TZYcM1bHMYxdQpTa7ip8SdnJfVtzN+Ok6VMjGZJ2":{"chainKey":{"counter":2,"key":"RAz/hGzqFPWDjCxsd9gWZ+qCnT+7l0tujXfv7aMjGEg="},"chainType":1,"messageKeys":{}}},"pendingPreKey":{"signedKeyId":6,"baseKey":"BctFo2gSiNJ8ZiAdGGtHIBDNSgK6eYt6GlUi1zhzoGdg","preKeyId":14130065}}},"version":"v1"}