{"_sessions":{"BckfcDvmKNJFEPjj5AA7sKCWpg8h5JV1ME84LS4zhMgM":{"registrationId":393956206,"currentRatchet":{"ephemeralKeyPair":{"pubKey":"BbqIFvxzqd61MeMUPzXi00Z3HJGoWdqoLBnswg6Sx4hy","privKey":"MLt6BYcf0w6efdnimGpDw/TNh9yr4Kt3S1PJM6Dclm0="},"lastRemoteEphemeralKey":"BdkeMZtey/rbjSVnGXTNii5bpnWPefi5UCTe8yZHRlJQ","previousCounter":0,"rootKey":"j94Hn12bjezW2mMo22/RYht88WsSdRY/9dVoAaAbAHE="},"indexInfo":{"baseKey":"BckfcDvmKNJFEPjj5AA7sKCWpg8h5JV1ME84LS4zhMgM","baseKeyType":1,"closed":-1,"used":1696337705727,"created":1696337705727,"remoteIdentityKey":"BUWLeb7sTMcNxpMXbh5ToRc20+zAPO/nQga9brNsmO9N"},"_chains":{"BbqIFvxzqd61MeMUPzXi00Z3HJGoWdqoLBnswg6Sx4hy":{"chainKey":{"counter":2,"key":"8GCDyVeqWoMLup/ulJt88lcBTuAW0O4HfPWVcRZdT2g="},"chainType":1,"messageKeys":{}}},"pendingPreKey":{"signedKeyId":1,"baseKey":"BckfcDvmKNJFEPjj5AA7sKCWpg8h5JV1ME84LS4zhMgM","preKeyId":8706497}}},"version":"v1"}