{"_sessions":{"BZmCTnVp1z+jSvdgKwIU4/osVpiqmXjZDVDb7TqyrVQh":{"registrationId":1034713391,"currentRatchet":{"ephemeralKeyPair":{"pubKey":"BYMVOBHn1SDzi30gvXPiJ5hMBsHiGX8nT3rSKLLE54cb","privKey":"wEQ9+mqtgjP9sCF1g5Mj5MSWK2TQZAEMK+mcCF70vGI="},"lastRemoteEphemeralKey":"BUwHRGuceivxOLVyS0L7dr5+QYjSCPa/hZVK1/Eofugf","previousCounter":0,"rootKey":"LjbKFDuNuhIM4NbPGQ1yOZMlg3rGC+kfoTXy19oFHRs="},"indexInfo":{"baseKey":"BZmCTnVp1z+jSvdgKwIU4/osVpiqmXjZDVDb7TqyrVQh","baseKeyType":1,"closed":-1,"used":1696337705671,"created":1696337705671,"remoteIdentityKey":"BQ6XwSiQwiREwU2Tnl5KrSuidrz9fTK9ROhjvFugYJgD"},"_chains":{"BYMVOBHn1SDzi30gvXPiJ5hMBsHiGX8nT3rSKLLE54cb":{"chainKey":{"counter":2,"key":"g2lyEjatxGoCH3etm2pSTvK8MZXnRQT78gCJIrrVwOA="},"chainType":1,"messageKeys":{}}},"pendingPreKey":{"signedKeyId":6,"baseKey":"BZmCTnVp1z+jSvdgKwIU4/osVpiqmXjZDVDb7TqyrVQh","preKeyId":11671574}}},"version":"v1"}