{"_sessions":{"BadwpxUtuGMrjwg6yiI8TFcbG4myUeT+j6JSkiv7mQcB":{"registrationId":288020269,"currentRatchet":{"ephemeralKeyPair":{"pubKey":"BROPeYquyv/4PMZV8ZfipgkWpv60i8ZYALxNDICKxYJn","privKey":"CJ5hXjYukBatDPk2ACT36nxr3it2h7tI939gpD+UWGk="},"lastRemoteEphemeralKey":"Bdo6V5pZMhkwNmXVP4+dw4WbwkyRnXkQLYDku/louNFu","previousCounter":0,"rootKey":"ZqQiiyFG62rOgal/Oa+WefyHQuRf+c4DsZfL0IosgDg="},"indexInfo":{"baseKey":"BadwpxUtuGMrjwg6yiI8TFcbG4myUeT+j6JSkiv7mQcB","baseKeyType":1,"closed":-1,"used":1696337704941,"created":1696337704941,"remoteIdentityKey":"Bdpu0ScA/xYOr5EscEEcU+1KkSeKsRDXXWIbaGWrylF3"},"_chains":{"BROPeYquyv/4PMZV8ZfipgkWpv60i8ZYALxNDICKxYJn":{"chainKey":{"counter":2,"key":"zPtEhx5xZQXnP+jk/I1gHCtZEBRJUUO7qcHZPm48DAE="},"chainType":1,"messageKeys":{}}},"pendingPreKey":{"signedKeyId":5,"baseKey":"BadwpxUtuGMrjwg6yiI8TFcbG4myUeT+j6JSkiv7mQcB","preKeyId":3437703}}},"version":"v1"}