{"_sessions":{"BSBcKT8gTjLZphD14C0WHdxPRlMiLCuukVBWRlBsLgIc":{"registrationId":662289989,"currentRatchet":{"ephemeralKeyPair":{"pubKey":"BYvYnTq3AtN7A74nYVoLIxULuPKzYqBZd+zxHhK707A1","privKey":"wJu38DaMnjv3YtUwChujmcBqX61BCXNWUmv0B8ksBH8="},"lastRemoteEphemeralKey":"BeVMcRuy5sW+Cgujac8X2T12aO2MaI+JqHP8PAtfuxIW","previousCounter":0,"rootKey":"aTaP1cGbKXg0hR/XBiIjrACx5jbCgvVNsVewdyJJDO0="},"indexInfo":{"baseKey":"BSBcKT8gTjLZphD14C0WHdxPRlMiLCuukVBWRlBsLgIc","baseKeyType":1,"closed":-1,"used":1696337707180,"created":1696337707180,"remoteIdentityKey":"BbYTpH2gPQKNNf0YcA/IWFY/ASXxlO4hT1PJMxCGwVB1"},"_chains":{"BYvYnTq3AtN7A74nYVoLIxULuPKzYqBZd+zxHhK707A1":{"chainKey":{"counter":2,"key":"F/kPsQL/xT74C5ppbIbmSA2oCQ8jnaUw5vljjHVkUpY="},"chainType":1,"messageKeys":{}}},"pendingPreKey":{"signedKeyId":2,"baseKey":"BSBcKT8gTjLZphD14C0WHdxPRlMiLCuukVBWRlBsLgIc","preKeyId":14768676}}},"version":"v1"}