{"_sessions":{"BcWD4oVi5mXNV/2I5ToBiu3RgpKBN57p6K1zee1d4+Nc":{"registrationId":1113491360,"currentRatchet":{"ephemeralKeyPair":{"pubKey":"BaikfRQkoecbkTaOr65HTAy19KsfEngbq0vzYHIBLFpB","privKey":"+NVnqlYwj/9ovPKQG+5GNQEpLuio/ozcpjzBrxnrwWY="},"lastRemoteEphemeralKey":"BfuNP5J9oP37FFd7jVzY0ZpKEb5SqWagVOJ6l4sKaAYc","previousCounter":0,"rootKey":"nItWfKuH9DQl+OhGPIrrJA0fEdwcm/PM+QiF1c7QRMg="},"indexInfo":{"baseKey":"BcWD4oVi5mXNV/2I5ToBiu3RgpKBN57p6K1zee1d4+Nc","baseKeyType":1,"closed":-1,"used":1696337752931,"created":1696337752931,"remoteIdentityKey":"BdRPevzJizMp/lGp2Q80A280qJgD2VVOH3gyVdVJLHIa"},"_chains":{"BaikfRQkoecbkTaOr65HTAy19KsfEngbq0vzYHIBLFpB":{"chainKey":{"counter":0,"key":"LMrraqPjXRo63GK2c/HjCOqwSXRYtlaibigQ7NgSpe8="},"chainType":1,"messageKeys":{}}},"pendingPreKey":{"signedKeyId":13,"baseKey":"BcWD4oVi5mXNV/2I5ToBiu3RgpKBN57p6K1zee1d4+Nc","preKeyId":3166941}}},"version":"v1"}