{"_sessions":{"BRw/cEV/93QVmibEcJqgFmPvCmYQfw4WKnlDb/t2Yy1y":{"registrationId":1652,"currentRatchet":{"ephemeralKeyPair":{"pubKey":"BSNdbulgBVz/q/hDLrETnGdY4I8ddet5qLcBze+JT5lu","privKey":"0Hwep7hhuJRxUEDSPxwDByl83rbb9XW659Li3fzcC2M="},"lastRemoteEphemeralKey":"BbKkcJAu6bBqSTiMuhh1ovQhM2AkNuzxbjSl8BcBQ/kn","previousCounter":0,"rootKey":"JKG4/Nw+2rKjMzAA2DQhtNb401aKW67m1q5P1SToeps="},"indexInfo":{"baseKey":"BRw/cEV/93QVmibEcJqgFmPvCmYQfw4WKnlDb/t2Yy1y","baseKeyType":1,"closed":-1,"used":1696337703354,"created":1696337703354,"remoteIdentityKey":"BbjGUW667I1BhRYBFTPsXq/JPwDLq9v8uqzI03js2T5N"},"_chains":{"BSNdbulgBVz/q/hDLrETnGdY4I8ddet5qLcBze+JT5lu":{"chainKey":{"counter":2,"key":"s6yNG8Am4RcBp2g/nlXyzkUzEYXSZ3ukZsiHl77Thhs="},"chainType":1,"messageKeys":{}}},"pendingPreKey":{"signedKeyId":1,"baseKey":"BRw/cEV/93QVmibEcJqgFmPvCmYQfw4WKnlDb/t2Yy1y"}}},"version":"v1"}