{"_sessions":{"BUPZWhnX2/sLZh9nCwtS+bkAAcrSoMDbaDR05pQVQiV6":{"registrationId":2366,"currentRatchet":{"ephemeralKeyPair":{"pubKey":"BfvaqEaEMI4cYB2fibLatFk3HGcTHcd0M6goECFrYwgy","privKey":"cNLfTJxVWF7uHGdObTX2/yhoUsGiyfkO+or9Upx/LGo="},"lastRemoteEphemeralKey":"Befyg02kWRnyiCXq+3i42RsDje92dK6kpPspHoPPlJdH","previousCounter":0,"rootKey":"QZ2ZUzbvBYuZ2F+9YzuMdNgVDV1aOP5z2lRdKAW6S4M="},"indexInfo":{"baseKey":"BUPZWhnX2/sLZh9nCwtS+bkAAcrSoMDbaDR05pQVQiV6","baseKeyType":1,"closed":-1,"used":1696337751924,"created":1696337751924,"remoteIdentityKey":"BRFbJAMTeDecFeg8q9DQgfTEkZ+epaUcv6mWrPpm40cY"},"_chains":{"BfvaqEaEMI4cYB2fibLatFk3HGcTHcd0M6goECFrYwgy":{"chainKey":{"counter":0,"key":"VGarZGpu94ySOcmDNK46xV7CAeE2gMEXR6QXKLpSsQk="},"chainType":1,"messageKeys":{}}},"pendingPreKey":{"signedKeyId":1,"baseKey":"BUPZWhnX2/sLZh9nCwtS+bkAAcrSoMDbaDR05pQVQiV6","preKeyId":4976}}},"version":"v1"}