{"_sessions":{"BZS/fRjGnZSEB+DIxrnnxRUIQPOS61x3JkFbUeUKm6sS":{"registrationId":581382651,"currentRatchet":{"ephemeralKeyPair":{"pubKey":"BT1NWIQmEhOejFB+imAIsaltQ9X1d11LzByh6O9T+gxJ","privKey":"iHWmtaRivomS1k1g2K06FQ4r2Ok7NVF5tTkZIRjK6WM="},"lastRemoteEphemeralKey":"BfMsw7C2fv5ymnU/dMGq0uygIgwbTcyDr/p7fEKOiahZ","previousCounter":0,"rootKey":"RLndNOxP9ojG0EwVUbUlJyTdzwZjUZVw4zLhvBGMDRs="},"indexInfo":{"baseKey":"BZS/fRjGnZSEB+DIxrnnxRUIQPOS61x3JkFbUeUKm6sS","baseKeyType":1,"closed":-1,"used":1696337752772,"created":1696337752772,"remoteIdentityKey":"Bb9MTaa8/GW6BnpqYfkwehq6qa42BKVfOSV8EJEv8L1T"},"_chains":{"BT1NWIQmEhOejFB+imAIsaltQ9X1d11LzByh6O9T+gxJ":{"chainKey":{"counter":0,"key":"hodghTp06yoE5ZcY8X9KdvbM1DLXJaF2SfOwKQxnbNs="},"chainType":1,"messageKeys":{}}},"pendingPreKey":{"signedKeyId":3,"baseKey":"BZS/fRjGnZSEB+DIxrnnxRUIQPOS61x3JkFbUeUKm6sS","preKeyId":3793383}}},"version":"v1"}