{"_sessions":{"BeidH2kWu0+1A5ia5St25vO+cZH4lnxn2dOZNHwkxjtw":{"registrationId":494727709,"currentRatchet":{"ephemeralKeyPair":{"pubKey":"BVtRAiQgPxEet+fQ4pSvZ1+aP/OxXv3zpRNZT67X42pr","privKey":"WLO7VsDSjSPdP1D4VA+OY5xb1afIcM6jBd2kWgO+TGY="},"lastRemoteEphemeralKey":"BSk4mpEzEojs5fDYAaXBBlTNBehtJonehfIyZ1gjlApG","previousCounter":0,"rootKey":"TWynsR9w0nry+KAtFftDX/1Y2zRIDKDL+vt1y52zqro="},"indexInfo":{"baseKey":"BeidH2kWu0+1A5ia5St25vO+cZH4lnxn2dOZNHwkxjtw","baseKeyType":1,"closed":-1,"used":1696337753026,"created":1696337753026,"remoteIdentityKey":"BZEYfPHDAESTlnDP8x+/cygwpWKFbpl2zRGnrKC/Zx9D"},"_chains":{"BVtRAiQgPxEet+fQ4pSvZ1+aP/OxXv3zpRNZT67X42pr":{"chainKey":{"counter":0,"key":"1wMhUGjQWUx+6kBzNkJyo6bk6AOToZmnJrjLRaMni9k="},"chainType":1,"messageKeys":{}}},"pendingPreKey":{"signedKeyId":4,"baseKey":"BeidH2kWu0+1A5ia5St25vO+cZH4lnxn2dOZNHwkxjtw"}}},"version":"v1"}