{"_sessions":{"BW0IF2QIFg0+ZH7ycdorW++RIPYeM59mVSaSwbZIF/FY":{"registrationId":1503784319,"currentRatchet":{"ephemeralKeyPair":{"pubKey":"BSFS02kJSBp2z3N4uZ/i6djL3SA4UoXV2eEklbmh4xBh","privKey":"gNfGOL7VvgGd694MJSVGCGWxOfvaB8E+f6k/9s42+Hs="},"lastRemoteEphemeralKey":"BeWP26kaWRxKX47zNAz6OIuB2995FZNpWVTGRyVL4/V7","previousCounter":0,"rootKey":"zC597Wky5f1HjkV1U6K5s54MuID328L9nK+wACElLsU="},"indexInfo":{"baseKey":"BW0IF2QIFg0+ZH7ycdorW++RIPYeM59mVSaSwbZIF/FY","baseKeyType":1,"closed":-1,"used":1696337706891,"created":1696337706891,"remoteIdentityKey":"BcsvZRf27IQnBHLgndsZu/Ainge2jaRXyS+WUPHy+xpQ"},"_chains":{"BSFS02kJSBp2z3N4uZ/i6djL3SA4UoXV2eEklbmh4xBh":{"chainKey":{"counter":2,"key":"Ghc6S0kJsvwHfPCwbiTsOU4ne4/w6iRt/4q/brMPhY4="},"chainType":1,"messageKeys":{}}},"pendingPreKey":{"signedKeyId":25,"baseKey":"BW0IF2QIFg0+ZH7ycdorW++RIPYeM59mVSaSwbZIF/FY","preKeyId":10654189}}},"version":"v1"}