{"_sessions":{"BZHDaNEolVwI3L5ZnivjsKkUyUII/Zvc6e+/4JMuPd9C":{"registrationId":225991296,"currentRatchet":{"ephemeralKeyPair":{"pubKey":"Bfuz69hVFpb/10gTj+/wqir0Bjo1Mf4zEO5jh7vCCLZh","privKey":"IEg6qcg8gLt7+xh2Fz9uDY66qiKt1kK9Xm5LYZkyn34="},"lastRemoteEphemeralKey":"BeiruTq0yovEJAePobZVSPBLulv9+Jfb0uX1Ib5FTYF1","previousCounter":0,"rootKey":"+Cf8EO+ptsXDIT9gCYjus95NBVJOIsxs/FdYy62Y2cs="},"indexInfo":{"baseKey":"BZHDaNEolVwI3L5ZnivjsKkUyUII/Zvc6e+/4JMuPd9C","baseKeyType":1,"closed":-1,"used":1696337704932,"created":1696337704932,"remoteIdentityKey":"BYC6ySS+xtTEvNQPd7pWkT9JdKYmnhyU3Z7idX43C6pQ"},"_chains":{"Bfuz69hVFpb/10gTj+/wqir0Bjo1Mf4zEO5jh7vCCLZh":{"chainKey":{"counter":2,"key":"CHZalkmf+Q4XSs4XJ24kUpr4ekzMvkdAVZt91jXVfE8="},"chainType":1,"messageKeys":{}}},"pendingPreKey":{"signedKeyId":5,"baseKey":"BZHDaNEolVwI3L5ZnivjsKkUyUII/Zvc6e+/4JMuPd9C","preKeyId":399887}}},"version":"v1"}