{"_sessions":{"BW0AAbznr3U+ASNQp+7RMD1cDyaiynCiM8SGRGgTZLFU":{"registrationId":2047356340,"currentRatchet":{"ephemeralKeyPair":{"pubKey":"BfdCmJqiVBlnPGKi2ALSSQaCJz6lhIsB67yeyaFY3TEK","privKey":"4GFjxZ0cwgk92hZEFvclvYhV84UhyU5ojM1o0QmjPGs="},"lastRemoteEphemeralKey":"BSu11p8lOk1dxfT1XP535OnmG9vrwDIz/Qe8T2c/cF9i","previousCounter":0,"rootKey":"hjZVpvAazgELnvCL8hhufHeCQkrE0Wn4AD/MyOIjqNE="},"indexInfo":{"baseKey":"BW0AAbznr3U+ASNQp+7RMD1cDyaiynCiM8SGRGgTZLFU","baseKeyType":1,"closed":-1,"used":1696337704553,"created":1696337704553,"remoteIdentityKey":"BYRWWLq/v6yDkGPKwzKan5OHSOOdaXdxEh5eDKLRH7gz"},"_chains":{"BfdCmJqiVBlnPGKi2ALSSQaCJz6lhIsB67yeyaFY3TEK":{"chainKey":{"counter":2,"key":"dsA84l/m6Y+geBroAZJfA6x4vkaxRI2PJWPR3As6RUY="},"chainType":1,"messageKeys":{}}},"pendingPreKey":{"signedKeyId":1,"baseKey":"BW0AAbznr3U+ASNQp+7RMD1cDyaiynCiM8SGRGgTZLFU","preKeyId":12627858}}},"version":"v1"}