{"_sessions":{"BYhW5z4XvRo8gVS+hNH8IaGxsuWjkPnm/7GyzwqjAf18":{"registrationId":765077212,"currentRatchet":{"ephemeralKeyPair":{"pubKey":"Bfl1KrC7B2fvWdzMo6/vowjHMJu1nhbFdv5oEZQ9G0tW","privKey":"EH/tZFpaA97a1VAmv+Md+ryEn7KShVAqByH/oNq5UnM="},"lastRemoteEphemeralKey":"Bc/H6QjgNJU7OvDaJKV1uRbozaUeI1iV2j+9lOhb+Yon","previousCounter":0,"rootKey":"yFsklHUgZW0v+Yh/qCPyRWP5blWUMahjv/McJkZRwZA="},"indexInfo":{"baseKey":"BYhW5z4XvRo8gVS+hNH8IaGxsuWjkPnm/7GyzwqjAf18","baseKeyType":1,"closed":-1,"used":1696337704643,"created":1696337704643,"remoteIdentityKey":"BYVWrqicpNz4Rusr8aQMSV3o2NydNQxh+Ho03F/k+1pT"},"_chains":{"Bfl1KrC7B2fvWdzMo6/vowjHMJu1nhbFdv5oEZQ9G0tW":{"chainKey":{"counter":2,"key":"rbVRW/mz4btaGU7b8h5j4M720r2sRzRlmwIOi321uuQ="},"chainType":1,"messageKeys":{}}},"pendingPreKey":{"signedKeyId":6,"baseKey":"BYhW5z4XvRo8gVS+hNH8IaGxsuWjkPnm/7GyzwqjAf18","preKeyId":15250412}}},"version":"v1"}