{"_sessions":{"BbvMKg5dltDR/TT+oYio4Y5voCBQ5NGn06/3MFuE6yx0":{"registrationId":1972332075,"currentRatchet":{"ephemeralKeyPair":{"pubKey":"BTqXGcgG+8GRQWEL2qmmSP/aT/223vbkh5zdnIWdJm5d","privKey":"UJDO/ZERfTX/79kFKxk6MPJfY7rzKQgr15I+lbVIYUo="},"lastRemoteEphemeralKey":"BWS7rIX0qWDgz7eUytT4C6TC9m6ClzuNLUCNxLLBnZx8","previousCounter":0,"rootKey":"DlYy4HqQuXamWhCTS/KY6W9gZViGUjYI5zPi80KNxuk="},"indexInfo":{"baseKey":"BbvMKg5dltDR/TT+oYio4Y5voCBQ5NGn06/3MFuE6yx0","baseKeyType":1,"closed":-1,"used":1696337719825,"created":1696337719825,"remoteIdentityKey":"BeOM8/I/sfB9N9pnTDf82z6a08LuMSfvlZACMFio1ndm"},"_chains":{"BTqXGcgG+8GRQWEL2qmmSP/aT/223vbkh5zdnIWdJm5d":{"chainKey":{"counter":0,"key":"nRIzQLwt7SvltLAPuhL3YuhLkYuO1caYbQDBELTBXHI="},"chainType":1,"messageKeys":{}}},"pendingPreKey":{"signedKeyId":9,"baseKey":"BbvMKg5dltDR/TT+oYio4Y5voCBQ5NGn06/3MFuE6yx0","preKeyId":2733197}}},"version":"v1"}