{"_sessions":{"Ba6cGGQ0F6T9dPkxy0zlwKrpAYaDNDUYrsKJDchYveUf":{"registrationId":1030483325,"currentRatchet":{"ephemeralKeyPair":{"pubKey":"BeuPh+3XXxWwxCp7YGTmJxpmruMkiQaDf0rlmL+8tpAq","privKey":"MFMxKYRTrBRwJnbCicjfvXY8KpwBgsseiRZ5rtIs/Xs="},"lastRemoteEphemeralKey":"BTxFb/8BkO1/xPHB3U9dLR9JytMFzTuGLod/ZtmjPIZi","previousCounter":0,"rootKey":"htAce5tTA6D+E7aVtIBAUAosgy7S5MkCu39H1yn8mU8="},"indexInfo":{"baseKey":"Ba6cGGQ0F6T9dPkxy0zlwKrpAYaDNDUYrsKJDchYveUf","baseKeyType":1,"closed":-1,"used":1696337752602,"created":1696337752602,"remoteIdentityKey":"Bd4qkkH2Bw1xUBiK1zLHp2YY4zVYWkH+6SyBe2Ppmq81"},"_chains":{"BeuPh+3XXxWwxCp7YGTmJxpmruMkiQaDf0rlmL+8tpAq":{"chainKey":{"counter":0,"key":"FOU57qxikNhw3/mhyF8HpbIKiH7aUs7Zj+ZQrDOm70s="},"chainType":1,"messageKeys":{}}},"pendingPreKey":{"signedKeyId":4,"baseKey":"Ba6cGGQ0F6T9dPkxy0zlwKrpAYaDNDUYrsKJDchYveUf","preKeyId":9679329}}},"version":"v1"}