{"_sessions":{"BbCN8QOs/cpJDgDPRm7eyVPRDPshVGZUWIkmaAHVMipz":{"registrationId":1100699758,"currentRatchet":{"ephemeralKeyPair":{"pubKey":"BXaBJxR907nKhdu6Qvsa4qkkirlmHAuUSHNSZFccNMgC","privKey":"KBIqzpDBz2sl4xQdC+OOLpBZ1BuqTmUPYr6UR/+WJm4="},"lastRemoteEphemeralKey":"BfMakDlgAPbV45jejOF+Q/LQxLy89Xi9ooTMVfd9ymVs","previousCounter":0,"rootKey":"+eP9SFJHtt2A5APIuz11xLalJ/Mf65ILsTLrvqbx/Mo="},"indexInfo":{"baseKey":"BbCN8QOs/cpJDgDPRm7eyVPRDPshVGZUWIkmaAHVMipz","baseKeyType":1,"closed":-1,"used":1696337705798,"created":1696337705798,"remoteIdentityKey":"BWxa8zydKIUZ+VrsdU49OZS43yrksui0u/zlgfRF4SMv"},"_chains":{"BXaBJxR907nKhdu6Qvsa4qkkirlmHAuUSHNSZFccNMgC":{"chainKey":{"counter":2,"key":"LVDpIpBxoJ1QhuSPdGcrY0fJB4M1mKVye08pFkgP3PQ="},"chainType":1,"messageKeys":{}}},"pendingPreKey":{"signedKeyId":0,"baseKey":"BbCN8QOs/cpJDgDPRm7eyVPRDPshVGZUWIkmaAHVMipz","preKeyId":14397153}}},"version":"v1"}