{"_sessions":{"BYr9qrVp5AMeQhBJUl8Wz7lPEJlyjVzBvBrxh0EshU1M":{"registrationId":232247456,"currentRatchet":{"ephemeralKeyPair":{"pubKey":"BY819Ef/I2ctICBbhsxZK/DteytPPsOf9h7liRFT9+MG","privKey":"kAAw+R6w+7RiSgfDDuDz3nMWgMA+H+mlXAJVrvimL1Y="},"lastRemoteEphemeralKey":"BeEJH1BUuQYaUZR2oNqv8C5Ss2U1fTzFfiBBOhzoBDAd","previousCounter":0,"rootKey":"hIPfS4ezJHUZmQN2bID0x54bDbJDHC9WDUeAncrz2IM="},"indexInfo":{"baseKey":"BYr9qrVp5AMeQhBJUl8Wz7lPEJlyjVzBvBrxh0EshU1M","baseKeyType":1,"closed":-1,"used":1696337704740,"created":1696337704740,"remoteIdentityKey":"BbVtlpC37ZgqJ/KbVC3Y+nx+0UdG48eDNIZaNgsKMWQx"},"_chains":{"BY819Ef/I2ctICBbhsxZK/DteytPPsOf9h7liRFT9+MG":{"chainKey":{"counter":2,"key":"2EtdbTK9/nFUCL2yiyA7pXfPEKwSJYrp5lcC1WGuLZs="},"chainType":1,"messageKeys":{}}},"pendingPreKey":{"signedKeyId":4,"baseKey":"BYr9qrVp5AMeQhBJUl8Wz7lPEJlyjVzBvBrxh0EshU1M","preKeyId":8974490}}},"version":"v1"}