{"_sessions":{"BVXOdghA/hcB1aZfOJ6jZlvoxS0bgawk/cdy6UcAZoID":{"registrationId":546810346,"currentRatchet":{"ephemeralKeyPair":{"pubKey":"BdTVcCzFQyptF6xCjppdIi/Wyg9uxcCKLhC2Sy7t47I0","privKey":"OGKJxqWtcz5gXQ4gzIWtW6GSY+yQChZTbfRxQ06Cd00="},"lastRemoteEphemeralKey":"BQQ7OjIdEZckJ7siCC9Ybaz+hFPwKVfnHf9ZWJOkkMlN","previousCounter":0,"rootKey":"jKaladC0IR51FamWQpAun06xMbcjFD4AZMfpzCwuKtw="},"indexInfo":{"baseKey":"BVXOdghA/hcB1aZfOJ6jZlvoxS0bgawk/cdy6UcAZoID","baseKeyType":1,"closed":-1,"used":1696337703596,"created":1696337703596,"remoteIdentityKey":"BXXGoHDmj6yCoLX0J9s3vcGsgSQTPSn6SV+VS4U53uNo"},"_chains":{"BdTVcCzFQyptF6xCjppdIi/Wyg9uxcCKLhC2Sy7t47I0":{"chainKey":{"counter":2,"key":"LYZog2Fmm28C7M53QhYubYbRP2iQ9iSUpQWnguO/0eM="},"chainType":1,"messageKeys":{}}},"pendingPreKey":{"signedKeyId":1,"baseKey":"BVXOdghA/hcB1aZfOJ6jZlvoxS0bgawk/cdy6UcAZoID","preKeyId":584014}}},"version":"v1"}