{"_sessions":{"BQYbcHcniC+H2eZI0aiLgWrB9kHzkaqvyUVTjU9XLTQE":{"registrationId":1115941034,"currentRatchet":{"ephemeralKeyPair":{"pubKey":"BaZpS+NXN2I0QynStbGROVSBL35GWUmKAEUBGpkx/nN9","privKey":"QAzGc05MN991PgLfCHjsNzyYSSNjwlrBq14TWBu6JlI="},"lastRemoteEphemeralKey":"BY7PCiwXe40Bg6zr92dZSXqRHdgqIrPNQDfqfd0GPSgD","previousCounter":0,"rootKey":"d3dltVLYO69yfH3Vit7VvUQXpoawPZQrUa+Km2PSAyg="},"indexInfo":{"baseKey":"BQYbcHcniC+H2eZI0aiLgWrB9kHzkaqvyUVTjU9XLTQE","baseKeyType":1,"closed":-1,"used":1696337719436,"created":1696337719436,"remoteIdentityKey":"BTQqrMA2z5k6tXsVI/7iO5eyr3Q3tG/3H4W4zwSTj3sQ"},"_chains":{"BaZpS+NXN2I0QynStbGROVSBL35GWUmKAEUBGpkx/nN9":{"chainKey":{"counter":0,"key":"1nISYd4gv1TyW6cHGvOzTpyW4NYVDMKSN45j92b0ciw="},"chainType":1,"messageKeys":{}}},"pendingPreKey":{"signedKeyId":34,"baseKey":"BQYbcHcniC+H2eZI0aiLgWrB9kHzkaqvyUVTjU9XLTQE","preKeyId":496397}}},"version":"v1"}