{"_sessions":{"Bew89NTNRmFg5blirRdeKdSuqvcBontivwPXrqaXv3Ry":{"registrationId":527926239,"currentRatchet":{"ephemeralKeyPair":{"pubKey":"BdA6zC6yWAB+x3LRUaPsABAd0uQxuWAUkn8dYK9Gx+tx","privKey":"gNk2iik1G9OPSUEjMNiMOEUSYUNwhr+BOdFY3j7pClM="},"lastRemoteEphemeralKey":"BYN0tlibHLGXHhdBJT9obS3Mg0WaHZH8CEXTvKO7rEIP","previousCounter":0,"rootKey":"0y/oKUMlFxIuy/Ufko3OBAoFUUbld8y+9sEiX+XSO90="},"indexInfo":{"baseKey":"Bew89NTNRmFg5blirRdeKdSuqvcBontivwPXrqaXv3Ry","baseKeyType":1,"closed":-1,"used":1696337707165,"created":1696337707165,"remoteIdentityKey":"BTw5nMdh97oa2A4v4eS9JfFPgeP5AXGvy7JkAKWF8+Rt"},"_chains":{"BdA6zC6yWAB+x3LRUaPsABAd0uQxuWAUkn8dYK9Gx+tx":{"chainKey":{"counter":2,"key":"fG9t0mWPPC7VeMSlE7khqqqdoKoKRp7R4lFKhXJDwpk="},"chainType":1,"messageKeys":{}}},"pendingPreKey":{"signedKeyId":1,"baseKey":"Bew89NTNRmFg5blirRdeKdSuqvcBontivwPXrqaXv3Ry","preKeyId":13764506}}},"version":"v1"}