{"_sessions":{"BVdPCPVeb1u9jQA6FDtWFl1Xkvc6QxYiJ9G3txgbAEdg":{"registrationId":1685796411,"currentRatchet":{"ephemeralKeyPair":{"pubKey":"BY4TcR4JkiqDMhJAP9g1ceK1HH8cFLmUiYtXP9+G4RAm","privKey":"oCExlCrcFESC09k/RGcvs02/iMXFG36my5w99r/jA1o="},"lastRemoteEphemeralKey":"BQtIwcg7ctIZf6RnkEWJkk1N4X3HqKq4HzcwRjAzRHMz","previousCounter":0,"rootKey":"2APxmmVNkEetNYVywGzZEfToJIIbv6uaC3J2j3qABt8="},"indexInfo":{"baseKey":"BVdPCPVeb1u9jQA6FDtWFl1Xkvc6QxYiJ9G3txgbAEdg","baseKeyType":1,"closed":-1,"used":1696337706811,"created":1696337706811,"remoteIdentityKey":"BRNte0+tpMNxfWZEreyBxv1FQ2fbJAZOu2Vx76GzqrVl"},"_chains":{"BY4TcR4JkiqDMhJAP9g1ceK1HH8cFLmUiYtXP9+G4RAm":{"chainKey":{"counter":2,"key":"l1gr9ZsL0qzwIe7LKowpS1LlSq5P2TO7ZODeSeEoAQI="},"chainType":1,"messageKeys":{}}},"pendingPreKey":{"signedKeyId":30,"baseKey":"BVdPCPVeb1u9jQA6FDtWFl1Xkvc6QxYiJ9G3txgbAEdg"}}},"version":"v1"}