{"_sessions":{"BWe/Gam0Zs83hVXel3WHsu4IQKpqw4/UAkO00SXNGTgs":{"registrationId":1220766720,"currentRatchet":{"ephemeralKeyPair":{"pubKey":"BdhYb+L4pSfBTIZaxFafdD3TYzAiUJpG//FMVJaZe+lc","privKey":"0IS5sX76qe4846fEuVbK4THVTnEPp+kOlAGmfKght2E="},"lastRemoteEphemeralKey":"BS/bCPZ3uG2y4qpIVy5J8xk9sRvyNF0qDgLSw6B8pr4l","previousCounter":0,"rootKey":"kLP4vIKDNN9qho+LJynn4k/gOefhsJ1upnw/o8pGpr0="},"indexInfo":{"baseKey":"BWe/Gam0Zs83hVXel3WHsu4IQKpqw4/UAkO00SXNGTgs","baseKeyType":1,"closed":-1,"used":1696337706745,"created":1696337706745,"remoteIdentityKey":"Bc3LV6/VvXUANkodf9hagGwFUWe0Ewq7ORfKhLql90sg"},"_chains":{"BdhYb+L4pSfBTIZaxFafdD3TYzAiUJpG//FMVJaZe+lc":{"chainKey":{"counter":2,"key":"LBsu0v1OlBXpHH40oiROd5SHMsNZd14zOzKkpDUCXq4="},"chainType":1,"messageKeys":{}}},"pendingPreKey":{"signedKeyId":0,"baseKey":"BWe/Gam0Zs83hVXel3WHsu4IQKpqw4/UAkO00SXNGTgs","preKeyId":15428085}}},"version":"v1"}