{"_sessions":{"Bahes4sTqJETKecV9GJP2ukGNVNCNErXWkcFAQTBkcoV":{"registrationId":144890098,"currentRatchet":{"ephemeralKeyPair":{"pubKey":"BY/mATRyrMEOGtoRF3eJ6gf8Q6bgSASby25BRG7fWWc0","privKey":"4OsiBAvwoeWjY9a08LC4vWiiV9uncsmdK36apYhBNXo="},"lastRemoteEphemeralKey":"BVmdQFRUZfF5PXkIhJxHZa7PCiG8YNIsAJAOFijqz/5X","previousCounter":0,"rootKey":"6tgkP3omIm8e66yl25PnYtXPcrUaMFcUVJFgZqUVe9c="},"indexInfo":{"baseKey":"Bahes4sTqJETKecV9GJP2ukGNVNCNErXWkcFAQTBkcoV","baseKeyType":1,"closed":-1,"used":1696337706912,"created":1696337706912,"remoteIdentityKey":"BcZsNpkoRjl/syZJ9cwZH7PvT3BgJkMOdTZRbuIimP4F"},"_chains":{"BY/mATRyrMEOGtoRF3eJ6gf8Q6bgSASby25BRG7fWWc0":{"chainKey":{"counter":2,"key":"gnNxwfo7qfYKC+qCRAT254mLwnzetZfZzagGLb6bgEs="},"chainType":1,"messageKeys":{}}},"pendingPreKey":{"signedKeyId":9,"baseKey":"Bahes4sTqJETKecV9GJP2ukGNVNCNErXWkcFAQTBkcoV","preKeyId":1987103}}},"version":"v1"}