{"_sessions":{"BemAABxMY7p8ETSj1PCZre2VM6M2sp0TUjfWRt73KjZq":{"registrationId":1548542603,"currentRatchet":{"ephemeralKeyPair":{"pubKey":"BaZwmBcDWnALr+roPFGgE4RLtNYizAghKOxfXR37ucVP","privKey":"2DM0RN+vL5kAMztKOhIgiP8boQINQgktWuhnLfbIUko="},"lastRemoteEphemeralKey":"BTkhAyQqIa3r+4RI6J51RRtzOSFwbcfCGXMo+LUfRbgk","previousCounter":0,"rootKey":"x8CjEWLblNsIfhqTl+WpUif9s7amolDSza28bW4/Wfs="},"indexInfo":{"baseKey":"BemAABxMY7p8ETSj1PCZre2VM6M2sp0TUjfWRt73KjZq","baseKeyType":1,"closed":-1,"used":1696337704464,"created":1696337704464,"remoteIdentityKey":"BTZJ2VDyyuKc8r69OChJzNV+PBj43JOsXhMH5c3KAJwr"},"_chains":{"BaZwmBcDWnALr+roPFGgE4RLtNYizAghKOxfXR37ucVP":{"chainKey":{"counter":2,"key":"p5YBSofiKWzlv/M/0SisOSG6GEim5M5wQV3t2pTL3co="},"chainType":1,"messageKeys":{}}},"pendingPreKey":{"signedKeyId":13,"baseKey":"BemAABxMY7p8ETSj1PCZre2VM6M2sp0TUjfWRt73KjZq","preKeyId":8980952}}},"version":"v1"}