{"_sessions":{"BYY9Jh02OvPB5oXS6lUA+LLF6Jl0U8BldbNMSzOxOWlZ":{"registrationId":6580934,"currentRatchet":{"ephemeralKeyPair":{"pubKey":"BbdZYUPkaCeoRYOkBjiH4cYEbw4Hdm7G9bkOcgsQ7Ikd","privKey":"GKzt7macKxyX/CWxL/OynHo8QnhcMhh3xz8inROoals="},"lastRemoteEphemeralKey":"BXAJo+axs57FKaSaZexi1K8NMRh/6MLOEaVS64Lofccr","previousCounter":0,"rootKey":"uV+HtJ82Bvk1Y+Huqjz9yy2uD+l6x2RFXR28sTB7PkU="},"indexInfo":{"baseKey":"BYY9Jh02OvPB5oXS6lUA+LLF6Jl0U8BldbNMSzOxOWlZ","baseKeyType":1,"closed":-1,"used":1696337753047,"created":1696337753047,"remoteIdentityKey":"Bc7D1pfsBM0iOFdxR5BKBoVHzQ4zKI0P04+uFSRKQYIi"},"_chains":{"BbdZYUPkaCeoRYOkBjiH4cYEbw4Hdm7G9bkOcgsQ7Ikd":{"chainKey":{"counter":0,"key":"dLsB2PEKc+OoMKeRCE+u750tRUcidM3cU+Ba398EZSc="},"chainType":1,"messageKeys":{}}},"pendingPreKey":{"signedKeyId":4,"baseKey":"BYY9Jh02OvPB5oXS6lUA+LLF6Jl0U8BldbNMSzOxOWlZ"}}},"version":"v1"}