{"_sessions":{"BSdI0O0Un96BstMZmzlXgZx14vpyOVAAAl7/T42KR986":{"registrationId":13698,"currentRatchet":{"ephemeralKeyPair":{"pubKey":"Bd/B4lL0ClLmKjVX4GhJEDf1Sl9OgRr1azCQKsMXnYYk","privKey":"UFv4S4SSyUvWNW7vA40x3SySkUl8p7xHymbZIxon2WI="},"lastRemoteEphemeralKey":"BX0DmTYG/Ll4p5rhBFTkRKf0drCzFi1S9RMdMj9kC5xT","previousCounter":0,"rootKey":"o6MQjBAFNOWcY7rGfLBJNOse/tEY3K7iQJUVpgsfiHw="},"indexInfo":{"baseKey":"BSdI0O0Un96BstMZmzlXgZx14vpyOVAAAl7/T42KR986","baseKeyType":1,"closed":-1,"used":1696337703916,"created":1696337703916,"remoteIdentityKey":"BSAhCS9wEwvck4CtZR1CVHOpHkhXSPvw5whCv3tSldUt"},"_chains":{"Bd/B4lL0ClLmKjVX4GhJEDf1Sl9OgRr1azCQKsMXnYYk":{"chainKey":{"counter":4,"key":"IyxZ03gK/nslPyN4e9TcNCIMxAbW5D3UYDgU40/c04I="},"chainType":1,"messageKeys":{}}},"pendingPreKey":{"signedKeyId":1,"baseKey":"BSdI0O0Un96BstMZmzlXgZx14vpyOVAAAl7/T42KR986"}}},"version":"v1"}