{"_sessions":{"BbOx5P+Vu7CHkwubsOPCo3Qg2zisdfeM7ohhO4qvixoF":{"registrationId":341164296,"currentRatchet":{"ephemeralKeyPair":{"pubKey":"BaS2idZdCnGF2pukUOX4++lWJvFyp1HgrXAvs7VsyFtB","privKey":"wB5ehl4AKz9hT3EaoFYQGcnyk3/4XooRf1C4nlJ9BEY="},"lastRemoteEphemeralKey":"BfFPNYQ1SE+PXcRHmLhPrrJrstNZnHpVgTBRP8QinWd5","previousCounter":0,"rootKey":"nGZW3ofwlbY8xynbLLoz5c3FQZH2PQ/Z/KEzi6L26bw="},"indexInfo":{"baseKey":"BbOx5P+Vu7CHkwubsOPCo3Qg2zisdfeM7ohhO4qvixoF","baseKeyType":1,"closed":-1,"used":1696337707082,"created":1696337707082,"remoteIdentityKey":"BSx4s69HsPUsml1jNrYumZNVWT6CBQAB/S55efWJdsdn"},"_chains":{"BaS2idZdCnGF2pukUOX4++lWJvFyp1HgrXAvs7VsyFtB":{"chainKey":{"counter":2,"key":"UQ3bq76oJEVR2BwvImA3GqG1da5FRZm370piUKh2pio="},"chainType":1,"messageKeys":{}}},"pendingPreKey":{"signedKeyId":0,"baseKey":"BbOx5P+Vu7CHkwubsOPCo3Qg2zisdfeM7ohhO4qvixoF","preKeyId":16095215}}},"version":"v1"}