{"_sessions":{"BZmXp81Tz8z1ftw9bWA9UAVNlpbvGooZaLOHSUSrUY5j":{"registrationId":1241336209,"currentRatchet":{"ephemeralKeyPair":{"pubKey":"BQvr6pqPpiZVcgdaG+aFoGMuq5x7gHPjouB/Od9PKAwH","privKey":"GG/afhXb9Yiar9aA7NmzEmFz1xsHQc97rLxpAdmr+VA="},"lastRemoteEphemeralKey":"BX+4jkLKhRDo2JmyDcefpqIIdU8+3+8ojQ16sTtzXFMA","previousCounter":0,"rootKey":"gDwnFLi9aw1bJu1fUBxHPRWEWu06JJvq58BN3gJkJo0="},"indexInfo":{"baseKey":"BZmXp81Tz8z1ftw9bWA9UAVNlpbvGooZaLOHSUSrUY5j","baseKeyType":1,"closed":-1,"used":1696337752872,"created":1696337752872,"remoteIdentityKey":"BXgc/eboXo5I6BTzGcBv2WCRmaSrsKWdzrTM/jSRBJJd"},"_chains":{"BQvr6pqPpiZVcgdaG+aFoGMuq5x7gHPjouB/Od9PKAwH":{"chainKey":{"counter":0,"key":"Q/RHO7DANPnQYUrrnEy+Eo2M73B13yBNqa2KsgwSQtI="},"chainType":1,"messageKeys":{}}},"pendingPreKey":{"signedKeyId":3,"baseKey":"BZmXp81Tz8z1ftw9bWA9UAVNlpbvGooZaLOHSUSrUY5j","preKeyId":3912737}}},"version":"v1"}