{"_sessions":{"BWGehm2WPhPpeZa4OAWf8srXhKa1BL2RZMdE5sIEc/cM":{"registrationId":1652142682,"currentRatchet":{"ephemeralKeyPair":{"pubKey":"BU59WphkOyj+89CQm5yOoEY7LnVqIdi1eWLMQ3ucVZxY","privKey":"KMjd+wYljdrmjjjxBEeublVbzzapZcAlEiFf/Q0nwFk="},"lastRemoteEphemeralKey":"BeA7l2YTf8EyQSTA/mX0MfVx5l0kiGmf6Z8mStmHysFf","previousCounter":0,"rootKey":"ihHJEiRukLTP7J+VxBrqF8ns2rBMvW7L3jONdHsmXWo="},"indexInfo":{"baseKey":"BWGehm2WPhPpeZa4OAWf8srXhKa1BL2RZMdE5sIEc/cM","baseKeyType":1,"closed":-1,"used":1696337705779,"created":1696337705779,"remoteIdentityKey":"BZFaMqIg6a6JLX+0qPtVrnUTjubAG96IbDlYXsyGyax8"},"_chains":{"BU59WphkOyj+89CQm5yOoEY7LnVqIdi1eWLMQ3ucVZxY":{"chainKey":{"counter":2,"key":"WCc+wUarQg2m6CsU+2dQrfFTJglHKfKHLFOLz6Gqieg="},"chainType":1,"messageKeys":{}}},"pendingPreKey":{"signedKeyId":15,"baseKey":"BWGehm2WPhPpeZa4OAWf8srXhKa1BL2RZMdE5sIEc/cM","preKeyId":11994978}}},"version":"v1"}