{"_sessions":{"BZ2L632wt1RZYkDqpC0/NqevidbQFj0hrc30CG7Op2xY":{"registrationId":654928903,"currentRatchet":{"ephemeralKeyPair":{"pubKey":"BQT+zA2+zye06j6XjW4mYcSKEAC+aNLOqknlDtv1Ipgv","privKey":"wOKBdkQZ9OPhqfkM81xCrK7LcS/FXAjUBe1RxjojL0M="},"lastRemoteEphemeralKey":"BQuswJNe5A+lD689fDghN8D2xHcAtZnFkMf0kP/ROJR6","previousCounter":0,"rootKey":"VTmrQilzSpcFFbuGif2+A3N9dEmtr4eZwXeLcL3nyGQ="},"indexInfo":{"baseKey":"BZ2L632wt1RZYkDqpC0/NqevidbQFj0hrc30CG7Op2xY","baseKeyType":1,"closed":-1,"used":1696337752696,"created":1696337752696,"remoteIdentityKey":"BfPhJUeCzntWwpSgM+j3sUMn8h8rRMWOYbAP4kiKBN5Q"},"_chains":{"BQT+zA2+zye06j6XjW4mYcSKEAC+aNLOqknlDtv1Ipgv":{"chainKey":{"counter":0,"key":"iZ2ZnQqHHtXnQhEm0axHqsyMy2yV1seT2Zlunvxyh4Q="},"chainType":1,"messageKeys":{}}},"pendingPreKey":{"signedKeyId":2,"baseKey":"BZ2L632wt1RZYkDqpC0/NqevidbQFj0hrc30CG7Op2xY","preKeyId":206206}}},"version":"v1"}