{"_sessions":{"Bbu4K+jMxuKdyYfpgc2Jc92S91QXKqRJuTDqRvlmkewb":{"registrationId":1272106992,"currentRatchet":{"ephemeralKeyPair":{"pubKey":"BfbjwLkMJv5GFKgi814l+T05hO0+QAau5tSsBmntpAot","privKey":"MMTFemU4UtRXkFWFU+rEZ9MeRKTyDoFOvZTvzMjpYnM="},"lastRemoteEphemeralKey":"BYsPV7lTHr8ev855oL/tGA1NFa0zxyXWHdw9YUvsuZYm","previousCounter":0,"rootKey":"zk2wSbkE8PKU1T6DXswDrED/mGk16Y6NvvD5E37Fi24="},"indexInfo":{"baseKey":"Bbu4K+jMxuKdyYfpgc2Jc92S91QXKqRJuTDqRvlmkewb","baseKeyType":1,"closed":-1,"used":1696337704582,"created":1696337704582,"remoteIdentityKey":"BVieJhrbdLcx4SwUGd3Bf4XnoZBNOL1Wgam/M5wFmSp5"},"_chains":{"BfbjwLkMJv5GFKgi814l+T05hO0+QAau5tSsBmntpAot":{"chainKey":{"counter":2,"key":"zSqm7lDVj+mvPm48OJl1ulw1ZX1XkRM2qdNvqPXeL8c="},"chainType":1,"messageKeys":{}}},"pendingPreKey":{"signedKeyId":2,"baseKey":"Bbu4K+jMxuKdyYfpgc2Jc92S91QXKqRJuTDqRvlmkewb","preKeyId":9025053}}},"version":"v1"}