{"_sessions":{"BSgbnKIMVh53bHfgi2iAT+TcEM0nm1miA1mILaeLOYB0":{"registrationId":1512504138,"currentRatchet":{"ephemeralKeyPair":{"pubKey":"BXPyuL4wUezHEbP5KFrIPsp3tZHpoHncYSv7LDQuLg8w","privKey":"+PUqDpgo0yWflKUpIkyEfCGAnmQ/NCBuKaAH7dJP7m0="},"lastRemoteEphemeralKey":"Be6VYdPko/l2cqiubEl1uOJ31t0VkHR5sC+imyNdd3I7","previousCounter":0,"rootKey":"+Hw057cVadzaHfRhEgRZGOMZLPYuugZSnSHSdLhkTmk="},"indexInfo":{"baseKey":"BSgbnKIMVh53bHfgi2iAT+TcEM0nm1miA1mILaeLOYB0","baseKeyType":1,"closed":-1,"used":1696337705439,"created":1696337705439,"remoteIdentityKey":"BS3rJ7q7OgG6qdcVfMZO5cwChyFCV1mWxwQ+K7VMTXYo"},"_chains":{"BXPyuL4wUezHEbP5KFrIPsp3tZHpoHncYSv7LDQuLg8w":{"chainKey":{"counter":2,"key":"WqSgiUsbtRC29kggDbZe3R4sNDnW3XUP8TO0CFvyJ0U="},"chainType":1,"messageKeys":{}}},"pendingPreKey":{"signedKeyId":1,"baseKey":"BSgbnKIMVh53bHfgi2iAT+TcEM0nm1miA1mILaeLOYB0","preKeyId":15947223}}},"version":"v1"}