{"_sessions":{"BWuetyJegxWMAT+JxbnfPU/5jw803TRc34/Pz3Sd27dG":{"registrationId":119174862,"currentRatchet":{"ephemeralKeyPair":{"pubKey":"BTR8gHJlntFvjuVH0szrRnscMTbh86Ed521VxDzsK8Qp","privKey":"6HOikKl+9VWhbP/5DyMq3zDm96t3+RVf1EzDoPofiEo="},"lastRemoteEphemeralKey":"BeZBoWCybXhXizuGjPcK1/aly55SYEW/aX6edQ/hSK1/","previousCounter":0,"rootKey":"Rf0T0ZRJwlOPiptgxd+GQ9FqZMrl6IIQi0WVNKgmfd0="},"indexInfo":{"baseKey":"BWuetyJegxWMAT+JxbnfPU/5jw803TRc34/Pz3Sd27dG","baseKeyType":1,"closed":-1,"used":1696337752813,"created":1696337752813,"remoteIdentityKey":"BasPoYj9ABymXEc7ZSXPqtWPIoi+4QqfrYzlwcJCTm5w"},"_chains":{"BTR8gHJlntFvjuVH0szrRnscMTbh86Ed521VxDzsK8Qp":{"chainKey":{"counter":0,"key":"MJayEcmfkm24H3U4ifXFbinqx4iV9N6QmCpptGhR9rc="},"chainType":1,"messageKeys":{}}},"pendingPreKey":{"signedKeyId":9,"baseKey":"BWuetyJegxWMAT+JxbnfPU/5jw803TRc34/Pz3Sd27dG","preKeyId":13066616}}},"version":"v1"}