{"_sessions":{"BUIX8l8hlI3d+rEQbRiNm4F8kno0fOv1uos/NCg0hpwT":{"registrationId":6191,"currentRatchet":{"ephemeralKeyPair":{"pubKey":"BboPf6nsmQNIRrpLZtlR6H21axXpQqPkVbHMdAN775cb","privKey":"aL8R98tUlcG+R07HlY7dBx5kselTfsgXXEwthNlev38="},"lastRemoteEphemeralKey":"Bb/r80xnFK3b+r+Zp+lBP+vMXfNmTgIOfx1tACNMlZpJ","previousCounter":0,"rootKey":"hbXKMJdNbFyLb99yIb2MTHHyk5Ar8OllhsVEbQRUDgo="},"indexInfo":{"baseKey":"BUIX8l8hlI3d+rEQbRiNm4F8kno0fOv1uos/NCg0hpwT","baseKeyType":1,"closed":-1,"used":1696337703556,"created":1696337703556,"remoteIdentityKey":"Bch9js0gI2G944q6vNCAHMzwWgbiCcvsNRjRKWx3ErlP"},"_chains":{"BboPf6nsmQNIRrpLZtlR6H21axXpQqPkVbHMdAN775cb":{"chainKey":{"counter":2,"key":"0I3hldDe8Fuoqn7QCkyyDDhiwYteWF6q/5TzF3izCmk="},"chainType":1,"messageKeys":{}}},"pendingPreKey":{"signedKeyId":1,"baseKey":"BUIX8l8hlI3d+rEQbRiNm4F8kno0fOv1uos/NCg0hpwT"}}},"version":"v1"}