{"_sessions":{"BUb6QahTfrG/jZ5xKhk5vt+5kMIy1ADCCwSNTRCWuo5c":{"registrationId":847985101,"currentRatchet":{"ephemeralKeyPair":{"pubKey":"BaPk6m9p3uEw2tI1+aOo61r6cVdHPxXZakBuFrBduhMJ","privKey":"4NeY0i0dJaD2ECG6Q5z013ukkRU5uUrAMmiF+pKPkmw="},"lastRemoteEphemeralKey":"BbSsuEcPpKzlWKBsaI00q65I/hB3TUyv0QDj4IWv0n98","previousCounter":0,"rootKey":"Xf8Si6QMpK4ixPor6G66uywBorQgGdHR3P6U3332UX0="},"indexInfo":{"baseKey":"BUb6QahTfrG/jZ5xKhk5vt+5kMIy1ADCCwSNTRCWuo5c","baseKeyType":1,"closed":-1,"used":1696337752164,"created":1696337752164,"remoteIdentityKey":"BbWbLtmTItdmfED48wSejIZ6InoBtBVxHTRI0qA1eA5V"},"_chains":{"BaPk6m9p3uEw2tI1+aOo61r6cVdHPxXZakBuFrBduhMJ":{"chainKey":{"counter":0,"key":"HJBAu42DnsAUnD8YpfVIiIVE5J28f48wXcyVgsC/iwg="},"chainType":1,"messageKeys":{}}},"pendingPreKey":{"signedKeyId":41,"baseKey":"BUb6QahTfrG/jZ5xKhk5vt+5kMIy1ADCCwSNTRCWuo5c","preKeyId":15050048}}},"version":"v1"}