{"_sessions":{"BfPLIs6bVzw/OrIhLRVUx8/luADytXOVNrK6vx7lGnIg":{"registrationId":575838631,"currentRatchet":{"ephemeralKeyPair":{"pubKey":"BRSsJg/34IsybGNgTBPZxAe68ZIBKdBXP0LxZRLHxB0a","privKey":"yNRwgx/eF0cT7gq8A3HRx0g7d6eWP/xaqNJNM4sa9Ho="},"lastRemoteEphemeralKey":"Bc9+mO+RG6+efgtZ8TqoFuXpzvBcuXQUrTlVFXjq/4UU","previousCounter":0,"rootKey":"JN3zcrrrX2wNR3PGEXH1JZRvesHeMiFoFs+wzmufn7Y="},"indexInfo":{"baseKey":"BfPLIs6bVzw/OrIhLRVUx8/luADytXOVNrK6vx7lGnIg","baseKeyType":1,"closed":-1,"used":1696337705301,"created":1696337705301,"remoteIdentityKey":"Ba9rZ75FQbkatUARvCTwvvfscjoCd8pS6wQRiXQQOYkH"},"_chains":{"BRSsJg/34IsybGNgTBPZxAe68ZIBKdBXP0LxZRLHxB0a":{"chainKey":{"counter":3,"key":"urrxATi0TX/ASoboRUtPi+3eyrjEmx8fTAIQ9DqEm0E="},"chainType":1,"messageKeys":{}}},"pendingPreKey":{"signedKeyId":1,"baseKey":"BfPLIs6bVzw/OrIhLRVUx8/luADytXOVNrK6vx7lGnIg","preKeyId":7525068}}},"version":"v1"}