{"_sessions":{"BaIQdkWZ87WQe/PcD/yKSMP8Y4JLibuZKm4Cufd+I+l+":{"registrationId":1508286928,"currentRatchet":{"ephemeralKeyPair":{"pubKey":"BSIJGy/r6O7jcOJGaFeg7DavySqo+gmCyy/TOKpcVvNF","privKey":"AFjjl8R1Z53Ed5dCNrjgKGYsw/i/VWSZLqpdg0f/gEk="},"lastRemoteEphemeralKey":"BRImzaJyPSVjI8sEhWbI0tlGcjnZSVgky74IHOLMYSkX","previousCounter":0,"rootKey":"0ugl55iQRGhYuZWLOjwyEyN9KjZMzV3hE9L69MAwyNg="},"indexInfo":{"baseKey":"BaIQdkWZ87WQe/PcD/yKSMP8Y4JLibuZKm4Cufd+I+l+","baseKeyType":1,"closed":-1,"used":1696337731848,"created":1696337731848,"remoteIdentityKey":"BXRS8Aic8R9yv7rgnTwmdzpId1sGoQQ7GaCvWjsdyG9t"},"_chains":{"BSIJGy/r6O7jcOJGaFeg7DavySqo+gmCyy/TOKpcVvNF":{"chainKey":{"counter":0,"key":"7duwxbdqTtg4CVoJw+aKTxI6l1Xpu/AQfVKLeKVbye4="},"chainType":1,"messageKeys":{}}},"pendingPreKey":{"signedKeyId":7,"baseKey":"BaIQdkWZ87WQe/PcD/yKSMP8Y4JLibuZKm4Cufd+I+l+"}}},"version":"v1"}