{"_sessions":{"BfKuaQq2FtH3GiKsqE+fFmf0OTger5H+XLCCUbzOqfhY":{"registrationId":1301508794,"currentRatchet":{"ephemeralKeyPair":{"pubKey":"BT1boXjMo0pxBmFOwq39PlRYEc8OgegIPDrctUYuJsAi","privKey":"aKNPt/smq2l4M1w9G+YUUQLJU+ka1qIr/P7kOkaf/Uk="},"lastRemoteEphemeralKey":"BfXWiWEbr7156Xo3MpNtKKsiJ10EC18fz5dxfqhscgEL","previousCounter":0,"rootKey":"69MUEHmY+Z6ak2dZMnEuYGTT6itttmI0Ek6P/frWV0c="},"indexInfo":{"baseKey":"BfKuaQq2FtH3GiKsqE+fFmf0OTger5H+XLCCUbzOqfhY","baseKeyType":1,"closed":-1,"used":1696337706684,"created":1696337706684,"remoteIdentityKey":"BQ7XjyHsXZaG9upolTrgFx5bGoyDywnWPo0EwTsLrtty"},"_chains":{"BT1boXjMo0pxBmFOwq39PlRYEc8OgegIPDrctUYuJsAi":{"chainKey":{"counter":2,"key":"Gl6iaIIMBBYu09oyu8iCzOqxhD5rr8F7Lhykef4H5dw="},"chainType":1,"messageKeys":{}}},"pendingPreKey":{"signedKeyId":56,"baseKey":"BfKuaQq2FtH3GiKsqE+fFmf0OTger5H+XLCCUbzOqfhY","preKeyId":1118490}}},"version":"v1"}