{"_sessions":{"BT72jbgM4EaXa7HQZnG8SGYKH5QFmF8/mOnj0t8/0JQ3":{"registrationId":2107198531,"currentRatchet":{"ephemeralKeyPair":{"pubKey":"BZyC29C828gXhK+1hiL9OxwCkcUUegZ56tvMdR5r4wVD","privKey":"eABDHotl1zNMAQP8uceD7wLiI12UUivORGNVhJ5kJls="},"lastRemoteEphemeralKey":"BUJvHRJb5OIXRZyCBu12+ce9wT2JhRsrH0CLOLcsUWFs","previousCounter":0,"rootKey":"zXo9cNK1ecz1dVAdknyntiDy5Q1BNCs1CXi7BNwlDWc="},"indexInfo":{"baseKey":"BT72jbgM4EaXa7HQZnG8SGYKH5QFmF8/mOnj0t8/0JQ3","baseKeyType":1,"closed":-1,"used":1696337752480,"created":1696337752480,"remoteIdentityKey":"BSRr7kPL60Cvj15Zn0J05WUPjfn9C5D4j+l1ktG901Qk"},"_chains":{"BZyC29C828gXhK+1hiL9OxwCkcUUegZ56tvMdR5r4wVD":{"chainKey":{"counter":0,"key":"ZM1hoO/9AQ91AfUu92Qct7Fji6XqPc9DLWy46R7G7+8="},"chainType":1,"messageKeys":{}}},"pendingPreKey":{"signedKeyId":10483658,"baseKey":"BT72jbgM4EaXa7HQZnG8SGYKH5QFmF8/mOnj0t8/0JQ3","preKeyId":7545}}},"version":"v1"}