{"_sessions":{"BRxOGX98XzyPxx9tcqHxTt8R/uakJmWtsfT3ZKsAW/wy":{"registrationId":1144475025,"currentRatchet":{"ephemeralKeyPair":{"pubKey":"BXGGLGInt1yvWNcZCm2qcS0BBnRQDxuZ0IMBNQXCLB1U","privKey":"8DbAX/snt2emL/I0rDrnxF2TC0MyRIyPJ4/ghfmF5k0="},"lastRemoteEphemeralKey":"BZrc4tXUiaP8e5CdNOr1Va9d/0lvuli25QIepT8bosko","previousCounter":0,"rootKey":"DAXxjGwvfMSECZ4EgPNqazQvFWpHDkoEa5388sPmpI0="},"indexInfo":{"baseKey":"BRxOGX98XzyPxx9tcqHxTt8R/uakJmWtsfT3ZKsAW/wy","baseKeyType":2,"closed":1696337238047,"used":1696337239392,"created":1696336437749,"remoteIdentityKey":"BQv/cpP52mz3Z0shdltXI2FECUZ6CteC97UW6Lo/1iF9"},"_chains":{"BSpBMMCvLaobSagTOE2ILUs8d30vII6J/c9c1GGs/Xk9":{"chainKey":{"counter":0},"chainType":2,"messageKeys":{}},"BU+3NVSmqx3GVZliuh9HepMDioh5gK5lRLqpMG0+2T8A":{"chainKey":{"counter":1},"chainType":2,"messageKeys":{"0":"wKSQuJgF/Ci0Rz9QrUF0vSke3m5uIxzHOANrLAuhSH4="}},"BZrc4tXUiaP8e5CdNOr1Va9d/0lvuli25QIepT8bosko":{"chainKey":{"counter":0,"key":"SjBzLGUJtJ/wArTxVkT0TkjO+bmMbArUc+bBZ/iaZQg="},"chainType":2,"messageKeys":{}},"BXGGLGInt1yvWNcZCm2qcS0BBnRQDxuZ0IMBNQXCLB1U":{"chainKey":{"counter":-1,"key":"VZ+sJ8SwwSx3KcgUBRPxpWMrH8h8Sx81a3DjUIly4O8="},"chainType":1,"messageKeys":{}}}},"BSEQbSOwrnDmDtT9jMBl+YSeIh3YpP/bnJDDeD7Vy/dT":{"registrationId":1144475025,"currentRatchet":{"ephemeralKeyPair":{"pubKey":"BRSfu2PIzp1PXUCnXqWa64fF9g39SRLtxmiwynosJ9Vg","privKey":"0AG4+Z1IBe2vGjwxuMcO76mY8ZHl6pYxjcMHQouPjms="},"lastRemoteEphemeralKey":"BZrc4tXUiaP8e5CdNOr1Va9d/0lvuli25QIepT8bosko","previousCounter":0,"rootKey":"qERwQMt0FPOddUK9EUV+M25lXoHX5H32hSj5Fykjf/E="},"indexInfo":{"baseKey":"BSEQbSOwrnDmDtT9jMBl+YSeIh3YpP/bnJDDeD7Vy/dT","baseKeyType":1,"closed":1696337240166,"used":1696337238034,"created":1696337238034,"remoteIdentityKey":"BQv/cpP52mz3Z0shdltXI2FECUZ6CteC97UW6Lo/1iF9"},"_chains":{"BZrc4tXUiaP8e5CdNOr1Va9d/0lvuli25QIepT8bosko":{"chainKey":{"counter":0,"key":"UtS3ayALKs8PB+UfVCxruIr8dDzJoOi1H7Bgp0bK7o8="},"chainType":2,"messageKeys":{}},"BRSfu2PIzp1PXUCnXqWa64fF9g39SRLtxmiwynosJ9Vg":{"chainKey":{"counter":1,"key":"bcOV4IUjDHfLTT3owww5rRfbHMVLMHztgIM3vzUPDz4="},"chainType":1,"messageKeys":{}}},"pendingPreKey":{"signedKeyId":6,"baseKey":"BSEQbSOwrnDmDtT9jMBl+YSeIh3YpP/bnJDDeD7Vy/dT","preKeyId":7285574}},"BWUFGJXVWlcj9Fnmnh4f4C0GDJQejIOX5VGW0sg29Y0V":{"registrationId":1144475025,"currentRatchet":{"ephemeralKeyPair":{"pubKey":"BYOK6eFRqjwGQZYedz/bRYEWvvbO2Shi9jefJ1O42TYs","privKey":"QBgILQgbG1jeI0MUAMe//9ApUkBdQO9LXsd4gLLsU2c="},"lastRemoteEphemeralKey":"BUAbQxyhhihNEwHAXpq5Ivs3vxSE3LzT2EWoiGmJtTtS","previousCounter":0,"rootKey":"SgtFsvL8nqaGHJgU9uIK34FlWVUYinQ9XAglwikFc8Q="},"indexInfo":{"baseKey":"BWUFGJXVWlcj9Fnmnh4f4C0GDJQejIOX5VGW0sg29Y0V","baseKeyType":1,"closed":1696337708852,"used":1696337497029,"created":1696337240133,"remoteIdentityKey":"BQv/cpP52mz3Z0shdltXI2FECUZ6CteC97UW6Lo/1iF9"},"_chains":{"BYuWBPh5m7Wscco82HTSS7nSRf3UVCLXm4k9GJhAX2Mo":{"chainKey":{"counter":0},"chainType":2,"messageKeys":{}},"BcwkcTOodckHIba7VbvN0arP5FUf7rFEuPSTduM89XQJ":{"chainKey":{"counter":0},"chainType":2,"messageKeys":{}},"BTnG7bd7v4acsrg2NzX6kXZu0DbwiskurxIRW3oCgso/":{"chainKey":{"counter":0},"chainType":2,"messageKeys":{}},"BRIT65KRyeTYhLwwgt9BnFnm6/3G3qjAY/IDJk5euact":{"chainKey":{"counter":0},"chainType":2,"messageKeys":{}},"Bb+YC+BB4GyuCY6YE7ohkZ0LoQPsm5RLK4iFMc2Pwvge":{"chainKey":{"counter":0},"chainType":2,"messageKeys":{}},"BUAbQxyhhihNEwHAXpq5Ivs3vxSE3LzT2EWoiGmJtTtS":{"chainKey":{"counter":0,"key":"mUXwWWFUEdDUrCLSzddYInPUGP4Ko4C6wHa60GeR+iU="},"chainType":2,"messageKeys":{}},"BYOK6eFRqjwGQZYedz/bRYEWvvbO2Shi9jefJ1O42TYs":{"chainKey":{"counter":0,"key":"rkkXNAgy0sAoIq/H/tdmeKQm3T/CXpMy6f4CJHFXumo="},"chainType":1,"messageKeys":{}}}},"BRU/uQYVol8vGqjriDPKSa8ouM9fdBApk0kL6FNlPYAn":{"registrationId":1144475025,"currentRatchet":{"ephemeralKeyPair":{"pubKey":"BSTanvRREhIKWiHdqzSy4q+uxVkU/TI9bvqdPvZAy4xa","privKey":"ULQN0Wg9bXL9LBlord6Y8JdjBww1miGKeZKrfUVNAWw="},"lastRemoteEphemeralKey":"BeDcsQo223NwKMYB7YBahvF8hP/BU970+wu+ZgLawAEk","previousCounter":4,"rootKey":"k7t/exTDtwiAQuBP2uorq+VckrlVZIz81HcCJ15e5j4="},"indexInfo":{"baseKey":"BRU/uQYVol8vGqjriDPKSa8ouM9fdBApk0kL6FNlPYAn","baseKeyType":1,"closed":-1,"used":1696337734065,"created":1696337708841,"remoteIdentityKey":"BQv/cpP52mz3Z0shdltXI2FECUZ6CteC97UW6Lo/1iF9"},"_chains":{"BeDcsQo223NwKMYB7YBahvF8hP/BU970+wu+ZgLawAEk":{"chainKey":{"counter":0,"key":"sHrHyTNM+faTpeEidlHhRDPjT4I4eCcR3b+y/RGj+5k="},"chainType":2,"messageKeys":{}},"BSTanvRREhIKWiHdqzSy4q+uxVkU/TI9bvqdPvZAy4xa":{"chainKey":{"counter":0,"key":"+7rP0DQCyeFT7zbgKK017n8D1FGqbzu60WfLWeoczrs="},"chainType":1,"messageKeys":{}}}}},"version":"v1"}