{"_sessions":{"BTMMnogFd8dFItKxb4QGGCjcLnlrHkYjilkMmYJUST0N":{"registrationId":796143952,"currentRatchet":{"ephemeralKeyPair":{"pubKey":"Bc7Dyupj/RVH+193VV58OVvqEh4HPObXxZ/g1tQUGjRG","privKey":"eP0Z8JTo4DTWQluJwOT2FZxjlZFr1mxB3gTvBAIRDlE="},"lastRemoteEphemeralKey":"BYGy30PygUheib8A0Gz9JfwH4DgVh/IuAGyvW8oqptML","previousCounter":0,"rootKey":"JISG6S6G0Cn9Tht5ERtF0G9b4/7EIN87nfIwZhfGonc="},"indexInfo":{"baseKey":"BTMMnogFd8dFItKxb4QGGCjcLnlrHkYjilkMmYJUST0N","baseKeyType":1,"closed":-1,"used":1696337706613,"created":1696337706613,"remoteIdentityKey":"BfwVgnNvLwBiF/F1M+CN3HvaFF5AUzxL/I2ZfE9wSpd2"},"_chains":{"Bc7Dyupj/RVH+193VV58OVvqEh4HPObXxZ/g1tQUGjRG":{"chainKey":{"counter":2,"key":"FNukRJJPlAXiGoxmuGacMyzntqxIVY9cyR5aXu7PBG0="},"chainType":1,"messageKeys":{}}},"pendingPreKey":{"signedKeyId":3,"baseKey":"BTMMnogFd8dFItKxb4QGGCjcLnlrHkYjilkMmYJUST0N","preKeyId":1752686}}},"version":"v1"}