{"_sessions":{"BeXF2g7XQtuwYgf5QHvNXK3sq9kKVP3eUb1uop9SF/4k":{"registrationId":1052465402,"currentRatchet":{"ephemeralKeyPair":{"pubKey":"BfvuYqszPrJcQsn+iSzO6Xqdjh3Gd0w4rmKOiDCP4Cti","privKey":"yJHaOGIH6ZWHRx3QnkjdwgiKmjbDWNN0QKMs4mzvL3g="},"lastRemoteEphemeralKey":"BX8X8PhAHJwgYH2Qo2YZpgPBn8Ox00m5ytd13ph+FuoO","previousCounter":0,"rootKey":"XdXkOB6wvdXD7NTOSEz/gMZCeBU7mOWJxkYEsonrvo0="},"indexInfo":{"baseKey":"BeXF2g7XQtuwYgf5QHvNXK3sq9kKVP3eUb1uop9SF/4k","baseKeyType":1,"closed":-1,"used":1696337731311,"created":1696337731311,"remoteIdentityKey":"BXB8WHpDhqPlKmVFrtQSLcZfDboF+xn2j0uXpn0+D6hN"},"_chains":{"BfvuYqszPrJcQsn+iSzO6Xqdjh3Gd0w4rmKOiDCP4Cti":{"chainKey":{"counter":0,"key":"/7jx2ZZuS6ix1Gw9rHy+JqDTeRGw0hTLsY7xbfYO6/4="},"chainType":1,"messageKeys":{}}},"pendingPreKey":{"signedKeyId":0,"baseKey":"BeXF2g7XQtuwYgf5QHvNXK3sq9kKVP3eUb1uop9SF/4k","preKeyId":10554318}}},"version":"v1"}