{"_sessions":{"BUBm0kJueGlEQyk4+9JHizMgPdcJWX+AdZe/rF0+Bol2":{"registrationId":1235894371,"currentRatchet":{"ephemeralKeyPair":{"pubKey":"BYjkXoDBig0z5vrkGbqPHZvxGSsAJE/oKEUAAEQm6Rp4","privKey":"+ChnV1eDjovsQMAiY0cU8arevro+lTyNsdVoPH0SP1c="},"lastRemoteEphemeralKey":"BeUBNOGK3ZO5fsmcC5LjjQQ2Rz5ESTpzzEK5CZqBu59e","previousCounter":0,"rootKey":"Ed08G/mMd82nViAyKu1xh3I5ibMa5LBYkd6JUSLT6NM="},"indexInfo":{"baseKey":"BUBm0kJueGlEQyk4+9JHizMgPdcJWX+AdZe/rF0+Bol2","baseKeyType":1,"closed":-1,"used":1696337753018,"created":1696337753018,"remoteIdentityKey":"BQiBsv7JB3nfx6IH0VbeHgFML3p98OMaL9TncFijK9Ed"},"_chains":{"BYjkXoDBig0z5vrkGbqPHZvxGSsAJE/oKEUAAEQm6Rp4":{"chainKey":{"counter":0,"key":"106cI6gBnU6b6QjqgM5AMkQMG0/fG6GjEelwZQNqOlQ="},"chainType":1,"messageKeys":{}}},"pendingPreKey":{"signedKeyId":28,"baseKey":"BUBm0kJueGlEQyk4+9JHizMgPdcJWX+AdZe/rF0+Bol2","preKeyId":12661063}}},"version":"v1"}