{"_sessions":{"BYozxktSRoV/d9YKP2wNpn3CMs+3IXSiyKaIw48UMNNB":{"registrationId":99134521,"currentRatchet":{"ephemeralKeyPair":{"pubKey":"BWdUHoFtlUX95GDgmNPCDmfP6+Kb1hMzOyDZQIUnqkV4","privKey":"AD+YpjSPb4OCdsuqYuvSthDvHyQVFL718jAQiQVlklo="},"lastRemoteEphemeralKey":"BRd2mN5iDBVbwOWxzFtGoITLHPKNw9Pb5JnAPQjP8gEP","previousCounter":0,"rootKey":"XWsOLVLIf81TYo6lK4SuBKa0aec/2qxZMasO8fxGolE="},"indexInfo":{"baseKey":"BYozxktSRoV/d9YKP2wNpn3CMs+3IXSiyKaIw48UMNNB","baseKeyType":1,"closed":-1,"used":1696337705239,"created":1696337705239,"remoteIdentityKey":"Bc8slS+zGj8FS9UqnC3mec9sUvIe1lz819YWsTmCnVdI"},"_chains":{"BWdUHoFtlUX95GDgmNPCDmfP6+Kb1hMzOyDZQIUnqkV4":{"chainKey":{"counter":2,"key":"RTnLiDEb6O5j0oipD5iqIe8eeMLewAbD7wgKbskyt6Y="},"chainType":1,"messageKeys":{}}},"pendingPreKey":{"signedKeyId":7,"baseKey":"BYozxktSRoV/d9YKP2wNpn3CMs+3IXSiyKaIw48UMNNB","preKeyId":10948285}}},"version":"v1"}