{"_sessions":{"BfOPGjRQlqkt2PgoVqu1avon/qKIsMym+B4+lMFkBW0e":{"registrationId":1376987079,"currentRatchet":{"ephemeralKeyPair":{"pubKey":"BQ6ttT8r1HaohBC/A3UBmvOx7Xuz5dQPidBEV750m91h","privKey":"wGZDvTKNdL5IabXPk1tfGJ5NwoI62xSt2rOU5w6tSXg="},"lastRemoteEphemeralKey":"BRM8t7vxnzEleC/egFrrawqF7PVLJ+zYiKz67UbfP1li","previousCounter":0,"rootKey":"CCoHRe+600S5xWJRdPDybnImxNixtIXzyZoJx+HjTiE="},"indexInfo":{"baseKey":"BfOPGjRQlqkt2PgoVqu1avon/qKIsMym+B4+lMFkBW0e","baseKeyType":1,"closed":-1,"used":1696337705490,"created":1696337705490,"remoteIdentityKey":"BSdj2zkLYqjAUNtOEiZHPysC05K1NMY0IqBa38uB8H1v"},"_chains":{"BQ6ttT8r1HaohBC/A3UBmvOx7Xuz5dQPidBEV750m91h":{"chainKey":{"counter":2,"key":"aqWSJfnRZqBi7smRsZEv/LbkZeTBrbiZ/G+3+6bKXE0="},"chainType":1,"messageKeys":{}}},"pendingPreKey":{"signedKeyId":2,"baseKey":"BfOPGjRQlqkt2PgoVqu1avon/qKIsMym+B4+lMFkBW0e","preKeyId":741905}}},"version":"v1"}