{"_sessions":{"Bf6I93sKpcbpBbUN2/JaxRz5uHeVD5U5Mjp/qOKIac1u":{"registrationId":447496161,"currentRatchet":{"ephemeralKeyPair":{"pubKey":"BYpyxsRcWrtIvyVwApE5dLWDQ7oAZ3E1rvRowNkQVIJ4","privKey":"sE+tKfnqFPnwN6WyIqLGJ1E5Wp4ajb+F3Q89b/eHv28="},"lastRemoteEphemeralKey":"BbAE0ldp1XxxuPxlqW7PnyP2gSmBGGNu3vsXjqWI64s0","previousCounter":0,"rootKey":"ci/1DY/4KA1bAcxdtlGKoXlR5fyPly3fWstx/TL4NXE="},"indexInfo":{"baseKey":"Bf6I93sKpcbpBbUN2/JaxRz5uHeVD5U5Mjp/qOKIac1u","baseKeyType":1,"closed":-1,"used":1696337706013,"created":1696337706013,"remoteIdentityKey":"BQ6Tk/kfbRIHN9gj6ayYPpFdbwGlfkl7lXoWRGF98alI"},"_chains":{"BYpyxsRcWrtIvyVwApE5dLWDQ7oAZ3E1rvRowNkQVIJ4":{"chainKey":{"counter":2,"key":"1EYgvzheY+66pWLASc7B8k8BWlHx4w3B36Swe7brqp4="},"chainType":1,"messageKeys":{}}},"pendingPreKey":{"signedKeyId":14,"baseKey":"Bf6I93sKpcbpBbUN2/JaxRz5uHeVD5U5Mjp/qOKIac1u","preKeyId":3526981}}},"version":"v1"}