{"_sessions":{"BRGcyZy6CL89RdxBrzaQjiOudZdyBd6JBrEFYzEAPp1G":{"registrationId":1259671311,"currentRatchet":{"ephemeralKeyPair":{"pubKey":"BZXDPaE0VQG48TKLS9BpnT3z8qiKVf2oB4+Xg8Vmb8MA","privKey":"+JO58C30oUFHG6RfOYLa4VYfbY/Nf65KyNWC0nbp33s="},"lastRemoteEphemeralKey":"BTb8rlLj8HA2B61RiuwFdsC1zCAmZW6x/HbMqa1ayREX","previousCounter":0,"rootKey":"40L0EYV10//t5J88UWUaRSYUl16iS0it/JtbcTkUk7A="},"indexInfo":{"baseKey":"BRGcyZy6CL89RdxBrzaQjiOudZdyBd6JBrEFYzEAPp1G","baseKeyType":1,"closed":-1,"used":1696337707191,"created":1696337707191,"remoteIdentityKey":"BU6/CoIn1r8lFYZIXkKqbi6cB58ERHcn4PRZN1N0f2Fb"},"_chains":{"BZXDPaE0VQG48TKLS9BpnT3z8qiKVf2oB4+Xg8Vmb8MA":{"chainKey":{"counter":2,"key":"J1xCTxkh/T5ewO6Vtom+DkjNBzv3NtvrF3qIM/pTlYE="},"chainType":1,"messageKeys":{}}},"pendingPreKey":{"signedKeyId":12,"baseKey":"BRGcyZy6CL89RdxBrzaQjiOudZdyBd6JBrEFYzEAPp1G","preKeyId":7951996}}},"version":"v1"}