{"_sessions":{"BRRWoV9B3RgPIHtRxzfB0ZSiYoEc/68KqHnbGhBQbVMT":{"registrationId":1645581437,"currentRatchet":{"ephemeralKeyPair":{"pubKey":"Be9v7heZbzm/taPB/HlRR0KVOnVER+IKPHeq05PsNIB4","privKey":"8EKK/Uo2p4AUoxOGlg4iHb9hTbhPY7c+h28ofuKtZ0I="},"lastRemoteEphemeralKey":"BQ5aXm/p1S4hvd7kKwgp3427i2TSoUtqaHvdz1YDeFJD","previousCounter":0,"rootKey":"zuBu+e8W7h70s9Fn7/zAP0pO5DAi3WEDDoaJ0snI348="},"indexInfo":{"baseKey":"BRRWoV9B3RgPIHtRxzfB0ZSiYoEc/68KqHnbGhBQbVMT","baseKeyType":1,"closed":-1,"used":1696337704492,"created":1696337704492,"remoteIdentityKey":"BeIXTdbj8hPGVZMzWoscM42XHFSY3lB9ge+AB7w4PopE"},"_chains":{"Be9v7heZbzm/taPB/HlRR0KVOnVER+IKPHeq05PsNIB4":{"chainKey":{"counter":2,"key":"EbXVHEKCz1LIExTToSldzrVaEmyy/6+JTYDZC/qV23o="},"chainType":1,"messageKeys":{}}},"pendingPreKey":{"signedKeyId":2,"baseKey":"BRRWoV9B3RgPIHtRxzfB0ZSiYoEc/68KqHnbGhBQbVMT","preKeyId":11259501}}},"version":"v1"}