{"_sessions":{"BTTv+9qFoBJKZe75K/Egp25lQGyybNsWc141pgKxVExv":{"registrationId":1419609769,"currentRatchet":{"ephemeralKeyPair":{"pubKey":"BczkDYoJCUla6FjK9dAurMEY9ORoh8E2NH+18SxND8Fm","privKey":"SCSzeMkgNlnz+PZ4NmvtTXe8ugHToQJ3rAgrdZCRrGg="},"lastRemoteEphemeralKey":"BTsEL2YILQHAUv4nv94innkGDHG3PhmEJfg14OrRlGMs","previousCounter":0,"rootKey":"hmjDIKTOtnkefIss4YuVvIDjRecmzx+/U6xqJqO90u4="},"indexInfo":{"baseKey":"BTTv+9qFoBJKZe75K/Egp25lQGyybNsWc141pgKxVExv","baseKeyType":1,"closed":-1,"used":1696337707067,"created":1696337707067,"remoteIdentityKey":"BXNj2WKByX5+VYa0bBeklaP8xLoSeWCocSmOo5CfoKp4"},"_chains":{"BczkDYoJCUla6FjK9dAurMEY9ORoh8E2NH+18SxND8Fm":{"chainKey":{"counter":3,"key":"vgqkb7sUxEgROWprmztXVNuAf3PtW5v52AvuwGXeXFc="},"chainType":1,"messageKeys":{}}},"pendingPreKey":{"signedKeyId":5,"baseKey":"BTTv+9qFoBJKZe75K/Egp25lQGyybNsWc141pgKxVExv","preKeyId":4004423}}},"version":"v1"}