{"_sessions":{"BZ72NQZeRn2Ye05a+BhYAWhm0gwxbIfGwSXKOmS+hD5b":{"registrationId":1993606866,"currentRatchet":{"ephemeralKeyPair":{"pubKey":"BW6DV2w26i23dWddUn6uyaDy3010z2EBF/Rz9Vt/qb4Q","privKey":"mHWNrcI9PPcMAMJXGeF0g0iN4O54Gat85qP66fXmxE4="},"lastRemoteEphemeralKey":"BTuoqbzHyW54mUd6PPzlN4AOiR2WiIXmHiZ3H6TUVgoR","previousCounter":0,"rootKey":"/AirsEhnh8nKLOywhLm2/Klrrc+RMm2aHw1OTgEYjsI="},"indexInfo":{"baseKey":"BZ72NQZeRn2Ye05a+BhYAWhm0gwxbIfGwSXKOmS+hD5b","baseKeyType":1,"closed":-1,"used":1696337752983,"created":1696337752983,"remoteIdentityKey":"BbebNG6svR9YZR++qqKm2Xlon7WhnJlv/i9tUYZAdvU7"},"_chains":{"BW6DV2w26i23dWddUn6uyaDy3010z2EBF/Rz9Vt/qb4Q":{"chainKey":{"counter":0,"key":"/9X/8Y0joiwhIiqgp4TLllTldpx8Rj+QpI8fgqj1P6U="},"chainType":1,"messageKeys":{}}},"pendingPreKey":{"signedKeyId":2,"baseKey":"BZ72NQZeRn2Ye05a+BhYAWhm0gwxbIfGwSXKOmS+hD5b","preKeyId":13298214}}},"version":"v1"}