{"_sessions":{"BcYCnJcFjBAEXHNyukyumdZRi6wTz62TvgwYZR69TssN":{"registrationId":485418844,"currentRatchet":{"ephemeralKeyPair":{"pubKey":"Bf0YzBocPF7XWHm/s29As+BcoZoX3InNvJ5jtRPBudtF","privKey":"uKaAxbJYe6+Q7tPfqcG1uP4q/A3U+AEQj4S+w9Ljimk="},"lastRemoteEphemeralKey":"BdfnPBx1j4OEIp7VXSIEWLIvJ/Mo5OZH/S50uWWSpDgA","previousCounter":0,"rootKey":"YfviE5bG8IYX/KQghFI9OWdkeiqEb5tcRWBbBNP6Fp8="},"indexInfo":{"baseKey":"BcYCnJcFjBAEXHNyukyumdZRi6wTz62TvgwYZR69TssN","baseKeyType":1,"closed":-1,"used":1696337704811,"created":1696337704811,"remoteIdentityKey":"Bf0PmVS/ro8fuE48lh41T7LzygA1wxRin+zty8zhjmNq"},"_chains":{"Bf0YzBocPF7XWHm/s29As+BcoZoX3InNvJ5jtRPBudtF":{"chainKey":{"counter":2,"key":"DuYHS8v0hgxliHwzW9Yml/FL0NkwG8L+YUEXDyRje9Q="},"chainType":1,"messageKeys":{}}},"pendingPreKey":{"signedKeyId":15,"baseKey":"BcYCnJcFjBAEXHNyukyumdZRi6wTz62TvgwYZR69TssN","preKeyId":13344711}}},"version":"v1"}