{"_sessions":{"BU+afv51r8Z9Iven9ZYOAm+z9SXH+EHZnATbxBgwEu9H":{"registrationId":67578552,"currentRatchet":{"ephemeralKeyPair":{"pubKey":"Bf+pa6Kb3u2csyn11u/SH999Qg7vILzF4Vc/NpmSO7Bv","privKey":"IDSARdT2NzbwV9FwpgnBwFi6pvmlV4MCw0TzTE4AKEg="},"lastRemoteEphemeralKey":"BdJiXKQxhNdV9p1ZQzHrTJ73ZgpxEj28ARLOzSXuJSgN","previousCounter":0,"rootKey":"Wj1ephJCWCFwy3/TGnBg/Em1kcQdDJuSrNajQ5e+jSI="},"indexInfo":{"baseKey":"BU+afv51r8Z9Iven9ZYOAm+z9SXH+EHZnATbxBgwEu9H","baseKeyType":1,"closed":-1,"used":1696337707150,"created":1696337707150,"remoteIdentityKey":"BTmMjShmIjnubgnLiminRe1AsR23Q22aeb0ZRMtkpj4u"},"_chains":{"Bf+pa6Kb3u2csyn11u/SH999Qg7vILzF4Vc/NpmSO7Bv":{"chainKey":{"counter":2,"key":"PTP16SUttQbujLOBePaVdqrxCiPus4RhJMf5Ri5ZsXc="},"chainType":1,"messageKeys":{}}},"pendingPreKey":{"signedKeyId":3,"baseKey":"BU+afv51r8Z9Iven9ZYOAm+z9SXH+EHZnATbxBgwEu9H","preKeyId":12419326}}},"version":"v1"}