{"_sessions":{"BcdzpCnZAXFmkUkZL/ikKozM5xMStxS06L7K+0GDAO8G":{"registrationId":830606115,"currentRatchet":{"ephemeralKeyPair":{"pubKey":"BbnUzVlk1hU3PLjKE629y4R7z7IJZ0YP+0rPpY8nUMga","privKey":"aBMKaLvPrwMhhrrI3tFncu9l6r7LkgfWhAQA1guZt20="},"lastRemoteEphemeralKey":"BcsQBK0CuY6C7oxrMcky4XPH694FIWKi9qgHwfzuTztT","previousCounter":0,"rootKey":"Ss2geDAMTTDM3dt8WIcqcHQXr7tImNMQqrQItDBWMws="},"indexInfo":{"baseKey":"BcdzpCnZAXFmkUkZL/ikKozM5xMStxS06L7K+0GDAO8G","baseKeyType":1,"closed":-1,"used":1696337705789,"created":1696337705789,"remoteIdentityKey":"BXHvX2h98vEG51PXfYZVcDbBiyP/Qq6v1EAWeiXtJRYv"},"_chains":{"BbnUzVlk1hU3PLjKE629y4R7z7IJZ0YP+0rPpY8nUMga":{"chainKey":{"counter":2,"key":"OS2UrYcLtjpnM/oKbNam/Z9XB35b5IsIcRbX/bG3MPM="},"chainType":1,"messageKeys":{}}},"pendingPreKey":{"signedKeyId":0,"baseKey":"BcdzpCnZAXFmkUkZL/ikKozM5xMStxS06L7K+0GDAO8G","preKeyId":3094229}}},"version":"v1"}