{"_sessions":{"BR9XaKuduYRExnEICfAGOSJJGb2X+raIByVUBpfXTalA":{"registrationId":750255375,"currentRatchet":{"ephemeralKeyPair":{"pubKey":"BXaWOXH703xIMKulWzRRoX/TTIjExapQldzLi+E/G4o0","privKey":"UCTrQWSNjSqHpgYcKWaqKjWKJhwmk1stJEuSByAY3V8="},"lastRemoteEphemeralKey":"BQ29imcm6nVlnIMgHlOCp9NMSEVXW5ppQaPu9gRYoSEY","previousCounter":0,"rootKey":"wS1vO8mpCOAjRG0cOm8oRfkWQNYFW5RRk9l399IJnIE="},"indexInfo":{"baseKey":"BR9XaKuduYRExnEICfAGOSJJGb2X+raIByVUBpfXTalA","baseKeyType":1,"closed":-1,"used":1696337705690,"created":1696337705690,"remoteIdentityKey":"BarpB4Fb6JBf2t8KFFREl8WmaWc/cRzDQQw3VyNhgGVE"},"_chains":{"BXaWOXH703xIMKulWzRRoX/TTIjExapQldzLi+E/G4o0":{"chainKey":{"counter":2,"key":"sNkBsrtL4kA72JP1S130M1nrygEn6V8aljL55PZlZ9U="},"chainType":1,"messageKeys":{}}},"pendingPreKey":{"signedKeyId":0,"baseKey":"BR9XaKuduYRExnEICfAGOSJJGb2X+raIByVUBpfXTalA","preKeyId":16257111}}},"version":"v1"}