{"_sessions":{"BZSadBaomqaFHoNmgtnYzhCxdRhC761yM/0ZzPLXs+RG":{"registrationId":11642,"currentRatchet":{"ephemeralKeyPair":{"pubKey":"BdtIJYIPBAdfkSPwigRUWM8RN/wR4+Mze6WX59cOqRwV","privKey":"KFRomhPt+wnKVaHWVEpjuBzgUOozlX+V/RsiqqwEb3Q="},"lastRemoteEphemeralKey":"BWaZT4Ulg7Bur38nB7UAIrD66LErYYm0sSOMNzWWM95D","previousCounter":0,"rootKey":"6NjbHM5SuhpS1ykHtDbAsexJxbkwdJCMNimjabWceLY="},"indexInfo":{"baseKey":"BZSadBaomqaFHoNmgtnYzhCxdRhC761yM/0ZzPLXs+RG","baseKeyType":1,"closed":-1,"used":1696337703247,"created":1696337703247,"remoteIdentityKey":"BUPEtmlvCEw6He4xQvbXubeFFXRFBnG4rc6PmKsU+DU2"},"_chains":{"BdtIJYIPBAdfkSPwigRUWM8RN/wR4+Mze6WX59cOqRwV":{"chainKey":{"counter":2,"key":"9a1S2jcVrk8l6L+Lwse94h9pQDry63vqT3vaYKEKots="},"chainType":1,"messageKeys":{}}},"pendingPreKey":{"signedKeyId":1,"baseKey":"BZSadBaomqaFHoNmgtnYzhCxdRhC761yM/0ZzPLXs+RG"}}},"version":"v1"}