{"_sessions":{"BbSSvABTJukPIvXpVomQaHR4fXaRwVpxWzxSBwh7tQgd":{"registrationId":479175103,"currentRatchet":{"ephemeralKeyPair":{"pubKey":"BYuz77OorphNuqTM+ncT819IUnFxmKIfPiE4gLh4k0pN","privKey":"MBxSDlfBcs3xejg5n6z0Zz/9tByncvwWHzD2UsizFX4="},"lastRemoteEphemeralKey":"BVIvCvco+W1vLyJWuP4IvWOxCAghldxNu1Kmp4bhyqsn","previousCounter":0,"rootKey":"riBrSc4BT7XaMclDGT7ysCBVBbj0IPNV8q4OdBBqFBU="},"indexInfo":{"baseKey":"BbSSvABTJukPIvXpVomQaHR4fXaRwVpxWzxSBwh7tQgd","baseKeyType":1,"closed":-1,"used":1696337705822,"created":1696337705822,"remoteIdentityKey":"BfohmPVMRWgDiqS4p4XlNq7uhxuykOjf7/NjhSdeapIK"},"_chains":{"BYuz77OorphNuqTM+ncT819IUnFxmKIfPiE4gLh4k0pN":{"chainKey":{"counter":2,"key":"aqafWlm/LerJYdAMgiVNDo7DhPSa5CEqLDR1iOwiDYI="},"chainType":1,"messageKeys":{}}},"pendingPreKey":{"signedKeyId":0,"baseKey":"BbSSvABTJukPIvXpVomQaHR4fXaRwVpxWzxSBwh7tQgd","preKeyId":377002}}},"version":"v1"}