{"_sessions":{"BVcBtnI/du/msbByd88Mjs+TdiUj1SLysdYxFvRpxNRP":{"registrationId":1096666247,"currentRatchet":{"ephemeralKeyPair":{"pubKey":"BaKU1o+K9I/ihdDZa2TtMmlYEiDV/Q+SbLakrrT0aCw8","privKey":"MCSfxl5cqs7jTz1IIFHFh+jRa/2EoDPe94GOMyuDZnA="},"lastRemoteEphemeralKey":"Bd74CxgO1In3HHZBPWR0k4StO0NVU83lwtITETrZeEgZ","previousCounter":0,"rootKey":"Ibi6cOM26R4COmJu8iBjxYq1CTxnfMoLB/XCxdtKLTE="},"indexInfo":{"baseKey":"BVcBtnI/du/msbByd88Mjs+TdiUj1SLysdYxFvRpxNRP","baseKeyType":1,"closed":-1,"used":1696337704820,"created":1696337704820,"remoteIdentityKey":"BTSnc96PTktUxL4uq2mMfcIdyUnE6gx0ys/bTnzk9aF+"},"_chains":{"BaKU1o+K9I/ihdDZa2TtMmlYEiDV/Q+SbLakrrT0aCw8":{"chainKey":{"counter":2,"key":"7EG4p44jSNZUCjMZTrqRH+lEMW2/9w8RiyKqEloFinw="},"chainType":1,"messageKeys":{}}},"pendingPreKey":{"signedKeyId":5,"baseKey":"BVcBtnI/du/msbByd88Mjs+TdiUj1SLysdYxFvRpxNRP","preKeyId":6534490}}},"version":"v1"}