{"_sessions":{"Bc8vwZKeU4uvTdQKeJWFs+ZOSQ0/qqJLlaw4R4YXk3IV":{"registrationId":1625660285,"currentRatchet":{"ephemeralKeyPair":{"pubKey":"BaZiPV3QG5A1rBePf8arEYlWedG61K5tpE/Tk8WdWaor","privKey":"8DhbR/M/sF+213D8yn4iOHuXQ+8Pbb1i3ENiaElzoUs="},"lastRemoteEphemeralKey":"BQbg0ZAiWITlL8+YXTJwklBtAqu6ZzHWoEsTPuOfPt9G","previousCounter":0,"rootKey":"c6boQBNSYTxuJ+fwbp1ke5C7cFm7nFyvFHTpOe3cIfY="},"indexInfo":{"baseKey":"Bc8vwZKeU4uvTdQKeJWFs+ZOSQ0/qqJLlaw4R4YXk3IV","baseKeyType":1,"closed":-1,"used":1696337719816,"created":1696337719816,"remoteIdentityKey":"BedxbB+qPe2vRnl8f34Zp37ONjRAtLJzBRQ06jFt6b4B"},"_chains":{"BaZiPV3QG5A1rBePf8arEYlWedG61K5tpE/Tk8WdWaor":{"chainKey":{"counter":0,"key":"RylWvAxfYIzmA3INA/kgf2lDPpu4TljCetV28+xqdt8="},"chainType":1,"messageKeys":{}}},"pendingPreKey":{"signedKeyId":5,"baseKey":"Bc8vwZKeU4uvTdQKeJWFs+ZOSQ0/qqJLlaw4R4YXk3IV","preKeyId":8282510}}},"version":"v1"}