{"_sessions":{"BQg4bvR4kOT+iWDMjJ7P5t0i/XM+hKVO5EZNX43njZ8H":{"registrationId":1774051564,"currentRatchet":{"ephemeralKeyPair":{"pubKey":"BaenaCpY4hlVna0gDdFV6TBDklJh3EZoPVl8vFmCU29C","privKey":"SMzuYJitFzixQCmOK/3ZLQpXTSmZBScQOm5v7YQ/w0o="},"lastRemoteEphemeralKey":"BXpgYb+HiuOfCJyoThS52tI1YiwWaWde6n6gp0PouCEm","previousCounter":0,"rootKey":"5LSBZIvTmqmnwIlDZQaqKce+i8yxre44pxFzrnIy+ZM="},"indexInfo":{"baseKey":"BQg4bvR4kOT+iWDMjJ7P5t0i/XM+hKVO5EZNX43njZ8H","baseKeyType":1,"closed":-1,"used":1696337706941,"created":1696337706941,"remoteIdentityKey":"BclcVPJc3BMtS0rcAbPXHYhMI0XnYeG0ZBqmlQaepRFu"},"_chains":{"BaenaCpY4hlVna0gDdFV6TBDklJh3EZoPVl8vFmCU29C":{"chainKey":{"counter":2,"key":"vJa9Iv4eD7VJJRxvU1s6qrUclaAuZnnjDD2Uvzi8yXI="},"chainType":1,"messageKeys":{}}},"pendingPreKey":{"signedKeyId":35,"baseKey":"BQg4bvR4kOT+iWDMjJ7P5t0i/XM+hKVO5EZNX43njZ8H","preKeyId":247415}}},"version":"v1"}