{"_sessions":{"BdYhcOj/jtSvtrgwQAE0xbBTyaLySeCZMOVfF6iWI9xr":{"registrationId":711781036,"currentRatchet":{"ephemeralKeyPair":{"pubKey":"BVf7HhU+RpVxW2NnxLNhJ8LYIS7vcgWYwbzoM5NmECEB","privKey":"aDHZwjyCnKVkLK5QXiqC9/NKD/KOBnxcbqogqeQFGEo="},"lastRemoteEphemeralKey":"BWMw7b6QXJmnM1ilmTyCjIuqJ4W346iLbrExZ/i4bqpQ","previousCounter":0,"rootKey":"GZ3sejy8gdn+MWOiyy4aH2rJ/GMvhuqrM2Ck9YmBJ1E="},"indexInfo":{"baseKey":"BdYhcOj/jtSvtrgwQAE0xbBTyaLySeCZMOVfF6iWI9xr","baseKeyType":1,"closed":-1,"used":1696337752391,"created":1696337752391,"remoteIdentityKey":"Baq1aJiLEsFzjZvJiA/zwk50VxujY1MfP5IairmgSS8N"},"_chains":{"BVf7HhU+RpVxW2NnxLNhJ8LYIS7vcgWYwbzoM5NmECEB":{"chainKey":{"counter":0,"key":"LUoj6ZjL0EqYfOJA5PNr2kqMiSKGRQ6+XxjLf8v1iPY="},"chainType":1,"messageKeys":{}}},"pendingPreKey":{"signedKeyId":5,"baseKey":"BdYhcOj/jtSvtrgwQAE0xbBTyaLySeCZMOVfF6iWI9xr","preKeyId":9304414}}},"version":"v1"}