{"_sessions":{"Bfy5vGG5swPUG3LHb3UpiS10HFQ4MPlpyEVNjAaV8fxp":{"registrationId":1851690370,"currentRatchet":{"ephemeralKeyPair":{"pubKey":"BfZTiE7QAEz4df4dvcNNB1TyRl94TsRi7yeh8hMYHMU2","privKey":"MK3P+f8DSJ4wTtelUHIzrTbIW77ipuoSzzgZn3ccMHE="},"lastRemoteEphemeralKey":"BaU7xg4qfPfRoBc1vDq9gTcaU4Rcr0UcLctjera7lDEf","previousCounter":0,"rootKey":"MzlLMSSkh0teXiMtPrjdafRKaiBl/zz4UIIP/9q4zMI="},"indexInfo":{"baseKey":"Bfy5vGG5swPUG3LHb3UpiS10HFQ4MPlpyEVNjAaV8fxp","baseKeyType":1,"closed":-1,"used":1696337731395,"created":1696337731395,"remoteIdentityKey":"BVO6HS78c/oppJNNy0/zdJcLO6g72h+NEG5Y77UYuO1X"},"_chains":{"BfZTiE7QAEz4df4dvcNNB1TyRl94TsRi7yeh8hMYHMU2":{"chainKey":{"counter":0,"key":"huAVD8gXig8H2+phg0s3JZESmYxTkAPT6jAcWJzswj0="},"chainType":1,"messageKeys":{}}},"pendingPreKey":{"signedKeyId":2,"baseKey":"Bfy5vGG5swPUG3LHb3UpiS10HFQ4MPlpyEVNjAaV8fxp","preKeyId":2938429}}},"version":"v1"}