{"_sessions":{"BaxJyV/HddgoQUJy9PWImJEAG0M3zLcnLC0BK5S3vCxM":{"registrationId":204737909,"currentRatchet":{"ephemeralKeyPair":{"pubKey":"BYlfbUYe5jgmrxxjdE2ENNBOOQTWMbysm6Mnb3/HrAoP","privKey":"KDpxFWWat8EwpfskdIv7D356ROLJMkgaJo74e/5kv3o="},"lastRemoteEphemeralKey":"BaQ+QvzuStWicfzp2TXiFLQ62vZ7oQicJI7fhAyrGo1c","previousCounter":0,"rootKey":"s7WQpXpEXth1OnLIoF3VplpPViQ6QoaqywMrwT8EMVo="},"indexInfo":{"baseKey":"BaxJyV/HddgoQUJy9PWImJEAG0M3zLcnLC0BK5S3vCxM","baseKeyType":1,"closed":-1,"used":1696337704324,"created":1696337704324,"remoteIdentityKey":"BSeNe1MBM6vpydW29oMIDVDAy+DrsU3qlFpZ4rnhDnI+"},"_chains":{"BYlfbUYe5jgmrxxjdE2ENNBOOQTWMbysm6Mnb3/HrAoP":{"chainKey":{"counter":2,"key":"/Ru6yk7lkTXDGea0eTYf6W/dMI3wcufORYvhnD8G/9o="},"chainType":1,"messageKeys":{}}},"pendingPreKey":{"signedKeyId":0,"baseKey":"BaxJyV/HddgoQUJy9PWImJEAG0M3zLcnLC0BK5S3vCxM","preKeyId":227408}}},"version":"v1"}