{"_sessions":{"BZESRelw7nJjQGYVB0l8uJEARMhf7CWYjO8DtuHkwfMh":{"registrationId":1506773042,"currentRatchet":{"ephemeralKeyPair":{"pubKey":"Bd2tg6RiFlrWm+1sl6nooyoGoSbvWOI0qsQpbwN507gI","privKey":"+Kh3nF8Nl/W0+BZk9WottoZNu2Tjyr6n0Ff86QvUXXo="},"lastRemoteEphemeralKey":"BUa1MBPZ2c+q7cTEJgBml4QbDR/ga/JGLNqtdryejEhy","previousCounter":0,"rootKey":"l6tqs3DxKEQrAqMrUEhhsqWB+9qwCfT57bOf/BNoVFw="},"indexInfo":{"baseKey":"BZESRelw7nJjQGYVB0l8uJEARMhf7CWYjO8DtuHkwfMh","baseKeyType":1,"closed":-1,"used":1696337752700,"created":1696337752700,"remoteIdentityKey":"BTYxbHLwQVhq//gunM/Ja6JWPIiYAM4UYqlgaRAADpBm"},"_chains":{"Bd2tg6RiFlrWm+1sl6nooyoGoSbvWOI0qsQpbwN507gI":{"chainKey":{"counter":0,"key":"S9SoX+0RHZXwQF90JuXl/ygIxFq0UBq950oOnCCNWbA="},"chainType":1,"messageKeys":{}}},"pendingPreKey":{"signedKeyId":3,"baseKey":"BZESRelw7nJjQGYVB0l8uJEARMhf7CWYjO8DtuHkwfMh","preKeyId":7353959}}},"version":"v1"}