{"_sessions":{"BaWupKTP+1F53WdJdNT9ss240+ujp/RdkCaVW9Vz6BFW":{"registrationId":1851619232,"currentRatchet":{"ephemeralKeyPair":{"pubKey":"BWvk3z1sdq+45bgCjfUgT2YDo6edzBgVLIbXSKlUGpxQ","privKey":"0BmNSywYs2VmZdvyTn7aW/YIUWM+Yz8KG0yw8jQmE0Y="},"lastRemoteEphemeralKey":"BWNW5rSVETq1OR01B5nI+3xaYWUKfbx531zuCQ7OFZIz","previousCounter":0,"rootKey":"QBHFVQVEIMSFWqXHSSx0u/R31bBBt5A+MHCPyhL7b2k="},"indexInfo":{"baseKey":"BaWupKTP+1F53WdJdNT9ss240+ujp/RdkCaVW9Vz6BFW","baseKeyType":1,"closed":-1,"used":1696337706368,"created":1696337706368,"remoteIdentityKey":"BS8YJI6kaSKG0vmbKjZ1mE6vY8Ei1IWyd16z5haqeXAy"},"_chains":{"BWvk3z1sdq+45bgCjfUgT2YDo6edzBgVLIbXSKlUGpxQ":{"chainKey":{"counter":2,"key":"CXxyavxNWSC/sB0ghE6chNzWnPD//9GlMqzoPQ92Pjk="},"chainType":1,"messageKeys":{}}},"pendingPreKey":{"signedKeyId":4,"baseKey":"BaWupKTP+1F53WdJdNT9ss240+ujp/RdkCaVW9Vz6BFW","preKeyId":6665092}}},"version":"v1"}