{"_sessions":{"Bf3KE7wPNK83o0TOb73HAzvVV5a/rkwhjRXhArdq0Wpe":{"registrationId":29899876,"currentRatchet":{"ephemeralKeyPair":{"pubKey":"BU6zjF4XdZTfwybxpoiBE+vJnMehgzF53VwK5lBsGg1N","privKey":"CHGzRHwpu1pGcyv+zaTBL9MxydNaVKNYipWckaDg/GA="},"lastRemoteEphemeralKey":"BS00uRL39akZYj+LJ3uqGSpe6CXoGYpW2ORPmluyNWIY","previousCounter":0,"rootKey":"CPJhcgWPZBYq8xAnDh7KOBvFo07h+y2cIgyJrgt61/0="},"indexInfo":{"baseKey":"Bf3KE7wPNK83o0TOb73HAzvVV5a/rkwhjRXhArdq0Wpe","baseKeyType":1,"closed":-1,"used":1696337706830,"created":1696337706830,"remoteIdentityKey":"BfC30XxBinydmaiz0tmBvE5jmaPAFQwrov6d/Cr9hdcn"},"_chains":{"BU6zjF4XdZTfwybxpoiBE+vJnMehgzF53VwK5lBsGg1N":{"chainKey":{"counter":2,"key":"MCHCpDUS9TAM5T61WqOsjR/NKJjaNOfE5t1YUIkLIHs="},"chainType":1,"messageKeys":{}}},"pendingPreKey":{"signedKeyId":7,"baseKey":"Bf3KE7wPNK83o0TOb73HAzvVV5a/rkwhjRXhArdq0Wpe","preKeyId":9247981}}},"version":"v1"}