{"_sessions":{"BeunphHUOIJBiujyb+5GNuoOqum2XmQIF5i+RosbQft3":{"registrationId":1091024639,"currentRatchet":{"ephemeralKeyPair":{"pubKey":"BbUJZab3Zxg0E8KwM1R1oiMY6kzpmStnjSV1+dGbIt8m","privKey":"KKTaJI9dR5A5wWsmphERnjA5MV2Ie19T6EW9OLZ9DFE="},"lastRemoteEphemeralKey":"BaQJvQJozPC96CCsF/e/ao2+vnfuysYVLSotLwYwcRt1","previousCounter":0,"rootKey":"dc8U2NVapmH4c0rDl9x5ZoectJl2b4+bWp+8ToqtfFE="},"indexInfo":{"baseKey":"BeunphHUOIJBiujyb+5GNuoOqum2XmQIF5i+RosbQft3","baseKeyType":1,"closed":-1,"used":1696337707176,"created":1696337707176,"remoteIdentityKey":"BSXQBJxT3pEK7LCfNidQG43Qc6QVhGw1+GEc+7fbreR1"},"_chains":{"BbUJZab3Zxg0E8KwM1R1oiMY6kzpmStnjSV1+dGbIt8m":{"chainKey":{"counter":2,"key":"6o3dNQ1Jjs3R9CQYVaXBLM/BmJvOGGbpHC+V8rogvEU="},"chainType":1,"messageKeys":{}}},"pendingPreKey":{"signedKeyId":9,"baseKey":"BeunphHUOIJBiujyb+5GNuoOqum2XmQIF5i+RosbQft3","preKeyId":12843910}}},"version":"v1"}