{"_sessions":{"BZUaxzhKdj8HClbUPZgJV+IIrp3xduCiNOaCWvRvpqYk":{"registrationId":1039943030,"currentRatchet":{"ephemeralKeyPair":{"pubKey":"BRDaiUTw5DjwM1UW4Onjc6cLBPh4A2L9RJ2Q8IqVV7o3","privKey":"SMu9casg1p8LK+xdht2zHmRBtGEjJKOuE5q1m7sImls="},"lastRemoteEphemeralKey":"BdpKKtM84fXiJGlLAx5SqGGGEELqlJzvrum29DsyahQF","previousCounter":0,"rootKey":"n1i+vv0BkdcZBf56O5SxtDSiEcZtQ7DdVgnkzRLsADQ="},"indexInfo":{"baseKey":"BZUaxzhKdj8HClbUPZgJV+IIrp3xduCiNOaCWvRvpqYk","baseKeyType":1,"closed":-1,"used":1696337704719,"created":1696337704719,"remoteIdentityKey":"BagjbBF5VGDjnqwjwqYPERUz0Rr1euf2+RIqmzdyxiFE"},"_chains":{"BRDaiUTw5DjwM1UW4Onjc6cLBPh4A2L9RJ2Q8IqVV7o3":{"chainKey":{"counter":2,"key":"xBShr9hG2SoRo6hK50b8q5tMXvJ9ozpchwYdCxjTx+k="},"chainType":1,"messageKeys":{}}},"pendingPreKey":{"signedKeyId":15,"baseKey":"BZUaxzhKdj8HClbUPZgJV+IIrp3xduCiNOaCWvRvpqYk"}}},"version":"v1"}