{"_sessions":{"BbrpR7BqRM0rohXDlZn71Dvvndre6YfKED15rlhAiLR3":{"registrationId":1960133559,"currentRatchet":{"ephemeralKeyPair":{"pubKey":"BcyZGQfvUGpr1i5OTMGCRMQ1KPgW5vYAmzm5WSw3hBJz","privKey":"EMNJUBHddtgXXEkI7PY0UnB5ADax2ZTCcQHybWRcDm8="},"lastRemoteEphemeralKey":"BVzEaRCdu9hUzIP78Sl65vB6nyvbtG7GExyxsNs1xOcw","previousCounter":0,"rootKey":"Juv4dXCef7URDClOngchF+Pb5ndjNs0B+4yxaQgc3rs="},"indexInfo":{"baseKey":"BbrpR7BqRM0rohXDlZn71Dvvndre6YfKED15rlhAiLR3","baseKeyType":1,"closed":-1,"used":1696337752908,"created":1696337752908,"remoteIdentityKey":"BUmPTmUMt2mI+4yxKX3qVsP97vBexUP/3U8at3D92sYJ"},"_chains":{"BcyZGQfvUGpr1i5OTMGCRMQ1KPgW5vYAmzm5WSw3hBJz":{"chainKey":{"counter":0,"key":"JFsFy0VL5lCBqW7Fm6LgO1E+mMbfOOFKMy0tVFIe2xI="},"chainType":1,"messageKeys":{}}},"pendingPreKey":{"signedKeyId":1,"baseKey":"BbrpR7BqRM0rohXDlZn71Dvvndre6YfKED15rlhAiLR3","preKeyId":2373016}}},"version":"v1"}