{"_sessions":{"BXRk0zEN4cFvwbCfiRd9X/M5bc41tZpZ6Qw1bX2ZFxQU":{"registrationId":1713946448,"currentRatchet":{"ephemeralKeyPair":{"pubKey":"BXJDWC7r5F25RMDrSGNqa7T0iGJm5ZYPVwxlPzhEHX49","privKey":"aDnvrqObUONrP/E1ow89Giegi8OT1zZEbna2kP7lTk8="},"lastRemoteEphemeralKey":"Bb/dEPLhgcKiTBm4SdwJY+fcN7CIZeQCZbsND9hsbqAy","previousCounter":0,"rootKey":"6UjCRxCTL97hldAfUhfsTZbiEdgPjBPf4KtQhQh80VA="},"indexInfo":{"baseKey":"BXRk0zEN4cFvwbCfiRd9X/M5bc41tZpZ6Qw1bX2ZFxQU","baseKeyType":1,"closed":-1,"used":1696337705481,"created":1696337705481,"remoteIdentityKey":"BdTwtTcvZQPoy3dobc6fvoIJnq1HyVE+3uXuq59K9a03"},"_chains":{"BXJDWC7r5F25RMDrSGNqa7T0iGJm5ZYPVwxlPzhEHX49":{"chainKey":{"counter":2,"key":"GvkBOzGKwvMj1e0HZ6jAMZCnb0E7m5+e8jMiEsW0r+8="},"chainType":1,"messageKeys":{}}},"pendingPreKey":{"signedKeyId":0,"baseKey":"BXRk0zEN4cFvwbCfiRd9X/M5bc41tZpZ6Qw1bX2ZFxQU","preKeyId":12524759}}},"version":"v1"}