{"_sessions":{"Bc1HMVcz8ShnvsLn1Cb4L1wb+TrQi1qQ5tea41WOPfIL":{"registrationId":821501782,"currentRatchet":{"ephemeralKeyPair":{"pubKey":"BZuI1y4/4gIsUwTCggdsvFc5j2aGlOdj4sx2G4YoAUFv","privKey":"iIpmTmWz8MWv3FuGziyc6sd6aBWjhvh3t/EU4HFgHHc="},"lastRemoteEphemeralKey":"BV9HT1GQWrPToab5L1PIMUoyGQGfPBQ6+vxrPYXo9pUz","previousCounter":0,"rootKey":"ZlH4Gxbia7DntJ2R5wnHhikvF3hXCR2Wr11nWF8MceM="},"indexInfo":{"baseKey":"Bc1HMVcz8ShnvsLn1Cb4L1wb+TrQi1qQ5tea41WOPfIL","baseKeyType":1,"closed":-1,"used":1696337752646,"created":1696337752646,"remoteIdentityKey":"BbnWOid/+PQFKFZrOl3AXlsaxt/zbgg41m/++4P9pfF6"},"_chains":{"BZuI1y4/4gIsUwTCggdsvFc5j2aGlOdj4sx2G4YoAUFv":{"chainKey":{"counter":0,"key":"rg0vYh2O7gfYVcdPmhskStCsxzzpWCKiQ/dxOi1cMs4="},"chainType":1,"messageKeys":{}}},"pendingPreKey":{"signedKeyId":18,"baseKey":"Bc1HMVcz8ShnvsLn1Cb4L1wb+TrQi1qQ5tea41WOPfIL","preKeyId":902718}}},"version":"v1"}