{"_sessions":{"BQx6gsa+/PzJDoj5U61LkCHEJyot9UfEMeiCelNt+hN3":{"registrationId":1654846570,"currentRatchet":{"ephemeralKeyPair":{"pubKey":"Bex4Y+jZke1dl1hs+umd36igwyxnHoXSM7Svb1CWoLFg","privKey":"oEbc6mgamIEpCyeUeiBqCzCqJc7GZuZ726f30q//32k="},"lastRemoteEphemeralKey":"BbUQk5V8uYDcxrNa9O7KQ+vbvqwHRZZQm9fP3lOuW95X","previousCounter":0,"rootKey":"UBgSyhOMHyRYdUAyvNNeoVRy2U00ukt93eZx5OTQ5cY="},"indexInfo":{"baseKey":"BQx6gsa+/PzJDoj5U61LkCHEJyot9UfEMeiCelNt+hN3","baseKeyType":1,"closed":-1,"used":1696337719724,"created":1696337719724,"remoteIdentityKey":"BQbN24frxhS7NeNCzi4RPVNABq4mDUlCyvBZKPRJWfAF"},"_chains":{"Bex4Y+jZke1dl1hs+umd36igwyxnHoXSM7Svb1CWoLFg":{"chainKey":{"counter":0,"key":"I52OsdXrJWAaSuuU8oT1Bd6UBMVcpI3nEc+JDrYvD68="},"chainType":1,"messageKeys":{}}},"pendingPreKey":{"signedKeyId":14,"baseKey":"BQx6gsa+/PzJDoj5U61LkCHEJyot9UfEMeiCelNt+hN3","preKeyId":11665691}}},"version":"v1"}