{"_sessions":{"BegK7IXUKRUFpuySj2qcEXVHzSmicUxkTQnPBRU3qUIb":{"registrationId":2012713129,"currentRatchet":{"ephemeralKeyPair":{"pubKey":"Bduv2dMNtTE+7UCLRyL1xzY0dBM+JhnbFTXvCE/wp+xk","privKey":"+KqGkjYR6G2PRVA5x0T5CfkOGGZXVHVCJb08F03INGg="},"lastRemoteEphemeralKey":"BVHxKFedSaM4iDxodyMfGcaBQRhfUxCWu3jOeDGnuXsW","previousCounter":0,"rootKey":"U8Z5xR+jk80oesEGViN7r/QhhEcjCuhapC2K0UGxNsc="},"indexInfo":{"baseKey":"BegK7IXUKRUFpuySj2qcEXVHzSmicUxkTQnPBRU3qUIb","baseKeyType":1,"closed":-1,"used":1696337719516,"created":1696337719516,"remoteIdentityKey":"BYUp3rxAzkdNOWz9LJs08ZMuWyohtYqO/KFphYtBFTJv"},"_chains":{"Bduv2dMNtTE+7UCLRyL1xzY0dBM+JhnbFTXvCE/wp+xk":{"chainKey":{"counter":0,"key":"zHSSrOHqMiwIykhj61+a3QLnjudJpJHpgbB5Ye8vtac="},"chainType":1,"messageKeys":{}}},"pendingPreKey":{"signedKeyId":5,"baseKey":"BegK7IXUKRUFpuySj2qcEXVHzSmicUxkTQnPBRU3qUIb","preKeyId":11972527}}},"version":"v1"}