{"_sessions":{"BSjiyV/4boo8J0uXaUTp2GVgEM6yeWtz64dUYUuWvYgn":{"registrationId":1483131092,"currentRatchet":{"ephemeralKeyPair":{"pubKey":"BYoPw8oaCzVOr1gEGTzYOTXXz8pqDNTiJJrxmMrxyCBM","privKey":"aOrLPpuPWTitisXayB1kF0xH9EEvlwJgWHRfgAuQ9lE="},"lastRemoteEphemeralKey":"BXbG/ZERnQNIUnjUPooYAiUM/tmUnCZ6WehlmaSmyBZx","previousCounter":0,"rootKey":"bRqZO1SZIeFsVZ8q9vo4tWhf11ZKhvNoXkr9KUWkdeg="},"indexInfo":{"baseKey":"BSjiyV/4boo8J0uXaUTp2GVgEM6yeWtz64dUYUuWvYgn","baseKeyType":1,"closed":-1,"used":1696337752836,"created":1696337752836,"remoteIdentityKey":"BQMNhjAomLJ1eLa7o2zyhT1pFNiDoPccUP9f1R/mSYxf"},"_chains":{"BYoPw8oaCzVOr1gEGTzYOTXXz8pqDNTiJJrxmMrxyCBM":{"chainKey":{"counter":0,"key":"0O6OM0Xs8w6UEFQyLwwfbSM6g2ZNLSsqlyjuqMIWynU="},"chainType":1,"messageKeys":{}}},"pendingPreKey":{"signedKeyId":7,"baseKey":"BSjiyV/4boo8J0uXaUTp2GVgEM6yeWtz64dUYUuWvYgn","preKeyId":12277258}}},"version":"v1"}