{"_sessions":{"BUuvuv2ZLcgCYM91+Vz2PNQ1xazOz1G7qvlUYBMllR44":{"registrationId":1163856593,"currentRatchet":{"ephemeralKeyPair":{"pubKey":"BetNQSHL4L5cBVlClcpCcdyMlVofNyy2IW5zBT60hnBh","privKey":"gGrwORAtoZd0X0FrCpvN7rhMGWeNQcwSI4oe0OFbqms="},"lastRemoteEphemeralKey":"BafsF22xW4S7JQqZe+OYvXYhzIO2qx0mW0aDQwV0Oqtq","previousCounter":0,"rootKey":"NxwVQM1VQv13TnpjmF8oOVUmvJQhmCE9au8DipmvIqo="},"indexInfo":{"baseKey":"BUuvuv2ZLcgCYM91+Vz2PNQ1xazOz1G7qvlUYBMllR44","baseKeyType":1,"closed":-1,"used":1696337706545,"created":1696337706545,"remoteIdentityKey":"BSfGP67ygFwUVw8GHzXE7ZbX2+eFTo3/c/jdhSFc9zEC"},"_chains":{"BetNQSHL4L5cBVlClcpCcdyMlVofNyy2IW5zBT60hnBh":{"chainKey":{"counter":2,"key":"2mjTUnNumX9PpYHbM7KUKcTT8/EJ1CUSf6Ta74fOmBg="},"chainType":1,"messageKeys":{}}},"pendingPreKey":{"signedKeyId":9,"baseKey":"BUuvuv2ZLcgCYM91+Vz2PNQ1xazOz1G7qvlUYBMllR44","preKeyId":13639210}}},"version":"v1"}