{"_sessions":{"BZCWx15jpT/FcLPXdwHg52BPzPvO2nbNhcFXn5sHo2w9":{"registrationId":1961797685,"currentRatchet":{"ephemeralKeyPair":{"pubKey":"BaVVe9MmX5QxL5QEE3Dt249+IPM3SYhoMaMWh1GsD3km","privKey":"AJBtbdZaVilcTZ/9WeMk945G+DG6uRHOkruuEDdWAH8="},"lastRemoteEphemeralKey":"BTsnL6fjL980cHOiJ4zU+z3hfG7PwQLJ6Al0HRv6gr51","previousCounter":0,"rootKey":"pgxt3YyOLFuigNlb+dIUYQVZVR+uKxtcRq7r9Cb6WDk="},"indexInfo":{"baseKey":"BZCWx15jpT/FcLPXdwHg52BPzPvO2nbNhcFXn5sHo2w9","baseKeyType":1,"closed":-1,"used":1696337752155,"created":1696337752155,"remoteIdentityKey":"BaJOcIPAebE4zOLEJ8wAtrt3UuUawi9q+X3S1PViw5Ya"},"_chains":{"BaVVe9MmX5QxL5QEE3Dt249+IPM3SYhoMaMWh1GsD3km":{"chainKey":{"counter":0,"key":"yRevI7RCgWq6HPD4zX4p4P2AYTIjY2aO9i4bc7BJTdU="},"chainType":1,"messageKeys":{}}},"pendingPreKey":{"signedKeyId":8,"baseKey":"BZCWx15jpT/FcLPXdwHg52BPzPvO2nbNhcFXn5sHo2w9","preKeyId":2959585}}},"version":"v1"}