{"_sessions":{"BQUpVJJjrICVgfSt0s4NY6ImTlC9/xTT9EWqwaoRD7pJ":{"registrationId":11964323,"currentRatchet":{"ephemeralKeyPair":{"pubKey":"BUnEsGYE0jY0jmah1NBclXft0Gx0rZSPzRp8pqNIjPkF","privKey":"GL55iJg+ScZ85n81sq0L2RVEfBuTZwlhmTgGofvWjGE="},"lastRemoteEphemeralKey":"BWJATtDe2IpXoK6jZVNk6TkBfPLkGGIGGMMetmbgEAIZ","previousCounter":0,"rootKey":"XGQh/H7/ec6NmXs00E/vhhYsN/ev1Q5zwq/a6gKYSXs="},"indexInfo":{"baseKey":"BQUpVJJjrICVgfSt0s4NY6ImTlC9/xTT9EWqwaoRD7pJ","baseKeyType":1,"closed":-1,"used":1696337731829,"created":1696337731829,"remoteIdentityKey":"BQFNH4hTmnYyQClCYt/bTidxjtsTCdTiePMu69kRzgg2"},"_chains":{"BUnEsGYE0jY0jmah1NBclXft0Gx0rZSPzRp8pqNIjPkF":{"chainKey":{"counter":0,"key":"BAjn+habLLpKZ8L37U8VsvVPRP3N3hbnvImDh1vlEyY="},"chainType":1,"messageKeys":{}}},"pendingPreKey":{"signedKeyId":4,"baseKey":"BQUpVJJjrICVgfSt0s4NY6ImTlC9/xTT9EWqwaoRD7pJ","preKeyId":9385312}}},"version":"v1"}