{"_sessions":{"BdnVY9V8jJUN/UYMPUW5Wz9rTWKZIH4HbuwMIkIUsyp4":{"registrationId":2070749367,"currentRatchet":{"ephemeralKeyPair":{"pubKey":"BT3or+zdDcqMlslbmkfep8HyDh+0GO8H9tU5W1rgAN5W","privKey":"aALYUCuma/GktkM3ByO+TIC7w6QFhTNji8vLSHUSdVM="},"lastRemoteEphemeralKey":"BSg4kbMu1ij0/TRd8NeeEvaiVWlG2OVpIlAXlmxHuyNi","previousCounter":0,"rootKey":"mTJ+AZN3NK6tfTyZr1176rYa1Tsp0cRt8LS8XD5cNq4="},"indexInfo":{"baseKey":"BdnVY9V8jJUN/UYMPUW5Wz9rTWKZIH4HbuwMIkIUsyp4","baseKeyType":1,"closed":-1,"used":1696337705812,"created":1696337705812,"remoteIdentityKey":"BbcWMO9OLwELkZQxo00o1Js34ThU922ZNRUjaq82WkB/"},"_chains":{"BT3or+zdDcqMlslbmkfep8HyDh+0GO8H9tU5W1rgAN5W":{"chainKey":{"counter":2,"key":"brb5uNG9eri0EU9uqohCg7OSNw+onTOzFsMjBj74LFQ="},"chainType":1,"messageKeys":{}}},"pendingPreKey":{"signedKeyId":15,"baseKey":"BdnVY9V8jJUN/UYMPUW5Wz9rTWKZIH4HbuwMIkIUsyp4","preKeyId":1262739}}},"version":"v1"}