{"_sessions":{"BVdCTwg+qTrZOzQPS/cITwHZxGtlW4oqNuCY9vTKzbk+":{"registrationId":1702768309,"currentRatchet":{"ephemeralKeyPair":{"pubKey":"BZXVfqW8kcUUqXsvl1mvwyKdUjonwtHU8obVVj/aCYsP","privKey":"mPfyoNVvatH3x5Ap9yG8bLjQt+KM43Fb8En3WwOEa3U="},"lastRemoteEphemeralKey":"BQw49U2uHQATSoiy1VmitmJDIbGUXVs5FFGiciGsdbYQ","previousCounter":0,"rootKey":"ZqjlPk6xi1bwNvDKfkyY8v09RwDByZN4rBaOp4oZYAg="},"indexInfo":{"baseKey":"BVdCTwg+qTrZOzQPS/cITwHZxGtlW4oqNuCY9vTKzbk+","baseKeyType":1,"closed":-1,"used":1696337705392,"created":1696337705392,"remoteIdentityKey":"BZRSX3FbgxUn6baX2rWdTHhkAk8i9rpf5TpRVcYJcZYO"},"_chains":{"BZXVfqW8kcUUqXsvl1mvwyKdUjonwtHU8obVVj/aCYsP":{"chainKey":{"counter":3,"key":"6+ajxeaywVFZ3opqZ7cDrOaPkhpMfiEgxvaZWXfPky0="},"chainType":1,"messageKeys":{}}},"pendingPreKey":{"signedKeyId":1457,"baseKey":"BVdCTwg+qTrZOzQPS/cITwHZxGtlW4oqNuCY9vTKzbk+","preKeyId":151000}}},"version":"v1"}