{"_sessions":{"BU4UrKdrRXqIEIobkpDBZJ48P1mA4D4cdfFnOLMfqm4a":{"registrationId":1429301014,"currentRatchet":{"ephemeralKeyPair":{"pubKey":"Bf4BprwTqQkLrBn/QvmIIRV8KuS6vXfVAka4YUmFqUxD","privKey":"qLCYdcvbhT2MCZCUV400SDj0PKpu7lGO06hTjSnJwXk="},"lastRemoteEphemeralKey":"BYAJ8TItvnSPsRG/vWtoUtbPAJYa1f1J3AdOWTV6i7Bi","previousCounter":0,"rootKey":"fjceaUlfZx9OY8uXPVyLDC6a9nTt1gZyGKevDjaAqGg="},"indexInfo":{"baseKey":"BU4UrKdrRXqIEIobkpDBZJ48P1mA4D4cdfFnOLMfqm4a","baseKeyType":1,"closed":-1,"used":1696337706866,"created":1696337706866,"remoteIdentityKey":"BTfIspevF9FlHUBjNXFbjpMIFFwQRn10aiLu9YtjsVtk"},"_chains":{"Bf4BprwTqQkLrBn/QvmIIRV8KuS6vXfVAka4YUmFqUxD":{"chainKey":{"counter":2,"key":"GGn6bT4ty6DiYb+bGyQqfqUrg01xGEELU613QVWTo9I="},"chainType":1,"messageKeys":{}}},"pendingPreKey":{"signedKeyId":2,"baseKey":"BU4UrKdrRXqIEIobkpDBZJ48P1mA4D4cdfFnOLMfqm4a","preKeyId":6219977}}},"version":"v1"}