{"_sessions":{"BWPmoivic2+wQ4PWfX8ia0ORNjWuyRbnW6K9TFswJJly":{"registrationId":69361311,"currentRatchet":{"ephemeralKeyPair":{"pubKey":"BaSTM2d4vT3sxm4erz2NSQ5I9sTrGZBEhAZ7eTKbB3le","privKey":"EFda3rd2827ZuT/SOwXFQmzkCS6DzqyQDyogKfbMzGI="},"lastRemoteEphemeralKey":"BX0niNvrr+IYzAoNKGUD+AVUkKd3asPU4o4uoBlnGtx9","previousCounter":0,"rootKey":"jH0E0yLBjWbnVCo3AAR9poCalu1SfzX19dmGKWV637E="},"indexInfo":{"baseKey":"BWPmoivic2+wQ4PWfX8ia0ORNjWuyRbnW6K9TFswJJly","baseKeyType":1,"closed":-1,"used":1696337704986,"created":1696337704986,"remoteIdentityKey":"BWQLHRDfy8O4R/MnPbI7gmJTypmVEUC0LOCaFBXgv3Nc"},"_chains":{"BaSTM2d4vT3sxm4erz2NSQ5I9sTrGZBEhAZ7eTKbB3le":{"chainKey":{"counter":2,"key":"3j5nv3g13zK/L+EsMQMNaUi7Vn0WA5j3z4dtZJJN+pw="},"chainType":1,"messageKeys":{}}},"pendingPreKey":{"signedKeyId":1,"baseKey":"BWPmoivic2+wQ4PWfX8ia0ORNjWuyRbnW6K9TFswJJly","preKeyId":13993463}}},"version":"v1"}