{"_sessions":{"BSdsWLhYbzXP4CzYKkQVoiMr4DTxUcGEtbF32nr+ufhY":{"registrationId":1171777394,"currentRatchet":{"ephemeralKeyPair":{"pubKey":"BSc4PQtZwjV+bssBSBs6oMcfbGndn5vMc415XPWeP/5N","privKey":"KAXzQq70SvdIi4c1DOrt5T3JHU6610qhjdQ1zxvFtng="},"lastRemoteEphemeralKey":"Be03s0GRXPTHvH/h0ik84oNdiX1GdP22oPF7SunE5L9e","previousCounter":0,"rootKey":"5Qtf3XS3hBCVSkjRaCcnGNVmqySSSTkU5FZ9Zzid3WY="},"indexInfo":{"baseKey":"BSdsWLhYbzXP4CzYKkQVoiMr4DTxUcGEtbF32nr+ufhY","baseKeyType":1,"closed":-1,"used":1696337719821,"created":1696337719821,"remoteIdentityKey":"BdlYe6n4nBb+BRuXnXHe/5ICrcIxVy/eMRb+ZWnKYuZJ"},"_chains":{"BSc4PQtZwjV+bssBSBs6oMcfbGndn5vMc415XPWeP/5N":{"chainKey":{"counter":1,"key":"11R+zYaTpExPg6XndEwvmIffbeJcwlZjkjPEAuN0OQQ="},"chainType":1,"messageKeys":{}}},"pendingPreKey":{"signedKeyId":1,"baseKey":"BSdsWLhYbzXP4CzYKkQVoiMr4DTxUcGEtbF32nr+ufhY","preKeyId":5923284}}},"version":"v1"}