{"_sessions":{"BRusK3ObGogrsbZMFGfFKTDfYjKMrfpA4fgGFnbqj2oi":{"registrationId":891953162,"currentRatchet":{"ephemeralKeyPair":{"pubKey":"BZRRnUEY81BgsHBkL0pPxgfrVuPdctMe7dU9zFDG6iU9","privKey":"cOHmVpsxuqSFjOg4gfd2WRFjb+5rw7RTi4a9oq0lskg="},"lastRemoteEphemeralKey":"BQ58nDpZDUbyikYDJlBGOqXVvCCm6Pr9bU8Bx5a19Z0B","previousCounter":0,"rootKey":"ym3OIgZUR6tGrkNmveNuDUAEzI84FTF4VjrGLnyel78="},"indexInfo":{"baseKey":"BRusK3ObGogrsbZMFGfFKTDfYjKMrfpA4fgGFnbqj2oi","baseKeyType":1,"closed":-1,"used":1696337731654,"created":1696337731654,"remoteIdentityKey":"BbH7pMT3I2gckAFwqyp3RG1ov1rA0t+LwOJRXsRq05Ff"},"_chains":{"BZRRnUEY81BgsHBkL0pPxgfrVuPdctMe7dU9zFDG6iU9":{"chainKey":{"counter":0,"key":"YgL5JJImnrFTVHy2GhrjWm3S8ItbwQ338jjE5zzzr30="},"chainType":1,"messageKeys":{}}},"pendingPreKey":{"signedKeyId":17,"baseKey":"BRusK3ObGogrsbZMFGfFKTDfYjKMrfpA4fgGFnbqj2oi","preKeyId":14016887}}},"version":"v1"}