{"_sessions":{"BZZESoxQxU9bc07vVCWq16yFU8yisIuRr85hU6wRom5b":{"registrationId":648418528,"currentRatchet":{"ephemeralKeyPair":{"pubKey":"BcwqhWx/Ws360VgLfBvb/p0WAYwF6cOhgPH06VQCEYRi","privKey":"oL0yfzRNXt7TF4kHCwsh8nOTBXKCx0QZj2qpwdMli3k="},"lastRemoteEphemeralKey":"BfSdDIEi5aUQ7fEPXNTXht2DwQWD/GkqN75LOIS/o/ZQ","previousCounter":0,"rootKey":"JSeQDL4/Tj8BwzWa2G753N+7qjpD3M/Egy0GOFxx1bs="},"indexInfo":{"baseKey":"BZZESoxQxU9bc07vVCWq16yFU8yisIuRr85hU6wRom5b","baseKeyType":1,"closed":-1,"used":1696337719651,"created":1696337719651,"remoteIdentityKey":"BS6aB8qQJka/0JjLhK2E0G0jzRfBv9DWZ/VwwQ9aUBBR"},"_chains":{"BcwqhWx/Ws360VgLfBvb/p0WAYwF6cOhgPH06VQCEYRi":{"chainKey":{"counter":0,"key":"Be5sIVXazUHKapfZKgGQrszUIGNmD9iV40aaTZVuG20="},"chainType":1,"messageKeys":{}}},"pendingPreKey":{"signedKeyId":0,"baseKey":"BZZESoxQxU9bc07vVCWq16yFU8yisIuRr85hU6wRom5b"}}},"version":"v1"}