{"_sessions":{"BQvf7aa71e/olN5lSEz8AK6n7VD8/3wRU2qRBt3oJuUb":{"registrationId":1446756006,"currentRatchet":{"ephemeralKeyPair":{"pubKey":"BUVQMwxLLJ1qvtwcQLYvKPfoK3gGmTVLzbueShTet41M","privKey":"sNU4tVmIu4M2u/ZyFiWqFVJjqyTpD6wwjEVntOW3o0U="},"lastRemoteEphemeralKey":"BUxmAy1IUutYl4P+MJqX1jeIsLsTDLkFN6leXXDWhQEN","previousCounter":0,"rootKey":"XOWn0IukuG4AdHOX0wA4NMt4RcZhC7m72FFBK773X60="},"indexInfo":{"baseKey":"BQvf7aa71e/olN5lSEz8AK6n7VD8/3wRU2qRBt3oJuUb","baseKeyType":1,"closed":-1,"used":1696337752823,"created":1696337752823,"remoteIdentityKey":"BX9cI4HkmjX1thyyOn+Y7eVrygSltwdD54npjjuLUbAN"},"_chains":{"BUVQMwxLLJ1qvtwcQLYvKPfoK3gGmTVLzbueShTet41M":{"chainKey":{"counter":0,"key":"R/AjZNjOzmYq9d5Y/xghpcbYy5IM260+HXhwYFZLUXQ="},"chainType":1,"messageKeys":{}}},"pendingPreKey":{"signedKeyId":25,"baseKey":"BQvf7aa71e/olN5lSEz8AK6n7VD8/3wRU2qRBt3oJuUb","preKeyId":11168417}}},"version":"v1"}