{"_sessions":{"BTGplrOFeI92NDUTxKSQba+0bohxuE7ed89hu5BBgf9T":{"registrationId":1633515672,"currentRatchet":{"ephemeralKeyPair":{"pubKey":"BT6Nf8kY89YDGxFLQprfz3GW2J0Ku3vowqSKyyXpHJdi","privKey":"CPQcvVRGxZjaYLNUgN5IMG6kDVLvHcao3M8Yq2zTzW0="},"lastRemoteEphemeralKey":"Bf52mQOnYIxDd/QLou3PZI+qUJvW/ImRCvISb4gwRVVy","previousCounter":0,"rootKey":"KOVXHVsACld93VtTuonTshr3L3GvD9O0GksB23sO+uY="},"indexInfo":{"baseKey":"BTGplrOFeI92NDUTxKSQba+0bohxuE7ed89hu5BBgf9T","baseKeyType":1,"closed":-1,"used":1696337752387,"created":1696337752387,"remoteIdentityKey":"BfQMNkM8H/rdC7VBb4lPLbjXouTfpCJh42g6tbuaJRI1"},"_chains":{"BT6Nf8kY89YDGxFLQprfz3GW2J0Ku3vowqSKyyXpHJdi":{"chainKey":{"counter":0,"key":"Ph7I8IciD77r3sulvwTPKzLXfrySJLbFcoeQSb8+j0c="},"chainType":1,"messageKeys":{}}},"pendingPreKey":{"signedKeyId":5,"baseKey":"BTGplrOFeI92NDUTxKSQba+0bohxuE7ed89hu5BBgf9T","preKeyId":4199595}}},"version":"v1"}