{"_sessions":{"BR1oYv5ABT/sohrTWBgr/iaQ9fgYLHWHGhxc9pk5oPQ3":{"registrationId":1794331568,"currentRatchet":{"ephemeralKeyPair":{"pubKey":"BQs7zDrPYKAkicaoo5j8LjhoKY+lfrrSqMxsmaao1bwa","privKey":"qASHMd1cRT5GdjTmT5b7q/KewhtpR2sYSnJFnXNoelc="},"lastRemoteEphemeralKey":"BeILr3oInp/u5o0eEafEQrGi1RyuPJ1tAWH2hLcSaJoc","previousCounter":0,"rootKey":"zRKntgDD9pCfzt02swEUo5xhIFcqtyUOk9TZgOo90PU="},"indexInfo":{"baseKey":"BR1oYv5ABT/sohrTWBgr/iaQ9fgYLHWHGhxc9pk5oPQ3","baseKeyType":1,"closed":-1,"used":1696337719719,"created":1696337719719,"remoteIdentityKey":"BQo3AgFjQZIKkc2XdlAsSZK3AJl6zvKyS5/eTczrFw0H"},"_chains":{"BQs7zDrPYKAkicaoo5j8LjhoKY+lfrrSqMxsmaao1bwa":{"chainKey":{"counter":0,"key":"vmKzHXqzMbQFHmWKaMroTo6GMJ+qlhHruVofNVpD73s="},"chainType":1,"messageKeys":{}}},"pendingPreKey":{"signedKeyId":9,"baseKey":"BR1oYv5ABT/sohrTWBgr/iaQ9fgYLHWHGhxc9pk5oPQ3","preKeyId":10489695}}},"version":"v1"}