{"_sessions":{"BUuxjAacHsZ0EYl4r4Oc796hZIECdHYGzkKKRxtjY+EO":{"registrationId":550716883,"currentRatchet":{"ephemeralKeyPair":{"pubKey":"BRJYBzZF24i8y5B1UTQ4IN3UyFWfjOaZR9hDtTCvEmxP","privKey":"WOakcgpiDXlxjyQ9+quYqW2/dMRt8HboUND7wTpGy0g="},"lastRemoteEphemeralKey":"BZmbNFoekN1TSYApI9vCduF6xkntChUVKhUk348fZ6AY","previousCounter":0,"rootKey":"fHeF6hBBYsVe26emGQwMjO/j1m+xFDpU2t1jMGbQz7I="},"indexInfo":{"baseKey":"BUuxjAacHsZ0EYl4r4Oc796hZIECdHYGzkKKRxtjY+EO","baseKeyType":1,"closed":-1,"used":1696337707109,"created":1696337707109,"remoteIdentityKey":"BX8LhpJBjuG2FxG4PvbILvHKzI+1oVufUdXnQoEoncJN"},"_chains":{"BRJYBzZF24i8y5B1UTQ4IN3UyFWfjOaZR9hDtTCvEmxP":{"chainKey":{"counter":2,"key":"57BML7CFYizXFTCklpWr2Ea6jVpuDxXy6IU8DfcgXgE="},"chainType":1,"messageKeys":{}}},"pendingPreKey":{"signedKeyId":14,"baseKey":"BUuxjAacHsZ0EYl4r4Oc796hZIECdHYGzkKKRxtjY+EO","preKeyId":1584225}}},"version":"v1"}