{"_sessions":{"BaHyoOLpHsB19VicKIteurQJ9CZDNl7WqaNTrAqw1NFi":{"registrationId":1486376694,"currentRatchet":{"ephemeralKeyPair":{"pubKey":"BZUaMyi1EW4XgHWiCH6KMMUbWcMNSNG/dJzLWh09fIBE","privKey":"2F0QFtytUGz1O13oykXUbPvyPS2+lhBDRMPy+kOqUWQ="},"lastRemoteEphemeralKey":"BS1ctknnwxh+84RjILGQ06GI5fppPsnKjew582tbCi8R","previousCounter":0,"rootKey":"PMOHJ9Eoqy3hekPP9KR/1EtV0OP1SoPU42iMsLQM42M="},"indexInfo":{"baseKey":"BaHyoOLpHsB19VicKIteurQJ9CZDNl7WqaNTrAqw1NFi","baseKeyType":1,"closed":-1,"used":1696337705704,"created":1696337705704,"remoteIdentityKey":"BYDIbabfHgLEMh1zRVINMaY0uGioM624OTsLI8JgOTQZ"},"_chains":{"BZUaMyi1EW4XgHWiCH6KMMUbWcMNSNG/dJzLWh09fIBE":{"chainKey":{"counter":2,"key":"PR/+QdMAMVuvA85DkctvmuWaK7o0nkmjcujR34yr0HY="},"chainType":1,"messageKeys":{}}},"pendingPreKey":{"signedKeyId":0,"baseKey":"BaHyoOLpHsB19VicKIteurQJ9CZDNl7WqaNTrAqw1NFi","preKeyId":5944507}}},"version":"v1"}