{"_sessions":{"BfCh4ozy2b0Lb+ERAKfuxn3L+2/4bxLLHZtCe1bqEN4Y":{"registrationId":1977399403,"currentRatchet":{"ephemeralKeyPair":{"pubKey":"BUIazVYWiSdGkh7UKbvwCJxiCNpQnjxbAxNktJEovfgq","privKey":"iJhub2KnG4lL4y20qJjX6SsVH+hqRG1HoYg7NGkhfEU="},"lastRemoteEphemeralKey":"BT4NvMRPnhn4IpQEdpygu/Fk08RdaQoHFYoCQTD6fqJm","previousCounter":0,"rootKey":"TuPDTf4192rln22bqdx9/WXEa4mJdDVev2db3nHbwQ8="},"indexInfo":{"baseKey":"BfCh4ozy2b0Lb+ERAKfuxn3L+2/4bxLLHZtCe1bqEN4Y","baseKeyType":1,"closed":-1,"used":1696337719393,"created":1696337719393,"remoteIdentityKey":"BWDSWWHr0Lwmz3STQ9iOlzaWjXChFJuXzporgkXc92ZK"},"_chains":{"BUIazVYWiSdGkh7UKbvwCJxiCNpQnjxbAxNktJEovfgq":{"chainKey":{"counter":0,"key":"NecqzvyuQJfYplvPoIlki6MwxEgT3foBhnjbvsmA5UI="},"chainType":1,"messageKeys":{}}},"pendingPreKey":{"signedKeyId":1,"baseKey":"BfCh4ozy2b0Lb+ERAKfuxn3L+2/4bxLLHZtCe1bqEN4Y","preKeyId":15744584}}},"version":"v1"}