{"_sessions":{"BXx3nlOakmBs2tDR7NYQr0YF3etm6c1YiVX3P48bMt9i":{"registrationId":2086606333,"currentRatchet":{"ephemeralKeyPair":{"pubKey":"Be2lVvjmHisK+g69QQmL037COBFckzxyIgt67bpofbB+","privKey":"gNKAV9xFvIuOEzwzE4qajpcvwskfwMVJEgiiZhO9eFU="},"lastRemoteEphemeralKey":"BQKweX9r36bRvYpXTyr7g7s+3kv0ZRhSNmfRQQwELO5H","previousCounter":0,"rootKey":"NhURgkdDZDiMv46szB6kv1v5DvjZZuqtDkbYpnwlN3A="},"indexInfo":{"baseKey":"BXx3nlOakmBs2tDR7NYQr0YF3etm6c1YiVX3P48bMt9i","baseKeyType":1,"closed":-1,"used":1696337705657,"created":1696337705657,"remoteIdentityKey":"BWyJhqqeIUaQX/0A3UrwFzvX4D0UGUZmYI27nyH9NPdz"},"_chains":{"Be2lVvjmHisK+g69QQmL037COBFckzxyIgt67bpofbB+":{"chainKey":{"counter":2,"key":"vlziLZxsmrfz35MiUBqTqm+3Dahkp7v3IsX//GpyhDM="},"chainType":1,"messageKeys":{}}},"pendingPreKey":{"signedKeyId":9,"baseKey":"BXx3nlOakmBs2tDR7NYQr0YF3etm6c1YiVX3P48bMt9i","preKeyId":8946079}}},"version":"v1"}