{"_sessions":{"Bfrm394mPhx2XDGTP3H0ewZZIiF1IjDKOoQ+Obn5lPo7":{"registrationId":2349,"currentRatchet":{"ephemeralKeyPair":{"pubKey":"BUibO2dCjDndZXU+JbMkX6hrORYxwTJAEhCedDVYcBZe","privKey":"kA6yWEaujTuQHT5XV6RsJ7Szn4tb/HT0z2Fb0VvWUVI="},"lastRemoteEphemeralKey":"BZnJpc2p0TAIw9jwf205PDNexRKd+983mXOJ1A1lt/NC","previousCounter":0,"rootKey":"NC0bsejyVPf0iO4GVKt9Lodo2X7nUxCWQ4d9aX4QnsE="},"indexInfo":{"baseKey":"Bfrm394mPhx2XDGTP3H0ewZZIiF1IjDKOoQ+Obn5lPo7","baseKeyType":1,"closed":-1,"used":1696337719229,"created":1696337719229,"remoteIdentityKey":"BWXeVSQ4frWa32o9JqMAYkqtT6i0DVFQlWNr2dXkf9Yk"},"_chains":{"BUibO2dCjDndZXU+JbMkX6hrORYxwTJAEhCedDVYcBZe":{"chainKey":{"counter":0,"key":"BUXbD1tHivw4w87+aam7NrbpS8ut8McfQ/2med+mUoQ="},"chainType":1,"messageKeys":{}}},"pendingPreKey":{"signedKeyId":1,"baseKey":"Bfrm394mPhx2XDGTP3H0ewZZIiF1IjDKOoQ+Obn5lPo7","preKeyId":737}}},"version":"v1"}