{"_sessions":{"Bf4nb2pAief0ekUrF89SjWghYSYTfdPXzES8l1CVUpwy":{"registrationId":365,"currentRatchet":{"ephemeralKeyPair":{"pubKey":"BUcLaTWVnpbIU/KQcDTqh4R22EH2LciLvopgcs4HtvRw","privKey":"yI+G89XU028SjJtnnVvVEIr0vHDONsNjH9sp8wNyMks="},"lastRemoteEphemeralKey":"BaRQzGYzhtrinJ1dUR2xJhZkan1e+c9kcBxvaeAjnNMO","previousCounter":0,"rootKey":"O9ROPWRQaJGHlaGzVrO45PTc7NqSb2y8cM1clSdx+hA="},"indexInfo":{"baseKey":"Bf4nb2pAief0ekUrF89SjWghYSYTfdPXzES8l1CVUpwy","baseKeyType":1,"closed":-1,"used":1696337703697,"created":1696337703697,"remoteIdentityKey":"BQhil/Gt8Rb8Eys4UmpPhy3DtKNOcnvugcpwWRNpq+Mj"},"_chains":{"BUcLaTWVnpbIU/KQcDTqh4R22EH2LciLvopgcs4HtvRw":{"chainKey":{"counter":2,"key":"X49fBlsukElTswX9tw9xWYK4MppzbfX99Af0+iKfObk="},"chainType":1,"messageKeys":{}}},"pendingPreKey":{"signedKeyId":4,"baseKey":"Bf4nb2pAief0ekUrF89SjWghYSYTfdPXzES8l1CVUpwy","preKeyId":3793}}},"version":"v1"}