{"_sessions":{"BaiVemdw/mhCQ5jt1ZOCmwT2yDO1RDkJhhJvMtUpLDRo":{"registrationId":1907521301,"currentRatchet":{"ephemeralKeyPair":{"pubKey":"Bc6vHNhyt0cIPCoIu+xZuvitQ/avYimhuwdqGPDTVXwE","privKey":"KEu4r7ITqulZpW4IFgs1PQOdj6VCQNfsHGZXjIzmhHk="},"lastRemoteEphemeralKey":"BbQzWVDDXDH4+RVdsfvk+GiBfkgPz5B/h6RTiO1K1zxX","previousCounter":0,"rootKey":"B1uMGeGCg2C9ZGTNPT7bTmi/W95RHs3ZMChyyzRFRwM="},"indexInfo":{"baseKey":"BaiVemdw/mhCQ5jt1ZOCmwT2yDO1RDkJhhJvMtUpLDRo","baseKeyType":1,"closed":-1,"used":1696337752709,"created":1696337752709,"remoteIdentityKey":"BXYeg5oCUciTcCp1KnJQ/Kkx55pVrQJVorUwOZHM+aQP"},"_chains":{"Bc6vHNhyt0cIPCoIu+xZuvitQ/avYimhuwdqGPDTVXwE":{"chainKey":{"counter":0,"key":"2KVpD4TqimWLCpcXb5Z6RuTS423D3aAvHGs9fp6c0+Y="},"chainType":1,"messageKeys":{}}},"pendingPreKey":{"signedKeyId":29,"baseKey":"BaiVemdw/mhCQ5jt1ZOCmwT2yDO1RDkJhhJvMtUpLDRo","preKeyId":5093415}}},"version":"v1"}