{"_sessions":{"Baa/lZ5xaHDtD7hp8P0qzZVmeMrtfQDx83tOInxawolp":{"registrationId":2028463840,"currentRatchet":{"ephemeralKeyPair":{"pubKey":"Bbb0cLISoUHgrQwO3p9/XG3ajKxivY3W10mp2oXIU84s","privKey":"aHdqvuEeewpSphDAC7oG/1iepCxyalhptrANa4R42EI="},"lastRemoteEphemeralKey":"BUIpx0nYmCQkZgE3rwdS4fb12NQYJz977SvM7ese080n","previousCounter":0,"rootKey":"bXOw7Br3AMf2Mqq+8WOYbzzjG+a5paAX5NtaVrtRXNA="},"indexInfo":{"baseKey":"Baa/lZ5xaHDtD7hp8P0qzZVmeMrtfQDx83tOInxawolp","baseKeyType":1,"closed":-1,"used":1696337705434,"created":1696337705434,"remoteIdentityKey":"BWmcl74iUZk7Kee+AKP96+QTq6gSJUayNzztjtyLKhMl"},"_chains":{"Bbb0cLISoUHgrQwO3p9/XG3ajKxivY3W10mp2oXIU84s":{"chainKey":{"counter":3,"key":"M7lScszXWeYIngCX8/MtyuAl6hl9L3SrVyGhBL1CpP0="},"chainType":1,"messageKeys":{}}},"pendingPreKey":{"signedKeyId":0,"baseKey":"Baa/lZ5xaHDtD7hp8P0qzZVmeMrtfQDx83tOInxawolp","preKeyId":1614225}}},"version":"v1"}