{"_sessions":{"BQdRVCVIWXVCd1naPCNFFsP2ebxW9EpartMviN76PR9d":{"registrationId":10029,"currentRatchet":{"ephemeralKeyPair":{"pubKey":"Ba0MldMjfRvI2PHBQ732G6ZT0ScDwY/P06rBjLlSfnYX","privKey":"mCEOFeovUOJhEq7Bxsz8kYju1eqHEDRqqauP+rp7C2w="},"lastRemoteEphemeralKey":"BSxm0djUJpqfVUQ0X7DQ5t5xe3ijv99utogt2CqyzMUp","previousCounter":0,"rootKey":"c8A4t9Jj6K7GjBgJFlZdEivVIHuV0EkqWKF920VXdq8="},"indexInfo":{"baseKey":"BQdRVCVIWXVCd1naPCNFFsP2ebxW9EpartMviN76PR9d","baseKeyType":1,"closed":-1,"used":1696337703282,"created":1696337703282,"remoteIdentityKey":"BWGRnIGowmdcX23cVn36WSB9F2eetJW+cAD7FRyy8nZq"},"_chains":{"Ba0MldMjfRvI2PHBQ732G6ZT0ScDwY/P06rBjLlSfnYX":{"chainKey":{"counter":3,"key":"NOwHhqh9DWUKF1pzdCHG2lAHXrKL1A2oFeDSd7lKGso="},"chainType":1,"messageKeys":{}}},"pendingPreKey":{"signedKeyId":1,"baseKey":"BQdRVCVIWXVCd1naPCNFFsP2ebxW9EpartMviN76PR9d"}}},"version":"v1"}