{"_sessions":{"BSfHM3+yKoSBNj6YwB6cJGDaLvRMT8bigErdmEutE1ko":{"registrationId":528794344,"currentRatchet":{"ephemeralKeyPair":{"pubKey":"BaeZASLWM4TdIzmLT8SjS/iu6LrVcqDlIJn2NYrZxWYS","privKey":"2NU3hk6zjql4mkWdhZILKqQLoo/SYqgqumJGeUt8gm0="},"lastRemoteEphemeralKey":"BVgfGHCnVsXR5eyw0wqDcL75tgiTw2PGvfJgeuohFyxX","previousCounter":0,"rootKey":"DMAyEWOO6bCbmTDtawnFjveKkrWur0sotpBbYPSSg64="},"indexInfo":{"baseKey":"BSfHM3+yKoSBNj6YwB6cJGDaLvRMT8bigErdmEutE1ko","baseKeyType":1,"closed":-1,"used":1696337705742,"created":1696337705742,"remoteIdentityKey":"BX0e17TIdYpPcp6BNY93X8C/4WgQilXmkPdT+1ZmiA9I"},"_chains":{"BaeZASLWM4TdIzmLT8SjS/iu6LrVcqDlIJn2NYrZxWYS":{"chainKey":{"counter":2,"key":"/t2nB8AolV4amUAJrp5wa3Zbt7AUGWsh8fMCJlGZL5w="},"chainType":1,"messageKeys":{}}},"pendingPreKey":{"signedKeyId":12,"baseKey":"BSfHM3+yKoSBNj6YwB6cJGDaLvRMT8bigErdmEutE1ko","preKeyId":1459329}}},"version":"v1"}