{"_sessions":{"BfDnTylzb+JNhkYX6phe8vITvU+nkm3oPKFYX/8JWJl2":{"registrationId":1365424842,"currentRatchet":{"ephemeralKeyPair":{"pubKey":"Bftnn+l2lx6zdQ/85YX5QOQuQkasBGajl2wWKd3E4g8/","privKey":"EMeoegTX3UP2BKvJb7jG/Si0ZC83E0P2zl+LhLjOUEU="},"lastRemoteEphemeralKey":"BZFKFAfoy38neNd7jjjhK5+4kGmMzaC7+gPepDieVCZp","previousCounter":0,"rootKey":"LyeETLUBn+qeiXLxHgt1KPHMJH0BJj/0xjuov5TMtmg="},"indexInfo":{"baseKey":"BfDnTylzb+JNhkYX6phe8vITvU+nkm3oPKFYX/8JWJl2","baseKeyType":1,"closed":-1,"used":1696337704128,"created":1696337704128,"remoteIdentityKey":"BRLv5gBvY5vtYXmZ4z976Aidml1iWeBRN7QNXAP65+lz"},"_chains":{"Bftnn+l2lx6zdQ/85YX5QOQuQkasBGajl2wWKd3E4g8/":{"chainKey":{"counter":2,"key":"6BFE59pRjCAO7U+9Q5rdCqRcEGU8hXWYp5ksWrqzYyE="},"chainType":1,"messageKeys":{}}},"pendingPreKey":{"signedKeyId":9,"baseKey":"BfDnTylzb+JNhkYX6phe8vITvU+nkm3oPKFYX/8JWJl2","preKeyId":276887}}},"version":"v1"}