{"_sessions":{"BfmH9ulVjqPL1N8+5035+xbRfDwqURB4LRHinwkL6Qg6":{"registrationId":68181608,"currentRatchet":{"ephemeralKeyPair":{"pubKey":"BYeVTnM6+SnhbKRPKhdp/ZwjL94FWHOMl/crGAVPhxld","privKey":"wLWfsFu0CAvhnj+/p3mG+g6ZDqU0BvOXDRyzUNSj82Q="},"lastRemoteEphemeralKey":"Bf6ec1xamygAWkcr4rBAJaNke9ZpKCMtvxEyGkm4ugNV","previousCounter":0,"rootKey":"F8yeX1zdAc1azP+CdbmvsDTF54/4rTEZtMgK/FOTApw="},"indexInfo":{"baseKey":"BfmH9ulVjqPL1N8+5035+xbRfDwqURB4LRHinwkL6Qg6","baseKeyType":1,"closed":-1,"used":1696337704220,"created":1696337704220,"remoteIdentityKey":"BU6uPezFNvn0m2W+xYeVHOGxkUAZLYzCmhtvYoTCdHQn"},"_chains":{"BYeVTnM6+SnhbKRPKhdp/ZwjL94FWHOMl/crGAVPhxld":{"chainKey":{"counter":2,"key":"UmLzyEhZUqCFfsPSvJVIvFMaGDV+m8YNqqqPubQ5WdI="},"chainType":1,"messageKeys":{}}},"pendingPreKey":{"signedKeyId":3,"baseKey":"BfmH9ulVjqPL1N8+5035+xbRfDwqURB4LRHinwkL6Qg6","preKeyId":14411571}}},"version":"v1"}