{"_sessions":{"BR5sFzy4wGPyr87Xknd5LThZOL/VwPlbZzcFBp3bhyNY":{"registrationId":1993912515,"currentRatchet":{"ephemeralKeyPair":{"pubKey":"BYYWlRbYlFwvcAyBlF7GOxzhfy0TM8gHAmUu9vFnhoF3","privKey":"ABXt4/J8yjb0l7ZhoFFvUiYEEHYtZrnve0ckANM16Wo="},"lastRemoteEphemeralKey":"Bak4B5cBBl7p10/zOFdveVMfFx+7oR30udplHfIDvntl","previousCounter":0,"rootKey":"sMHdmt0sK9fEj1zA6gaKyhb4ALRPGYXXgTjDn4J46xU="},"indexInfo":{"baseKey":"BR5sFzy4wGPyr87Xknd5LThZOL/VwPlbZzcFBp3bhyNY","baseKeyType":1,"closed":-1,"used":1696337752850,"created":1696337752850,"remoteIdentityKey":"Bb8kx3I+xVKBaBFbmyTrrZHklxKZkCWVVmg4Mi5OHw8B"},"_chains":{"BYYWlRbYlFwvcAyBlF7GOxzhfy0TM8gHAmUu9vFnhoF3":{"chainKey":{"counter":0,"key":"rbJsVRX9NHwcumnDHUzaweyuqrPNJekWUaVVhjn4b7g="},"chainType":1,"messageKeys":{}}},"pendingPreKey":{"signedKeyId":3,"baseKey":"BR5sFzy4wGPyr87Xknd5LThZOL/VwPlbZzcFBp3bhyNY","preKeyId":1626120}}},"version":"v1"}