{"_sessions":{"BcnOWFrRgebgbp/am3J2Z1gVMr3cyrhcqiYTbuq5emNB":{"registrationId":1976999409,"currentRatchet":{"ephemeralKeyPair":{"pubKey":"BbsMWfMi2+ZIIkWdWouLlQN4TXcPWuyduR2Hk35i8CNk","privKey":"gJZF26DDnBojHi8+rDTJyNS+KkF+C0w0oaPqrYytOHQ="},"lastRemoteEphemeralKey":"BTdQqV2EzJEUznLT7Vc3GzsiulS9UMJ4pmPk1y6H/cAX","previousCounter":0,"rootKey":"pYPVG0mt07zHTki40sjY9MxI0Gb1Deibkc4ff6OGC2Q="},"indexInfo":{"baseKey":"BcnOWFrRgebgbp/am3J2Z1gVMr3cyrhcqiYTbuq5emNB","baseKeyType":1,"closed":-1,"used":1696337706815,"created":1696337706815,"remoteIdentityKey":"BT0h63pggTrRHqg6N/4QT8CgS4co46np/DtRDeeBUv96"},"_chains":{"BbsMWfMi2+ZIIkWdWouLlQN4TXcPWuyduR2Hk35i8CNk":{"chainKey":{"counter":2,"key":"MzRJZRAhHRwtasVrxEhfhZi6+zsSJkJGnYJBKn8F6Hw="},"chainType":1,"messageKeys":{}}},"pendingPreKey":{"signedKeyId":1,"baseKey":"BcnOWFrRgebgbp/am3J2Z1gVMr3cyrhcqiYTbuq5emNB","preKeyId":2098477}}},"version":"v1"}