{"_sessions":{"Bc+7n1AjqSXMiWPWHNHeCCwHkpCWqbQXkhBJ4CyvfjZ2":{"registrationId":663583287,"currentRatchet":{"ephemeralKeyPair":{"pubKey":"BQchMFAiQVlmXA78Z42A0Z4LL0Ys3dVOmeuGv9GEzK8D","privKey":"SKAstB0qmHukFPFNraRRy02OzeI63zFyFaXX705Be0o="},"lastRemoteEphemeralKey":"BcPmUvhcqvUrwTDX49PXGT6Jdc7IGzeaeD9p4B0q2xQY","previousCounter":0,"rootKey":"NIglzg/5McaiO6b7CIWdAl1UajrnMiJbdAGv2S8dGBU="},"indexInfo":{"baseKey":"Bc+7n1AjqSXMiWPWHNHeCCwHkpCWqbQXkhBJ4CyvfjZ2","baseKeyType":1,"closed":-1,"used":1696337705167,"created":1696337705167,"remoteIdentityKey":"BeC/PaYlg5n0H2p8g7oyHKKPlDUlPisVYoj8KmTltzsM"},"_chains":{"BQchMFAiQVlmXA78Z42A0Z4LL0Ys3dVOmeuGv9GEzK8D":{"chainKey":{"counter":2,"key":"gvKa1TKmJl/rBS2SNAada9EsxzCkwKTN4E0w6uhw2tk="},"chainType":1,"messageKeys":{}}},"pendingPreKey":{"signedKeyId":17,"baseKey":"Bc+7n1AjqSXMiWPWHNHeCCwHkpCWqbQXkhBJ4CyvfjZ2","preKeyId":2166878}}},"version":"v1"}