{"_sessions":{"BcRRQzRSapcCaZFXN9SJJ03isKx8plEWpsT4CCY54FAx":{"registrationId":3673,"currentRatchet":{"ephemeralKeyPair":{"pubKey":"BTRckM48CU2b9VSTvoZLK7/48N3jPCH8vAiNjoQfYPE2","privKey":"mFKwpuKkTGMQBGOrNmSaIRN18yH5kydGVFinPMsKuVM="},"lastRemoteEphemeralKey":"BSRa+iGAb8qlJACSmeNnb/xECytYuBLElvGP7agdvhYy","previousCounter":0,"rootKey":"5CaAGC6oiJIHOiO5VlML7VVE1D3M9lb3sNa7hiMHq+Q="},"indexInfo":{"baseKey":"BcRRQzRSapcCaZFXN9SJJ03isKx8plEWpsT4CCY54FAx","baseKeyType":1,"closed":-1,"used":1696337703492,"created":1696337703492,"remoteIdentityKey":"BaDtuNnaagXHX0ddSK/galrCmY+5t6/XnWZWTYMRsVNz"},"_chains":{"BTRckM48CU2b9VSTvoZLK7/48N3jPCH8vAiNjoQfYPE2":{"chainKey":{"counter":2,"key":"/GKudzAUYv5Xmv6DL4iZa90As3AM132xelyfj8QMIWY="},"chainType":1,"messageKeys":{}}},"pendingPreKey":{"signedKeyId":1,"baseKey":"BcRRQzRSapcCaZFXN9SJJ03isKx8plEWpsT4CCY54FAx"}}},"version":"v1"}