{"_sessions":{"BZ8h+26xqJTuiQSP7gURmRPQAV6vZQxTD8c0sXD7TaQg":{"registrationId":64681027,"currentRatchet":{"ephemeralKeyPair":{"pubKey":"BfU1wsPwgxmzomeOWig6sMNosk5U3OGiOoZlEjXCbpUR","privKey":"EPA8pRoJcxLWUytcX32uKn9zsQR0/v5rLJnORGM+iUA="},"lastRemoteEphemeralKey":"BexdRtII31n5cBW/4oxR1oplCfZjq88z0C1IUuFqkHIh","previousCounter":0,"rootKey":"pNKQ4ZMcPt1iTcRQuc8UDLN9LwI1DjeQCaHrlHISh1A="},"indexInfo":{"baseKey":"BZ8h+26xqJTuiQSP7gURmRPQAV6vZQxTD8c0sXD7TaQg","baseKeyType":1,"closed":-1,"used":1696337705257,"created":1696337705257,"remoteIdentityKey":"BT59vagag6Rh8kbcmT20MqhceVCNdNv09vncUpDlu4FY"},"_chains":{"BfU1wsPwgxmzomeOWig6sMNosk5U3OGiOoZlEjXCbpUR":{"chainKey":{"counter":2,"key":"Bs8601XNe4oHarxLZ8hgSCj0ARROuIGzEHy60Nst0HM="},"chainType":1,"messageKeys":{}}},"pendingPreKey":{"signedKeyId":4,"baseKey":"BZ8h+26xqJTuiQSP7gURmRPQAV6vZQxTD8c0sXD7TaQg","preKeyId":8883894}}},"version":"v1"}