{"_sessions":{"BQc6aPdro11VCXIifmKL/pxShrp1RJyrf9ciqlM6E2Ug":{"registrationId":485118876,"currentRatchet":{"ephemeralKeyPair":{"pubKey":"Beh5zQjylPSjDeNav+AiRxfiXzAVxu7t5cqacbgRxBQ+","privKey":"iG7z/BSqvgUsIdm81gZQWbNGn2oMu+2suCH4+yUWr0E="},"lastRemoteEphemeralKey":"BbbXRc4YXxoDbHFLGQfRMzEuAFP3gnJNzEVTsTfJV7ZO","previousCounter":0,"rootKey":"MrGzdz1fge9AeXkAsLeyRV7du72NqfhQAuzp6f30+6s="},"indexInfo":{"baseKey":"BQc6aPdro11VCXIifmKL/pxShrp1RJyrf9ciqlM6E2Ug","baseKeyType":1,"closed":-1,"used":1696337752139,"created":1696337752139,"remoteIdentityKey":"BXNB3tGkF/zCaAxFjdFq5V2Rlb/IzoqzczsC5+i2M0N4"},"_chains":{"Beh5zQjylPSjDeNav+AiRxfiXzAVxu7t5cqacbgRxBQ+":{"chainKey":{"counter":0,"key":"p0eBVasjQNTs99Rb+fx9kDPFItg/7+2eMO5xMxQpy+A="},"chainType":1,"messageKeys":{}}},"pendingPreKey":{"signedKeyId":18,"baseKey":"BQc6aPdro11VCXIifmKL/pxShrp1RJyrf9ciqlM6E2Ug","preKeyId":11459517}}},"version":"v1"}