{"_sessions":{"BRCnYle11dNgSrR5XNgp8jhpydJUfu9aQclj9qu2JDt1":{"registrationId":1019490225,"currentRatchet":{"ephemeralKeyPair":{"pubKey":"Bfq3IOMeIHHqBIBulByDIAuFPxCGZlnAk3Dbwq3vDSkr","privKey":"kGKneY99hBtmDqShneC5Tb6f/O+BhMTI3lVDFCZuLkE="},"lastRemoteEphemeralKey":"BXtZOVJ54kwRAATFLju/SVlliAp6Zt1/yoF3NKRRabdU","previousCounter":0,"rootKey":"6oH6loAKLSdeUMCr9spgRxWlPDobvhsWoQ0T/DHs75o="},"indexInfo":{"baseKey":"BRCnYle11dNgSrR5XNgp8jhpydJUfu9aQclj9qu2JDt1","baseKeyType":1,"closed":-1,"used":1696337706485,"created":1696337706485,"remoteIdentityKey":"BWNcPk4fR1cubJdFqS3KG0ntMh3yPG4QM5XpIuk+lYMd"},"_chains":{"Bfq3IOMeIHHqBIBulByDIAuFPxCGZlnAk3Dbwq3vDSkr":{"chainKey":{"counter":2,"key":"LVDbj4VjClR3IOR+hTYCpU7lLNlv19qxBRjVvwv04Jo="},"chainType":1,"messageKeys":{}}},"pendingPreKey":{"signedKeyId":7,"baseKey":"BRCnYle11dNgSrR5XNgp8jhpydJUfu9aQclj9qu2JDt1","preKeyId":267990}}},"version":"v1"}