{"_sessions":{"BVOntrJSgGX9oY3Ew6jVcgF9wss7kKxFShw8T1wb0Tpu":{"registrationId":1343149042,"currentRatchet":{"ephemeralKeyPair":{"pubKey":"BcDlvV+sqEFVWXjoZz6x/QKbh2TBM/QJdrRBUWZSv/V7","privKey":"CPGCsVyt5od1O32q4DNEjXnfggiURtEEtoThmh96OUI="},"lastRemoteEphemeralKey":"BbLRSFtb8mkxwQ5osWtrSNvAv0o3kiN4wwaTyAG4ng5u","previousCounter":0,"rootKey":"QzBDO0fBnAx4XjYr/IyI10HV5ASBQMxyRKMtARZ+f6E="},"indexInfo":{"baseKey":"BVOntrJSgGX9oY3Ew6jVcgF9wss7kKxFShw8T1wb0Tpu","baseKeyType":1,"closed":-1,"used":1696337705486,"created":1696337705486,"remoteIdentityKey":"BX6bt69pSbygdloUFzP2WWV98Qc/93qKa+SxGxnnEvMs"},"_chains":{"BcDlvV+sqEFVWXjoZz6x/QKbh2TBM/QJdrRBUWZSv/V7":{"chainKey":{"counter":2,"key":"5HHI8JK9DkZQqHyYdSk5XoGCNpKErQ9Am6mmbbNCQLw="},"chainType":1,"messageKeys":{}}},"pendingPreKey":{"signedKeyId":2,"baseKey":"BVOntrJSgGX9oY3Ew6jVcgF9wss7kKxFShw8T1wb0Tpu","preKeyId":15633789}}},"version":"v1"}