{"_sessions":{"Be1dbWzw564DWl2Hzh4amtwt6ZwqsV9Xvh3LNe4LMORH":{"registrationId":367551926,"currentRatchet":{"ephemeralKeyPair":{"pubKey":"BcBC3WCMJm87gWH7ohUXgMP2Wk/14MCGzxINiFZGY+5H","privKey":"MHG4hSErPIdPXRNSQQgW+7uXXsHBcqTzBrDmIpeklEY="},"lastRemoteEphemeralKey":"BWs2TD1FglIVu65XT7hathi42wZXsJCvdUwu462N9ncP","previousCounter":0,"rootKey":"gu6IUDf6FH8g+qmdfEvpAtwx3dIgnFWbff3EDsACOVE="},"indexInfo":{"baseKey":"Be1dbWzw564DWl2Hzh4amtwt6ZwqsV9Xvh3LNe4LMORH","baseKeyType":1,"closed":-1,"used":1696337731893,"created":1696337731893,"remoteIdentityKey":"BYHmFmBMLdSmUkYMClB6HiTC1mUaHpji8PYT1xJhMx1o"},"_chains":{"BcBC3WCMJm87gWH7ohUXgMP2Wk/14MCGzxINiFZGY+5H":{"chainKey":{"counter":0,"key":"nJWsnUBRLrHGGQWG+EI5YQQ/2iXy9wA0+JcD6QHjeXg="},"chainType":1,"messageKeys":{}}},"pendingPreKey":{"signedKeyId":13,"baseKey":"Be1dbWzw564DWl2Hzh4amtwt6ZwqsV9Xvh3LNe4LMORH"}}},"version":"v1"}