{"_sessions":{"BUDYADXsZG68unP/HkwQA1mjw3HKJ9q+e9y9t3Ts98Fz":{"registrationId":394187509,"currentRatchet":{"ephemeralKeyPair":{"pubKey":"BeKS4u3YDXJwUjuS0IAqUlTWF6RDb82By5U42VIpQqoM","privKey":"qG61dJfTKS9wcsqS6t2Q7m4KHHy+3lpd8zRSx8xgjk0="},"lastRemoteEphemeralKey":"BeCozMUsbv0E6BoR7PRFvRD6/unTcx3GD/zWe2YeO7Mn","previousCounter":0,"rootKey":"rlHSmXWs4//BlorkQuieF09iVn9mkoJKqVDiuq0b8BI="},"indexInfo":{"baseKey":"BUDYADXsZG68unP/HkwQA1mjw3HKJ9q+e9y9t3Ts98Fz","baseKeyType":1,"closed":-1,"used":1696337751896,"created":1696337751896,"remoteIdentityKey":"BbV1qIBeA4JvpHvWFI7eFQfxJP5KwI59wh1YwIoR5idF"},"_chains":{"BeKS4u3YDXJwUjuS0IAqUlTWF6RDb82By5U42VIpQqoM":{"chainKey":{"counter":0,"key":"wXlA16jpeMAwdC4s5uLjfmeXsjqRFi4Mdv4f8KKSnAE="},"chainType":1,"messageKeys":{}}},"pendingPreKey":{"signedKeyId":1,"baseKey":"BUDYADXsZG68unP/HkwQA1mjw3HKJ9q+e9y9t3Ts98Fz","preKeyId":16701489}}},"version":"v1"}