{"_sessions":{"BbLper5hmonS3XihJDVUbkRjzReaUnbekB8EtI3d1KJw":{"registrationId":1163846201,"currentRatchet":{"ephemeralKeyPair":{"pubKey":"BdSDdJ1If0Sk/MJ/1fyCKTi/c8F6zg2Ioa/DP9ReeXJV","privKey":"YMu3Kgkycod4OeQf90ear0Sb3V7K3Hw3zAJ23AH6x0M="},"lastRemoteEphemeralKey":"BbkJ8KuJi7VowLmQOLU/OncopggOhiBkgtoEufeESfQ6","previousCounter":0,"rootKey":"s2CkGxot/Icag/MxhXwG0815udlVPmP/RVDceMRUDrU="},"indexInfo":{"baseKey":"BbLper5hmonS3XihJDVUbkRjzReaUnbekB8EtI3d1KJw","baseKeyType":1,"closed":-1,"used":1696337704615,"created":1696337704615,"remoteIdentityKey":"BZso+zkeu9IgD0csmxC7pBVE1xt4sj9En9uOe+9aABVW"},"_chains":{"BdSDdJ1If0Sk/MJ/1fyCKTi/c8F6zg2Ioa/DP9ReeXJV":{"chainKey":{"counter":2,"key":"s5NwVf1DyVcm0Bo4aPJmqGWfXGtbd5L7da+1fYowvFE="},"chainType":1,"messageKeys":{}}},"pendingPreKey":{"signedKeyId":5,"baseKey":"BbLper5hmonS3XihJDVUbkRjzReaUnbekB8EtI3d1KJw","preKeyId":6103732}}},"version":"v1"}