{"_sessions":{"BTlHNE+IeQ3WfKRdPzePKNlTMdCIJ4q0u+nAwbqA8MVT":{"registrationId":12350562,"currentRatchet":{"ephemeralKeyPair":{"pubKey":"BbwJr9f09ImsNIXSolThBgL/DeiUAJl1lBbujT+SwhhL","privKey":"oMgugmflyKeQDkvpGIsZy1mjruOu9ZDKN+RN1XcYjVE="},"lastRemoteEphemeralKey":"BYEjiuboYi9JXw28jVCKIVObvKgsu8kVioX6gnYx9g4Z","previousCounter":0,"rootKey":"ygniTqIq8bcgeBHPR9p/8F3+KQb4gC9PZCYGTObk4QM="},"indexInfo":{"baseKey":"BTlHNE+IeQ3WfKRdPzePKNlTMdCIJ4q0u+nAwbqA8MVT","baseKeyType":1,"closed":-1,"used":1696337706510,"created":1696337706510,"remoteIdentityKey":"BaiU6NOKOwfca3eLpe5YNCNjq37TZfdPhGUdBsr9rlgu"},"_chains":{"BbwJr9f09ImsNIXSolThBgL/DeiUAJl1lBbujT+SwhhL":{"chainKey":{"counter":2,"key":"h391zpD5eHbSDxUiwj5E9SElg8lhcQVSdKBFPEmq0cs="},"chainType":1,"messageKeys":{}}},"pendingPreKey":{"signedKeyId":6,"baseKey":"BTlHNE+IeQ3WfKRdPzePKNlTMdCIJ4q0u+nAwbqA8MVT","preKeyId":1142257}}},"version":"v1"}