{"_sessions":{"BaRKFjL4XvfR5TuLws4OBzqJ4hSjF5jGmOTvCk9ODd8t":{"registrationId":1554902142,"currentRatchet":{"ephemeralKeyPair":{"pubKey":"BfpmLkxz+5BQo4PxnoKgUJA0DPizWQW/HZc8zNYtdvZ5","privKey":"2EZawhv7LG3sMVtAERH87ekfrNzdii0iKH/kcrXlAHE="},"lastRemoteEphemeralKey":"BY3YOGXOTxhcOAnxDaVYbtPNJELp1P72ePNgKtLZOnEo","previousCounter":0,"rootKey":"2NKrxjFextVyQDdwh+UNc1EvzQpdlC4KZfMB0Z0oUVI="},"indexInfo":{"baseKey":"BaRKFjL4XvfR5TuLws4OBzqJ4hSjF5jGmOTvCk9ODd8t","baseKeyType":1,"closed":-1,"used":1696337752855,"created":1696337752855,"remoteIdentityKey":"BQz8AO8SkQRVb1QxWHe0q37hlO/TgdwM17IXql8Z1k0P"},"_chains":{"BfpmLkxz+5BQo4PxnoKgUJA0DPizWQW/HZc8zNYtdvZ5":{"chainKey":{"counter":0,"key":"rK+KiLy9X8QsjOFlXDhJyj8INneCxDg0e1bSuiAamU4="},"chainType":1,"messageKeys":{}}},"pendingPreKey":{"signedKeyId":1,"baseKey":"BaRKFjL4XvfR5TuLws4OBzqJ4hSjF5jGmOTvCk9ODd8t","preKeyId":2163668}}},"version":"v1"}