{"_sessions":{"BY4v/FzS2VKqCB3p5y2+J2+VPJlrNRApsGtsUJJcpL0x":{"registrationId":442357059,"currentRatchet":{"ephemeralKeyPair":{"pubKey":"BZrnHpe2aMU0/yDPwtsK7m9QS9mbyJSUYhnjI6u+UN4X","privKey":"MP/wvUnMgUlJGHu82VsdyeSScdQORju9DFpiWravT00="},"lastRemoteEphemeralKey":"BfblH99rB3ArOEb4JFZn/QLAImcsBbxFsvl7gXxmKctx","previousCounter":0,"rootKey":"PC9/Ht4xV1cJ6EW4x17nwWpSkOBoCBk8BvGNq5y+Vno="},"indexInfo":{"baseKey":"BY4v/FzS2VKqCB3p5y2+J2+VPJlrNRApsGtsUJJcpL0x","baseKeyType":1,"closed":-1,"used":1696337705369,"created":1696337705369,"remoteIdentityKey":"Ba+zODGcx/CmfDx/awK9vlqrZjeV8TniUCf+oc8B7C85"},"_chains":{"BZrnHpe2aMU0/yDPwtsK7m9QS9mbyJSUYhnjI6u+UN4X":{"chainKey":{"counter":2,"key":"a6JLxXNg3KT2KgMrP0+vFYaKz7W10D8nh/t+/aCajzM="},"chainType":1,"messageKeys":{}}},"pendingPreKey":{"signedKeyId":7,"baseKey":"BY4v/FzS2VKqCB3p5y2+J2+VPJlrNRApsGtsUJJcpL0x","preKeyId":6168342}}},"version":"v1"}