{"_sessions":{"BQlKBr2MW4zY50jDvGRUwgC+nzbksIn/2zALStIoSlUU":{"registrationId":314551909,"currentRatchet":{"ephemeralKeyPair":{"pubKey":"BfuE6BtlCuGhE4+ya/0onSwBgyZY6HeNBPlM01jVbABw","privKey":"kLKTb2YXhUGh0BtWhWsevxqSHNVob07Krci6a6SBr3Y="},"lastRemoteEphemeralKey":"BXw9YowJV2aoJm970pMtqtEvYMOQvQxKdo/S9wcvZL1t","previousCounter":0,"rootKey":"zGnqJEaQ2yu9X6Re5DnJxCJ2xXY7RYW5VhlLHKa4TvE="},"indexInfo":{"baseKey":"BQlKBr2MW4zY50jDvGRUwgC+nzbksIn/2zALStIoSlUU","baseKeyType":1,"closed":-1,"used":1696337704923,"created":1696337704923,"remoteIdentityKey":"BcOSYpTBDA0+fD4eSwNdUv+zAVMSTDwIJBBhiU+kGgE1"},"_chains":{"BfuE6BtlCuGhE4+ya/0onSwBgyZY6HeNBPlM01jVbABw":{"chainKey":{"counter":2,"key":"hJC10dteQIdmrf0yOHFQZsSnyZNO9+E7CQl2QKDl+BE="},"chainType":1,"messageKeys":{}}},"pendingPreKey":{"signedKeyId":2,"baseKey":"BQlKBr2MW4zY50jDvGRUwgC+nzbksIn/2zALStIoSlUU","preKeyId":6950515}}},"version":"v1"}