{"_sessions":{"BXbPpewJ0BgkcpT1BjKj4s9kyGtkMpSL1GHynUnuyG1j":{"registrationId":600653852,"currentRatchet":{"ephemeralKeyPair":{"pubKey":"BbmPjszvrBozTnVvcguDbqbdRu0i66L1HpQvY18ZHK4f","privKey":"ICokD7PbgPHH93ufgjQ+bmhaMhRAuhy83GT0+Bsro1Y="},"lastRemoteEphemeralKey":"BS7juFfRfKuWehE9LnyDwsMrWEh4wAlo2d8TTunJm3Jk","previousCounter":0,"rootKey":"8DJDgHAAF9BpniJmH2/fH/Q6BcCMqHrX6tSYw4AJBKw="},"indexInfo":{"baseKey":"BXbPpewJ0BgkcpT1BjKj4s9kyGtkMpSL1GHynUnuyG1j","baseKeyType":1,"closed":-1,"used":1696337705709,"created":1696337705709,"remoteIdentityKey":"Bc0ENtYehvZgreo3r9/nJQ+OLxfja2wKQniNcimf841O"},"_chains":{"BbmPjszvrBozTnVvcguDbqbdRu0i66L1HpQvY18ZHK4f":{"chainKey":{"counter":2,"key":"KemNXe8r0KgaWIVq//WTCF1mDAmw/2MBJ1CVlxPUodw="},"chainType":1,"messageKeys":{}}},"pendingPreKey":{"signedKeyId":1,"baseKey":"BXbPpewJ0BgkcpT1BjKj4s9kyGtkMpSL1GHynUnuyG1j","preKeyId":8502992}}},"version":"v1"}