{"_sessions":{"BVwOjjrOkb3NiHSgKFmy2qafj7wzHC8gu/PnwtGTtJlq":{"registrationId":1300349764,"currentRatchet":{"ephemeralKeyPair":{"pubKey":"Bd/u016RgJggDUjjdlZnXfCMRyr0J85OyWiugDsH4vtp","privKey":"OPZlfGF9hjIP4WrDyAqiors6dd4NvHSBkpQnx+HZMWI="},"lastRemoteEphemeralKey":"BeLi05RzX1j8iPYpP6dn0zMmuIpyB1MtqcAF+zXjM9J7","previousCounter":0,"rootKey":"dQSyTHReAh35Fn+2RiR+LbjiOWXoUhpTjHcsexQp9rk="},"indexInfo":{"baseKey":"BVwOjjrOkb3NiHSgKFmy2qafj7wzHC8gu/PnwtGTtJlq","baseKeyType":1,"closed":-1,"used":1696337705593,"created":1696337705593,"remoteIdentityKey":"BdTSOD/CfHuxgiOuSgqdoxHWWCwAvp3tfBgXkJJaX+gA"},"_chains":{"Bd/u016RgJggDUjjdlZnXfCMRyr0J85OyWiugDsH4vtp":{"chainKey":{"counter":2,"key":"kbjgqP7+jOMTfCrStBL0leLdVpe1AzwkOl0qKA0qWfY="},"chainType":1,"messageKeys":{}}},"pendingPreKey":{"signedKeyId":0,"baseKey":"BVwOjjrOkb3NiHSgKFmy2qafj7wzHC8gu/PnwtGTtJlq","preKeyId":11847899}}},"version":"v1"}