{"_sessions":{"BcbLWTIfgCHlFaFVdsm4rbuUGUjegdTAEv+SMHfd5mc2":{"registrationId":1419151105,"currentRatchet":{"ephemeralKeyPair":{"pubKey":"BUVymdDgQq9gvmgoGbCy6nt8kfL1y08C5KvkvXzqsm82","privKey":"wLFwRJXiQQp/ekDWo9vgpDiUkNSpL61e4VdC0y4S+ko="},"lastRemoteEphemeralKey":"BU4lt9WY0xiM7qpTGg1KDdOF4mglGTE0MgzYm4QdKghh","previousCounter":0,"rootKey":"KeU9wkdaddZ8TjwFX0pypzA7zSnxnaokhhi1OeYYj+0="},"indexInfo":{"baseKey":"BcbLWTIfgCHlFaFVdsm4rbuUGUjegdTAEv+SMHfd5mc2","baseKeyType":1,"closed":-1,"used":1696337731480,"created":1696337731480,"remoteIdentityKey":"BelSZYD4Lmif0uMBoR1V4jwC6YDSf6aROCYo3STKGP1Y"},"_chains":{"BUVymdDgQq9gvmgoGbCy6nt8kfL1y08C5KvkvXzqsm82":{"chainKey":{"counter":0,"key":"LMvRMpfLRcuIHFXLKA5u12ukRutyyqRqdyHIfllbl/c="},"chainType":1,"messageKeys":{}}},"pendingPreKey":{"signedKeyId":1,"baseKey":"BcbLWTIfgCHlFaFVdsm4rbuUGUjegdTAEv+SMHfd5mc2","preKeyId":12052028}}},"version":"v1"}