{"_sessions":{"BQyOVq0yIs4SlJs3qBNHr9OsbEI+SslFNaOOPHqg9AlZ":{"registrationId":568719159,"currentRatchet":{"ephemeralKeyPair":{"pubKey":"BRIilVetJukyLqabONb7ELicXy3yCNsNk/C7bcw4/JRg","privKey":"+GCkhJhkRT3g2WMlEgnR3XmJQ5/Anm3GKVBtAanSpnY="},"lastRemoteEphemeralKey":"BemrZlbB4s3ttjN/QqPa8tEJiFJiz5wcgyRfgFAM1j1b","previousCounter":0,"rootKey":"+FcZgvpwr/uJwbDwZcsAYALTCif84leC33EWQ5ebUaE="},"indexInfo":{"baseKey":"BQyOVq0yIs4SlJs3qBNHr9OsbEI+SslFNaOOPHqg9AlZ","baseKeyType":1,"closed":-1,"used":1696337705965,"created":1696337705965,"remoteIdentityKey":"BSaEwJndKt+1xfuXfhWM2oey56hQeRFs2ck1GFuJmoNE"},"_chains":{"BRIilVetJukyLqabONb7ELicXy3yCNsNk/C7bcw4/JRg":{"chainKey":{"counter":2,"key":"JHPLLZXG3PjQygg+6xLyUmk14yDPxFkdGflFbYibozU="},"chainType":1,"messageKeys":{}}},"pendingPreKey":{"signedKeyId":27,"baseKey":"BQyOVq0yIs4SlJs3qBNHr9OsbEI+SslFNaOOPHqg9AlZ","preKeyId":11278961}}},"version":"v1"}