{"_sessions":{"BZHk32gCMQUC3wHQZn9nuV8+jpAc6lVyWCTs5jR+C7dG":{"registrationId":1313718575,"currentRatchet":{"ephemeralKeyPair":{"pubKey":"BRwC7n1qZkUgG2tg2J1Vgq0zwDjSeyu0brUjgWBgS4AO","privKey":"SM5m2LdmOm+EgL9z8Uh48+H8hJadRSycxY0Mg+amL04="},"lastRemoteEphemeralKey":"Bdq0s6Z1PPk/JD1cfBdkC9eozSicoJuONuupUAMN8w0V","previousCounter":0,"rootKey":"8yhMFyNUMvq2+Y+Xb7aXjL4VQV9uU0Id0P36/9oQFpM="},"indexInfo":{"baseKey":"BZHk32gCMQUC3wHQZn9nuV8+jpAc6lVyWCTs5jR+C7dG","baseKeyType":1,"closed":-1,"used":1696337731889,"created":1696337731889,"remoteIdentityKey":"Bc5f+oYF9jTjO1vqK6KqBcsAUYhwa6KY6Woz6OfZe/Yl"},"_chains":{"BRwC7n1qZkUgG2tg2J1Vgq0zwDjSeyu0brUjgWBgS4AO":{"chainKey":{"counter":0,"key":"07lrefBk2E1Gb/bj7T6UzYmCKNR9OZvvdb/ZASlphZk="},"chainType":1,"messageKeys":{}}},"pendingPreKey":{"signedKeyId":9,"baseKey":"BZHk32gCMQUC3wHQZn9nuV8+jpAc6lVyWCTs5jR+C7dG","preKeyId":2449521}}},"version":"v1"}