{"_sessions":{"BcKdwTXi+9XfneQqkm2eLV1aHeKuPcUya0fheiyH+Gpz":{"registrationId":1810122123,"currentRatchet":{"ephemeralKeyPair":{"pubKey":"BQWV9ovAZaA0XdOoAU/78ZaJeGGVjspSh52DC5nE9X4O","privKey":"aC/TDv0rr3qou+XU+tx5DentTOG+q36aToOegnWCSUU="},"lastRemoteEphemeralKey":"Bb3tyZPq85sJNt5LkaZSze8wgcC7XuM2xE8XpwhzziEy","previousCounter":0,"rootKey":"TsOWg/LtrQzyro4wGmODrFe4E1MiD3gWpOHSbTjk10w="},"indexInfo":{"baseKey":"BcKdwTXi+9XfneQqkm2eLV1aHeKuPcUya0fheiyH+Gpz","baseKeyType":1,"closed":-1,"used":1696337705378,"created":1696337705378,"remoteIdentityKey":"BSlN0Daa7H3AWjpEOaZUb4qBk17V7CJ/t0wuTTnjVoZT"},"_chains":{"BQWV9ovAZaA0XdOoAU/78ZaJeGGVjspSh52DC5nE9X4O":{"chainKey":{"counter":2,"key":"73/TuqtFCUqHlYuXZmc6YA7U1/CmFEVAlkH93ZskByM="},"chainType":1,"messageKeys":{}}},"pendingPreKey":{"signedKeyId":18,"baseKey":"BcKdwTXi+9XfneQqkm2eLV1aHeKuPcUya0fheiyH+Gpz","preKeyId":5724970}}},"version":"v1"}