{"_sessions":{"BWk7uY/fXzDAa2Gztl+FaY8v6y1ECVzYgRT7Bls2JOlD":{"registrationId":1232196810,"currentRatchet":{"ephemeralKeyPair":{"pubKey":"Ba+a6y34HNz+rC4eH43LXDMYy6kSBZvUCMWOFT1Y6ysD","privKey":"0N+L4122stlxTF2Eqt+aGo+0vJ+7NGqUv0bBIA+oLWI="},"lastRemoteEphemeralKey":"BV0j5pkhA2xUhCwVM5f8HJDPwyRx1Lk583hPMn1CKFht","previousCounter":0,"rootKey":"fbHZE3gA3lxK9Rbj67LoWJOUjNAPAzBzquoH3TO4FGM="},"indexInfo":{"baseKey":"BWk7uY/fXzDAa2Gztl+FaY8v6y1ECVzYgRT7Bls2JOlD","baseKeyType":1,"closed":-1,"used":1696337719595,"created":1696337719595,"remoteIdentityKey":"BSWvngYD8yxPUv9wO1iKqqvgjF23Ic0tayBa+7PS2ldR"},"_chains":{"Ba+a6y34HNz+rC4eH43LXDMYy6kSBZvUCMWOFT1Y6ysD":{"chainKey":{"counter":0,"key":"5ZWqK6Gu6Wiez/dmfmWiY12ebjFaIsdXtd0Z27b7yAY="},"chainType":1,"messageKeys":{}}},"pendingPreKey":{"signedKeyId":1,"baseKey":"BWk7uY/fXzDAa2Gztl+FaY8v6y1ECVzYgRT7Bls2JOlD","preKeyId":12708220}}},"version":"v1"}