{"_sessions":{"BdcAYM98JXMXIqY4AcEliFpi79yXrKrSJpVe38XmRWA1":{"registrationId":1221908925,"currentRatchet":{"ephemeralKeyPair":{"pubKey":"BYI8E8OsF3YfWhLa6bgbEWwadYE7gyRDddv3UjOql4Jy","privKey":"yH6pnglOYxktGDm3oe8PUKXC9VwixQae0tLrxAsF1mo="},"lastRemoteEphemeralKey":"BcgLv1z5pVkWyCV2Ban+hnW0rMmbhdYIpkf1pLOU/d4x","previousCounter":0,"rootKey":"G8IDTx84H679XdwId6UnbmS7gCLcvwEmJGucvOqyjb4="},"indexInfo":{"baseKey":"BdcAYM98JXMXIqY4AcEliFpi79yXrKrSJpVe38XmRWA1","baseKeyType":1,"closed":-1,"used":1696337705597,"created":1696337705597,"remoteIdentityKey":"BbQeIbiU4ZHscQYF3qATAtYGH4mR4sHjlIL92MTtmr1y"},"_chains":{"BYI8E8OsF3YfWhLa6bgbEWwadYE7gyRDddv3UjOql4Jy":{"chainKey":{"counter":2,"key":"wztXJlz/YGXtV3t9qN7KPPbCyFRpCTJRwCDaQK7rIhI="},"chainType":1,"messageKeys":{}}},"pendingPreKey":{"signedKeyId":2,"baseKey":"BdcAYM98JXMXIqY4AcEliFpi79yXrKrSJpVe38XmRWA1","preKeyId":8779289}}},"version":"v1"}