{"_sessions":{"BcpwRuJio2tl1JxpJB6+qWPg3nqCs8EGPfSDjuoFfhw1":{"registrationId":738618026,"currentRatchet":{"ephemeralKeyPair":{"pubKey":"BciAQ2Sbgt2Yfc1expuMIGwz9oWUuevvnf6MfiAQQ2dq","privKey":"iOhPXZolrKwgWeMLzmfhZ2Y2EfCLkj/VThknpokuVGs="},"lastRemoteEphemeralKey":"BSkpbh2h5/AwtYBbkCc/1dGs9pbU+puHK4r5ABVkaDQE","previousCounter":0,"rootKey":"wzfJ+cfVJ0DR3Gs6zoSJpSOoSVtpRXGHdPT+/3TGJ10="},"indexInfo":{"baseKey":"BcpwRuJio2tl1JxpJB6+qWPg3nqCs8EGPfSDjuoFfhw1","baseKeyType":1,"closed":-1,"used":1696337719529,"created":1696337719529,"remoteIdentityKey":"BXxPONZlVDlB3Tn6EfP9Hf6rj6+IvCDItBzwBSWEdshR"},"_chains":{"BciAQ2Sbgt2Yfc1expuMIGwz9oWUuevvnf6MfiAQQ2dq":{"chainKey":{"counter":0,"key":"7iGeJCI61J/An+YYBG1mhqDfMWDTV5wX+bHy2+rrbsM="},"chainType":1,"messageKeys":{}}},"pendingPreKey":{"signedKeyId":40,"baseKey":"BcpwRuJio2tl1JxpJB6+qWPg3nqCs8EGPfSDjuoFfhw1","preKeyId":16009451}}},"version":"v1"}