{"_sessions":{"BfL03hr9+X7YBgg/w0NMlcwgEKOZVPVfnR5EP7wW8kI1":{"registrationId":87452834,"currentRatchet":{"ephemeralKeyPair":{"pubKey":"BT3Hvxt0VTEAFt/hf6Vp9oJoYR8rg+l2mzpruBOx5Bdj","privKey":"8Pi5tpmlHfzHVHZw6YeGZWvrs+8si9MxosRd1Gu+HFs="},"lastRemoteEphemeralKey":"BauNve3gskDuzKiB6p/YOiry8ocLp7tJvgv3wTFKwGU+","previousCounter":0,"rootKey":"HQd+78NpBSlgAPM0EtXojABYhyDha/cyJzv5K5QXQ3A="},"indexInfo":{"baseKey":"BfL03hr9+X7YBgg/w0NMlcwgEKOZVPVfnR5EP7wW8kI1","baseKeyType":1,"closed":-1,"used":1696337705570,"created":1696337705570,"remoteIdentityKey":"BRyebTIFU1gobbzUOvU5tZGI9eIcXmlm1J8UfI6hDmAR"},"_chains":{"BT3Hvxt0VTEAFt/hf6Vp9oJoYR8rg+l2mzpruBOx5Bdj":{"chainKey":{"counter":2,"key":"B74+QX5g2D03DaQ+D+vhKPwBgGd1kfCfYhk7YLuttoc="},"chainType":1,"messageKeys":{}}},"pendingPreKey":{"signedKeyId":7,"baseKey":"BfL03hr9+X7YBgg/w0NMlcwgEKOZVPVfnR5EP7wW8kI1","preKeyId":14143394}}},"version":"v1"}