{"_sessions":{"BYSMycAH/eh+vZ/nhG9m1wewhK7s3+k5kTEG730AMoMe":{"registrationId":1663258735,"currentRatchet":{"ephemeralKeyPair":{"pubKey":"BZEyZyl68EbBgGbjKywp9xwk13FFgbadQ40ybMR9HvVw","privKey":"WO/+OIwUQ+erG/cdO57QwNv+UYhWSj/9c3PambX5inU="},"lastRemoteEphemeralKey":"BVy+Y5Y6vcIRShSHuwWrL6PGH6tboem9CkGJ3lGm5GAj","previousCounter":0,"rootKey":"QrjjgM56RPuLi1I0XCxVib112IjCACwFys9g2WCwfPI="},"indexInfo":{"baseKey":"BYSMycAH/eh+vZ/nhG9m1wewhK7s3+k5kTEG730AMoMe","baseKeyType":1,"closed":-1,"used":1696337705429,"created":1696337705429,"remoteIdentityKey":"Bf1YfBv2ctuT3xHf0xmmFNU2w3qrmuxSyT4w9MDsJodf"},"_chains":{"BZEyZyl68EbBgGbjKywp9xwk13FFgbadQ40ybMR9HvVw":{"chainKey":{"counter":2,"key":"MHdJ9QIJ65oiTzPArohARYdZ+iFbNWnLloRfzc5IwuU="},"chainType":1,"messageKeys":{}}},"pendingPreKey":{"signedKeyId":6,"baseKey":"BYSMycAH/eh+vZ/nhG9m1wewhK7s3+k5kTEG730AMoMe","preKeyId":2033244}}},"version":"v1"}