{"_sessions":{"BQRvJg0iTG6eGuBj1kOjvlEjVShHKl/wrhjSOFjgLEgY":{"registrationId":335031878,"currentRatchet":{"ephemeralKeyPair":{"pubKey":"BQnkR/bYNKXSgfUrIOAbgDg9ozuWJXiV7KODZ7I+CnJQ","privKey":"WHGwTmKv7BUCFmTBtKK2mfHt8+Umgjf9PLVXyJnA+XU="},"lastRemoteEphemeralKey":"BZfH+lAIMFM8UzFA6SMzGv9ifKpKvBRt6ZEx3/WlqjxY","previousCounter":0,"rootKey":"s+TwkygFxdkQJiNSldBwWMRZZM9hoYHmKBHthtjqkxY="},"indexInfo":{"baseKey":"BQRvJg0iTG6eGuBj1kOjvlEjVShHKl/wrhjSOFjgLEgY","baseKeyType":1,"closed":-1,"used":1696337704369,"created":1696337704369,"remoteIdentityKey":"BQqjFL4VtoP7tAoxAWNcPC02i8LUsGJJ8YEuHeo537UN"},"_chains":{"BQnkR/bYNKXSgfUrIOAbgDg9ozuWJXiV7KODZ7I+CnJQ":{"chainKey":{"counter":2,"key":"QRUQBufhJgpSLQOqYFj92UaaDYWxP0ScJ0lH9TCPHq4="},"chainType":1,"messageKeys":{}}},"pendingPreKey":{"signedKeyId":2,"baseKey":"BQRvJg0iTG6eGuBj1kOjvlEjVShHKl/wrhjSOFjgLEgY","preKeyId":14388299}}},"version":"v1"}