{"_sessions":{"BZ+p+1mmro+ZIXHhHIcamjoY8A6svO9NfxCUDpqrEfF4":{"registrationId":14762,"currentRatchet":{"ephemeralKeyPair":{"pubKey":"BaBb6Dk5tj7dmLY3LS/BezYqbs6nSLDb05rJxTvvqcdO","privKey":"4AostY+2ry5XUMGIeLuFbQhYxLQU5xsW+OOs3llnTEQ="},"lastRemoteEphemeralKey":"BSKCnUMDNs8VlddlFe81hggch3E9Nk7x6oB3X4mAGUAt","previousCounter":0,"rootKey":"eWwjdKnSHUi+3pPiJ4ciAEOgxHr0+p67fJV6I2LRJmA="},"indexInfo":{"baseKey":"BZ+p+1mmro+ZIXHhHIcamjoY8A6svO9NfxCUDpqrEfF4","baseKeyType":1,"closed":-1,"used":1696337703287,"created":1696337703287,"remoteIdentityKey":"Bc6IRWYOcQgve30huESWgihAh1mbLCj4nkCWjeqOauhH"},"_chains":{"BaBb6Dk5tj7dmLY3LS/BezYqbs6nSLDb05rJxTvvqcdO":{"chainKey":{"counter":2,"key":"fZ1yB0QYLVuKePoThu9ZxFjix8RmWPzmKhpY76sgdC0="},"chainType":1,"messageKeys":{}}},"pendingPreKey":{"signedKeyId":1,"baseKey":"BZ+p+1mmro+ZIXHhHIcamjoY8A6svO9NfxCUDpqrEfF4","preKeyId":598}}},"version":"v1"}