{"_sessions":{"Bc5BmHtITv98McWApxPl5eJNdI2kSb33HglGJobLfFRj":{"registrationId":1300123107,"currentRatchet":{"ephemeralKeyPair":{"pubKey":"BSKiUHfEMB5yFUvJSnN5CAfSYsM702nKnDsFTZwhhvp4","privKey":"eAobEiss9gW0WhJruHWc0FtGRtl2idNGX3Q7iBtUsm0="},"lastRemoteEphemeralKey":"BVWQQOklpK9OAQlg/fSltFHF39JTdHp1YCAXZqbHHY90","previousCounter":0,"rootKey":"fW3GNCY8OuOE01IMzrUsSlssKSn07JgxfGRi2PpIZXE="},"indexInfo":{"baseKey":"Bc5BmHtITv98McWApxPl5eJNdI2kSb33HglGJobLfFRj","baseKeyType":1,"closed":-1,"used":1696337752121,"created":1696337752121,"remoteIdentityKey":"BQPqr7Vr2uhUjB6UKhUYjGbpOFN6GeNgbuv1wHcTUQpP"},"_chains":{"BSKiUHfEMB5yFUvJSnN5CAfSYsM702nKnDsFTZwhhvp4":{"chainKey":{"counter":0,"key":"/qcMXvma6pzmBYOqqizgPdOiHNFXmc/pkslaLXT1RW8="},"chainType":1,"messageKeys":{}}},"pendingPreKey":{"signedKeyId":13,"baseKey":"Bc5BmHtITv98McWApxPl5eJNdI2kSb33HglGJobLfFRj","preKeyId":957794}}},"version":"v1"}