{"_sessions":{"BVEnAQZiB5ITRHgVLKVwRqaHc8oH9pkatvIdgzFW4zgw":{"registrationId":98942865,"currentRatchet":{"ephemeralKeyPair":{"pubKey":"BYDFQhS5dNQ0ehsr/WKnnQSn5zMCShBP3UA6EgjtImhF","privKey":"UIPb1YDEYZhyySdr622F1IiWeCTTFoMgz/rIzMtocVg="},"lastRemoteEphemeralKey":"BVsouBPGz191rEblUaNzXoIN20+h65ZCCmGuYBPyv5hp","previousCounter":0,"rootKey":"JgLCnBmg4e/URYgR8ItG4G3ueTHa7d7p6OzrE22qTVQ="},"indexInfo":{"baseKey":"BVEnAQZiB5ITRHgVLKVwRqaHc8oH9pkatvIdgzFW4zgw","baseKeyType":1,"closed":-1,"used":1696337731824,"created":1696337731824,"remoteIdentityKey":"BcJjzoyw5xdBazejEqGyHXaq9C8zoX8QDKfh5c3Bguwc"},"_chains":{"BYDFQhS5dNQ0ehsr/WKnnQSn5zMCShBP3UA6EgjtImhF":{"chainKey":{"counter":0,"key":"kV6YslUWhm6nyuXQLJF+CshMUJepKmQZdKJfG4NyBxw="},"chainType":1,"messageKeys":{}}},"pendingPreKey":{"signedKeyId":0,"baseKey":"BVEnAQZiB5ITRHgVLKVwRqaHc8oH9pkatvIdgzFW4zgw","preKeyId":8737251}}},"version":"v1"}