{"_sessions":{"BbG78xdHcUb7ijMn2SrTr32CwecsHEHti57wOongzXMO":{"registrationId":1897693460,"currentRatchet":{"ephemeralKeyPair":{"pubKey":"BXXpJLCPa5w1mtTjdh7Dg6Gmszdrsfsi7iMF5tSz1JBe","privKey":"eMnTy/K8abPEL1fAXdS2yKoC8vC2HfjFOlkOemJfIHE="},"lastRemoteEphemeralKey":"BYiY5RMBTBJ56uBmNuq3ZDnovyBSqRQ+3E5ew7fE/9c7","previousCounter":0,"rootKey":"0Cw0l/7XZW93MCBy1raej5xrXpiZNnbWzx2zUBXvPoQ="},"indexInfo":{"baseKey":"BbG78xdHcUb7ijMn2SrTr32CwecsHEHti57wOongzXMO","baseKeyType":1,"closed":-1,"used":1696337705547,"created":1696337705547,"remoteIdentityKey":"BXzkCMB7N55AVPNV8UANex9iro3QlVGTCCePei5DNvdC"},"_chains":{"BXXpJLCPa5w1mtTjdh7Dg6Gmszdrsfsi7iMF5tSz1JBe":{"chainKey":{"counter":2,"key":"coXOwIYfs4HPBYkneGJFwujERoOL8bxuaBWi96/hnCg="},"chainType":1,"messageKeys":{}}},"pendingPreKey":{"signedKeyId":0,"baseKey":"BbG78xdHcUb7ijMn2SrTr32CwecsHEHti57wOongzXMO","preKeyId":10538335}}},"version":"v1"}