{"_sessions":{"BUjpY1U7ZcYTrH1jnvs+TUvxYtjIoKh/rwPGdjjyXQxi":{"registrationId":943104411,"currentRatchet":{"ephemeralKeyPair":{"pubKey":"BT0wT/oweBk9BQSSP/5L42cw+qARGbGZL7m8Rrhl0zFj","privKey":"KP4VwjusEk/LQBr93FyRvpPR9DmAwRHklbcB2qmvfFI="},"lastRemoteEphemeralKey":"BeeWyR6h2lPtC8xWyVaQdlWjlXIwp7JdUGp1HKk4vWo4","previousCounter":0,"rootKey":"L9fZW4ZJbQ6BU2DMjVKfE3N5rqnI2JtqlKIrNX+Ncpg="},"indexInfo":{"baseKey":"BUjpY1U7ZcYTrH1jnvs+TUvxYtjIoKh/rwPGdjjyXQxi","baseKeyType":1,"closed":-1,"used":1696337731880,"created":1696337731880,"remoteIdentityKey":"BSb4N39WZhROq9gMPvYF51x80wc9Djnkvo140D0V9qw3"},"_chains":{"BT0wT/oweBk9BQSSP/5L42cw+qARGbGZL7m8Rrhl0zFj":{"chainKey":{"counter":0,"key":"1N1WqXUa0PJSG9Uzg+d9gmRoKt+jtMve/gfGJq/adD4="},"chainType":1,"messageKeys":{}}},"pendingPreKey":{"signedKeyId":1,"baseKey":"BUjpY1U7ZcYTrH1jnvs+TUvxYtjIoKh/rwPGdjjyXQxi","preKeyId":9966361}}},"version":"v1"}