{"_sessions":{"Be65lJueOcQuxcdmcU7Jh29KRf5NsEHde1ZVSRh/hXwa":{"registrationId":355271126,"currentRatchet":{"ephemeralKeyPair":{"pubKey":"Bcbx1HCYYrRdhQnPAnk7wntOYtYdsZxy5pvvMo+IjNx9","privKey":"aIm/Uwt0XzUtQFHRFH0caSB1dpoXq4KOAVoAPXqLQlA="},"lastRemoteEphemeralKey":"Bdw4chZNYHtkEDe2MZK/aoTr3ZLGqOU/3a/bByhkAsNK","previousCounter":0,"rootKey":"NDzwijB2KPjyyFFp7v04IgIcT15cNo7c4E+ZH+0LBUQ="},"indexInfo":{"baseKey":"Be65lJueOcQuxcdmcU7Jh29KRf5NsEHde1ZVSRh/hXwa","baseKeyType":1,"closed":-1,"used":1696337752969,"created":1696337752969,"remoteIdentityKey":"BZ6SfPk9dz8elLJLQPOzsWiElRZ7IZcNH9qQk5kkAnke"},"_chains":{"Bcbx1HCYYrRdhQnPAnk7wntOYtYdsZxy5pvvMo+IjNx9":{"chainKey":{"counter":0,"key":"pCYVEFUJv5J7HnE8aiizOrv8HE7d5RJYZH6YiQ22CvY="},"chainType":1,"messageKeys":{}}},"pendingPreKey":{"signedKeyId":3726682,"baseKey":"Be65lJueOcQuxcdmcU7Jh29KRf5NsEHde1ZVSRh/hXwa","preKeyId":12363}}},"version":"v1"}