{"_sessions":{"BedfUlk1AXhDXsLNcZa274+dP85bLVTO8Cp2EGTT/J9n":{"registrationId":1077334854,"currentRatchet":{"ephemeralKeyPair":{"pubKey":"BQpk+bzU6t1Zosca4px0V5bvDj/9Id6wlkDPvaAAwxII","privKey":"gJB6nd2t5FDAxUrg7nY9owNTHIa5pmTFNVACbmRSRFM="},"lastRemoteEphemeralKey":"BYII/KaswZNiiiZM/bSJ/Mr5HJYPpiphOkGES9TxhuQL","previousCounter":0,"rootKey":"yfqlVnvfd87VUW5oZcZ/emqd9WNm6aTGajk1gBSIXp8="},"indexInfo":{"baseKey":"BedfUlk1AXhDXsLNcZa274+dP85bLVTO8Cp2EGTT/J9n","baseKeyType":1,"closed":-1,"used":1696337707112,"created":1696337707112,"remoteIdentityKey":"BVJmuex5WMRWu1Lsq3ZGIR7kOuEOoNQCtBXpApJZKn0Y"},"_chains":{"BQpk+bzU6t1Zosca4px0V5bvDj/9Id6wlkDPvaAAwxII":{"chainKey":{"counter":2,"key":"vdle+BKZaXkqASEnueVMjeKTR72n7p77YcI0vcaxzDE="},"chainType":1,"messageKeys":{}}},"pendingPreKey":{"signedKeyId":17,"baseKey":"BedfUlk1AXhDXsLNcZa274+dP85bLVTO8Cp2EGTT/J9n"}}},"version":"v1"}