{"_sessions":{"BSCHEP/qTypUKj9drODf9K37l/wmjP3+1scNAzOjVsY1":{"registrationId":779621408,"currentRatchet":{"ephemeralKeyPair":{"pubKey":"BWv2LMNPfOLhQbluR8PW7o3Ww4EYJhTMzk9mjQj0qiJ8","privKey":"gMdBsdKhjkvvoHsCDfrBMBVTXfp4k4oDPpxEt6qoAEQ="},"lastRemoteEphemeralKey":"Bd4i2SM3TGDOREJ4zUVD7XE1AMvbldQuG5ze4DnT2hlY","previousCounter":0,"rootKey":"xMSRWez2tdvfNEp0/B3nxst5It7bpRxhbx0U1+f5s9A="},"indexInfo":{"baseKey":"BSCHEP/qTypUKj9drODf9K37l/wmjP3+1scNAzOjVsY1","baseKeyType":1,"closed":-1,"used":1696337751941,"created":1696337751941,"remoteIdentityKey":"BWiT/XsXTPzMyetutdsXdU63GrmvA21zzkKFlY1Tgb1c"},"_chains":{"BWv2LMNPfOLhQbluR8PW7o3Ww4EYJhTMzk9mjQj0qiJ8":{"chainKey":{"counter":0,"key":"4Ne/ESsj0epxC+ej9Sz3N54iAc9Y4/hjsrkxq87kgSA="},"chainType":1,"messageKeys":{}}},"pendingPreKey":{"signedKeyId":1,"baseKey":"BSCHEP/qTypUKj9drODf9K37l/wmjP3+1scNAzOjVsY1","preKeyId":12971984}}},"version":"v1"}