{"_sessions":{"BbrBwZ4LHMFoOOnI4SvnX60/wrMw9JXG3cZXC+LprsY8":{"registrationId":1837841802,"currentRatchet":{"ephemeralKeyPair":{"pubKey":"BbwRTWFnBWr/UvS1AUueUQExbgDNexUQ0p8TBWsvV+94","privKey":"iBntaaaZPUR5aQU9Oy7UXIB5/LgZxyL303uEVm1hm1Y="},"lastRemoteEphemeralKey":"BQtH+r0chNcUQZZuLbUrHDwPVC7ceANTIoXJPZfb448h","previousCounter":0,"rootKey":"4mWas9YWqO3Mq0z4SWWZCtY0DsxCqS2dc9/bTzj4rkE="},"indexInfo":{"baseKey":"BbrBwZ4LHMFoOOnI4SvnX60/wrMw9JXG3cZXC+LprsY8","baseKeyType":1,"closed":-1,"used":1696337706972,"created":1696337706972,"remoteIdentityKey":"BfGoZAy/a5D5x573nBnu01XGflxGaTinAfw9GrY/msoO"},"_chains":{"BbwRTWFnBWr/UvS1AUueUQExbgDNexUQ0p8TBWsvV+94":{"chainKey":{"counter":3,"key":"qTyeRMSDQNaIAUZZlOFtmAx8PnYB17rh2rOyMPbEaX4="},"chainType":1,"messageKeys":{}}},"pendingPreKey":{"signedKeyId":10,"baseKey":"BbrBwZ4LHMFoOOnI4SvnX60/wrMw9JXG3cZXC+LprsY8","preKeyId":3534169}}},"version":"v1"}