{"_sessions":{"BZeHEd+niXilBAUXCKqm4HGmMGTQi3EhKmNH+qVPACoZ":{"registrationId":739264198,"currentRatchet":{"ephemeralKeyPair":{"pubKey":"BYsG3qz8OR023lhzW5BMyaXwTMUErzoSUWSc3/qBBqBQ","privKey":"qCz+4mNYRYeQ7/AScJbMR3S9YK5d3V6osd2Msa0Qv2k="},"lastRemoteEphemeralKey":"BRIG0wJo/45ThfBkwsvMWUs9n044rAuisFHrPwU2INhK","previousCounter":0,"rootKey":"uzh2yVinc9IiVBo0rTbGvzNt0J0BOSwIga458ewwXiQ="},"indexInfo":{"baseKey":"BZeHEd+niXilBAUXCKqm4HGmMGTQi3EhKmNH+qVPACoZ","baseKeyType":1,"closed":-1,"used":1696337753004,"created":1696337753004,"remoteIdentityKey":"BZgk6WQZlKlbb/zoIY2Z6o5QL7LQTDrzS2DUXp38RM5f"},"_chains":{"BYsG3qz8OR023lhzW5BMyaXwTMUErzoSUWSc3/qBBqBQ":{"chainKey":{"counter":0,"key":"7cz4hKnMElMLLGXPemnfbpc/j2XBibheFMwx7Z6chSk="},"chainType":1,"messageKeys":{}}},"pendingPreKey":{"signedKeyId":0,"baseKey":"BZeHEd+niXilBAUXCKqm4HGmMGTQi3EhKmNH+qVPACoZ","preKeyId":1947377}}},"version":"v1"}