{"_sessions":{"BcucnKo6vTtkXAWT/QZsrF44k6c6Dw6at1K1WfhSonJS":{"registrationId":1443653531,"currentRatchet":{"ephemeralKeyPair":{"pubKey":"BcJBzr3FobfgFalS1q5H/i0ScS1m15vOXA9Q9SnUDdcg","privKey":"YAu4qpjvmocBHm99fVxTSmSPANdILOISg7LcqhoEsVo="},"lastRemoteEphemeralKey":"BeVkEwizyGL3n7nY4gc+5uN/zYpoBqpdoBRAbXxTMWM4","previousCounter":0,"rootKey":"cppEFfYgImVlyyt0qPb+DnEojcQMGRCPpUHZ3ao9JDk="},"indexInfo":{"baseKey":"BcucnKo6vTtkXAWT/QZsrF44k6c6Dw6at1K1WfhSonJS","baseKeyType":1,"closed":-1,"used":1696337731421,"created":1696337731421,"remoteIdentityKey":"Bc+YjnSndk2JSGrYz1zss4DYGT+4uQY/ocwwhKvVwYYl"},"_chains":{"BcJBzr3FobfgFalS1q5H/i0ScS1m15vOXA9Q9SnUDdcg":{"chainKey":{"counter":0,"key":"TJ2dYDveogE5jsHC7dZ2RPF2+jpxtAjrBn5uYygCfb0="},"chainType":1,"messageKeys":{}}},"pendingPreKey":{"signedKeyId":6,"baseKey":"BcucnKo6vTtkXAWT/QZsrF44k6c6Dw6at1K1WfhSonJS","preKeyId":14206259}}},"version":"v1"}