{"_sessions":{"BdqqOQWNPaeGKvM5I/dRP428V6B9TwTYZoMFR+CZ8yp7":{"registrationId":1783867152,"currentRatchet":{"ephemeralKeyPair":{"pubKey":"BSn72Uy/3NwgV0cDi/9DzfpSRXnA/B5tZ0/KObC9EYVW","privKey":"qJe86m23ZnBsRN9PBmyuQciqmWWhHdXyOxZJ9fPpD3w="},"lastRemoteEphemeralKey":"BaiJ5yKilwLLsVCDMPNdXcHrf1RMPnXq8FVmsy9J6HYW","previousCounter":0,"rootKey":"pPJSeYVTl84NFUgzhogJiE9og0aMl/Tta0HViotAUyk="},"indexInfo":{"baseKey":"BdqqOQWNPaeGKvM5I/dRP428V6B9TwTYZoMFR+CZ8yp7","baseKeyType":1,"closed":-1,"used":1696337705382,"created":1696337705382,"remoteIdentityKey":"BTR/JZGfIoiI3aqB+SL/nE5OYRC4THsi4qx59oEhs4pQ"},"_chains":{"BSn72Uy/3NwgV0cDi/9DzfpSRXnA/B5tZ0/KObC9EYVW":{"chainKey":{"counter":2,"key":"SMi2qYW50ltGUHZU/HXYvtBjRM/+VgLfR9F4FzQKJoU="},"chainType":1,"messageKeys":{}}},"pendingPreKey":{"signedKeyId":3,"baseKey":"BdqqOQWNPaeGKvM5I/dRP428V6B9TwTYZoMFR+CZ8yp7","preKeyId":2506303}}},"version":"v1"}