{"_sessions":{"BUdTOGE7boTLwKxLzmVrG8l/6g9NwghCIZ8opvmKPokn":{"registrationId":910702543,"currentRatchet":{"ephemeralKeyPair":{"pubKey":"BQqz/WaFMmT+AlVZXQm5uo2Zzztq++dbiXMm1XpbepBZ","privKey":"KAJtoKLkAU+7MEwcxczqVtmfVFCSJ4F9bwl3AG75g1k="},"lastRemoteEphemeralKey":"BWSlup9oEort5lWxpG5NJWl3FJ4cfd6bLhtdOT6SzbpX","previousCounter":0,"rootKey":"G7yYTAsxQV4Yd7T6kT4SnY6XndU8D4FZyhXIE9eZb2o="},"indexInfo":{"baseKey":"BUdTOGE7boTLwKxLzmVrG8l/6g9NwghCIZ8opvmKPokn","baseKeyType":1,"closed":-1,"used":1696337707014,"created":1696337707014,"remoteIdentityKey":"BfckM+5/KhDALskBdKVnZng4Sq18NNmUN0KCJG5C7AUb"},"_chains":{"BQqz/WaFMmT+AlVZXQm5uo2Zzztq++dbiXMm1XpbepBZ":{"chainKey":{"counter":2,"key":"t11Wif1t8n0I5ZughY3OtGoOzfoX+4LlwQvQgf5ZOCs="},"chainType":1,"messageKeys":{}}},"pendingPreKey":{"signedKeyId":0,"baseKey":"BUdTOGE7boTLwKxLzmVrG8l/6g9NwghCIZ8opvmKPokn","preKeyId":264541}}},"version":"v1"}