{"_sessions":{"Bbc18SQzRYp4yco6g85cr/szA8k+Zlm3VkKyXP7/aPAV":{"registrationId":1770782456,"currentRatchet":{"ephemeralKeyPair":{"pubKey":"BZwRPnAdQ9nnblCIeKXMG/SUAZd6ZugwlLhUNDXiwqkJ","privKey":"GKdEmZxgNsE93u0NXmnmzv9zlMtr1gWVlS2Dq+cBPmw="},"lastRemoteEphemeralKey":"Bfs3NARd7Z0G/0fL33mXeedXpyQUX1HtWK+pmLi9KsBO","previousCounter":0,"rootKey":"HiW2wqh/P+X7qiIWMlOMIDw/S3LWP4C9//oWyGL6/rM="},"indexInfo":{"baseKey":"Bbc18SQzRYp4yco6g85cr/szA8k+Zlm3VkKyXP7/aPAV","baseKeyType":1,"closed":-1,"used":1696337751861,"created":1696337751861,"remoteIdentityKey":"Ba+nyMI/9wU5poCs+5gCxovBOSgG11u+TtoKxo4VhaMC"},"_chains":{"BZwRPnAdQ9nnblCIeKXMG/SUAZd6ZugwlLhUNDXiwqkJ":{"chainKey":{"counter":0,"key":"BweBrx6Zhw+Epr+ZaCOl/Pu7VtrqJeYCvv8jahYsInI="},"chainType":1,"messageKeys":{}}},"pendingPreKey":{"signedKeyId":22,"baseKey":"Bbc18SQzRYp4yco6g85cr/szA8k+Zlm3VkKyXP7/aPAV","preKeyId":14807372}}},"version":"v1"}