{"_sessions":{"BXtJQXujVibProsusTdISKzZ05KGYKfPfTpqAX4sOH0a":{"registrationId":510275277,"currentRatchet":{"ephemeralKeyPair":{"pubKey":"BW1qi195Li9XUfUWvgnmzfo4OWq6AdFtxprud0++6/8X","privKey":"4ONCFogSV3UoMm05Z/4nmvlMRyYWRb9uGocymzLEeFM="},"lastRemoteEphemeralKey":"BZfPi3CalPSaj60ZbXEOIf61ZNuhmKzPQ4Cnh15+UU47","previousCounter":0,"rootKey":"AFDJuo8+lp0z2f1UzeK2ErbX4qvY45INHHMUUzBeVEw="},"indexInfo":{"baseKey":"BXtJQXujVibProsusTdISKzZ05KGYKfPfTpqAX4sOH0a","baseKeyType":1,"closed":-1,"used":1696337731818,"created":1696337731818,"remoteIdentityKey":"BeRKmkue9JAp07+tpi7EVBNti9ZGV8GnfxAG9H0ov4km"},"_chains":{"BW1qi195Li9XUfUWvgnmzfo4OWq6AdFtxprud0++6/8X":{"chainKey":{"counter":0,"key":"ls31nv5PyGScwTf2hyhxtm/IUdVAN7yKnMUyo53XBSg="},"chainType":1,"messageKeys":{}}},"pendingPreKey":{"signedKeyId":1,"baseKey":"BXtJQXujVibProsusTdISKzZ05KGYKfPfTpqAX4sOH0a"}}},"version":"v1"}