{"_sessions":{"BePRptuBVeC0x8cb2AlTYN0fNr+VdEZ/FPB32BLtIXkN":{"registrationId":144072553,"currentRatchet":{"ephemeralKeyPair":{"pubKey":"BRfqFNiQv2hlqmkynInyeYc3oNfmb9DUNnusKz/+dExb","privKey":"qOyU6Yhhr8QlvrTySrQLHADCWtTNVdAiCAInsTNX9VE="},"lastRemoteEphemeralKey":"BU4tTEpwA4f/0C4K6HuFtRhRnh7MfDrVKR9UdPUllhFq","previousCounter":0,"rootKey":"1t5wx6nYWUKhhxkDxyPb+OaeEpNQT7sPvWmWe/mm2N4="},"indexInfo":{"baseKey":"BePRptuBVeC0x8cb2AlTYN0fNr+VdEZ/FPB32BLtIXkN","baseKeyType":1,"closed":-1,"used":1696337705859,"created":1696337705859,"remoteIdentityKey":"BVz/8MJUTbB6sx4LGJhKXj7EaTnYwVt78jgej1nIULo9"},"_chains":{"BRfqFNiQv2hlqmkynInyeYc3oNfmb9DUNnusKz/+dExb":{"chainKey":{"counter":2,"key":"6gcY5j2ND6BGSFS2bzLOP32CcotEJvMIniT5yZgtYew="},"chainType":1,"messageKeys":{}}},"pendingPreKey":{"signedKeyId":11,"baseKey":"BePRptuBVeC0x8cb2AlTYN0fNr+VdEZ/FPB32BLtIXkN","preKeyId":887104}}},"version":"v1"}