{"_sessions":{"BWUpq97RQTl8IZxWY14u9T2sZeLJazI8HYaUlul7qldw":{"registrationId":1840332724,"currentRatchet":{"ephemeralKeyPair":{"pubKey":"BeYvLkZ/Ayo2+hr0t2xOoStPQeHlnIY6RQyJl4q3yDoh","privKey":"WHLL6ht10WHgiAnzxFfF+X450rfgc2vxLdhV3NsilXw="},"lastRemoteEphemeralKey":"BdnnogBJDZLnP4XIs3ubc9U6tP/J0AmNLyfUFnAdrplS","previousCounter":0,"rootKey":"zFRstn/Uhf2buFIj3F/vI59TOuWFiEJdN5tsiSJhrcE="},"indexInfo":{"baseKey":"BWUpq97RQTl8IZxWY14u9T2sZeLJazI8HYaUlul7qldw","baseKeyType":1,"closed":-1,"used":1696337705653,"created":1696337705653,"remoteIdentityKey":"Bfpef4A6wx5DYBb1M1TLv1/ao+KUhbCppWhhPHnihKRZ"},"_chains":{"BeYvLkZ/Ayo2+hr0t2xOoStPQeHlnIY6RQyJl4q3yDoh":{"chainKey":{"counter":2,"key":"nu7mu6coG+DDyuz++P9xBzSqgvT20UCEzzIfy+tgdBw="},"chainType":1,"messageKeys":{}}},"pendingPreKey":{"signedKeyId":0,"baseKey":"BWUpq97RQTl8IZxWY14u9T2sZeLJazI8HYaUlul7qldw","preKeyId":10950979}}},"version":"v1"}