{"_sessions":{"BUQRR2ZYiToTb4+EOcRHBqgDB64z+kIbk9U5eg4zXHce":{"registrationId":1669778683,"currentRatchet":{"ephemeralKeyPair":{"pubKey":"BflUFvIbm+ImcBVfAEGF5CbaZcINXXdGpjofddc4z5Zg","privKey":"QM982K//3lHMkCoq4BaSDEACTssF2+gShhwwYMzPxlQ="},"lastRemoteEphemeralKey":"BX/4IO3pHawPd/XKtHNFwIdtKgr9ZQCRU0HtsNQ8zutU","previousCounter":0,"rootKey":"ev68YlSaLVTeSRZjTlf5vASHu54HpfQCpeY2w6Gf4+M="},"indexInfo":{"baseKey":"BUQRR2ZYiToTb4+EOcRHBqgDB64z+kIbk9U5eg4zXHce","baseKeyType":1,"closed":-1,"used":1696337705194,"created":1696337705194,"remoteIdentityKey":"BZvDV3yc7y6udBean2Jry4YAFugvjyWchYiAXrfUQCUE"},"_chains":{"BflUFvIbm+ImcBVfAEGF5CbaZcINXXdGpjofddc4z5Zg":{"chainKey":{"counter":2,"key":"vQpPnAG3prqybLmiBqklIfe1AD5qFLaiWnyhBrbhq30="},"chainType":1,"messageKeys":{}}},"pendingPreKey":{"signedKeyId":12,"baseKey":"BUQRR2ZYiToTb4+EOcRHBqgDB64z+kIbk9U5eg4zXHce","preKeyId":9825928}}},"version":"v1"}