{"_sessions":{"BZw7N3isshta5h0FUfFEjOsSpEqzZOp3VYImK6zlXH9s":{"registrationId":1324105284,"currentRatchet":{"ephemeralKeyPair":{"pubKey":"BXOmfzfyMkLxcf9zBRp1JE6iJFwM9mAG5l1rElI/e8Vo","privKey":"6KIb+BsevAcDnRevJLasHh50y6CONFhMZTcidTc36UY="},"lastRemoteEphemeralKey":"BXA34RnQarAyh1AH52+W4gwKHf0YvCs+m2ckaI7TeRFD","previousCounter":0,"rootKey":"fBlhpgNkxmVKZyI6ZMwcpHxFZ3OYPiN4jEt6LMCh5d8="},"indexInfo":{"baseKey":"BZw7N3isshta5h0FUfFEjOsSpEqzZOp3VYImK6zlXH9s","baseKeyType":1,"closed":-1,"used":1696337719425,"created":1696337719425,"remoteIdentityKey":"Bb8dS/vmd62bX9sLZpBQGyOHlMQWAoCtGcdHIuzCbfdf"},"_chains":{"BXOmfzfyMkLxcf9zBRp1JE6iJFwM9mAG5l1rElI/e8Vo":{"chainKey":{"counter":0,"key":"BipKgBAjhX8Cw/1ZN2c4tsJtMvu94fJ3syiMCezEPns="},"chainType":1,"messageKeys":{}}},"pendingPreKey":{"signedKeyId":1,"baseKey":"BZw7N3isshta5h0FUfFEjOsSpEqzZOp3VYImK6zlXH9s","preKeyId":9683079}}},"version":"v1"}