{"_sessions":{"BRfV+nYlwrBhNqx9uVjguG0k8G/5/8AUoYQZknSCoBUx":{"registrationId":6544,"currentRatchet":{"ephemeralKeyPair":{"pubKey":"BX7NrUb03Ltbi58RQ0MmU0wX//5pKkBb3pMkjJo5JOJ4","privKey":"8CF1BA/cskdbc91PHLhjllVDtzFuqfIDb1cNfaLS2WU="},"lastRemoteEphemeralKey":"BZh7RhjQo6W/Rn+bp/3+sjei7YDoK8vpRobR0+Zmijke","previousCounter":0,"rootKey":"SrJoxxUSx5C6fdfr3dTzObEpLKw578bDp6iQvDKnn9s="},"indexInfo":{"baseKey":"BRfV+nYlwrBhNqx9uVjguG0k8G/5/8AUoYQZknSCoBUx","baseKeyType":1,"closed":-1,"used":1696337704013,"created":1696337704013,"remoteIdentityKey":"BdDXwoUOnNmGBSO7S/7K1Xn/KnZO9M8HVAA/KEUK46Ez"},"_chains":{"BX7NrUb03Ltbi58RQ0MmU0wX//5pKkBb3pMkjJo5JOJ4":{"chainKey":{"counter":2,"key":"g9tiuGvFXpg2xRygSLR3S7zR0XL9zhOrkzay2pkroJs="},"chainType":1,"messageKeys":{}}},"pendingPreKey":{"signedKeyId":1,"baseKey":"BRfV+nYlwrBhNqx9uVjguG0k8G/5/8AUoYQZknSCoBUx"}}},"version":"v1"}