{"_sessions":{"BfBj8deED2oYSGDGxKfxr2bMmKl9gBbeJz1rDGNm0Agn":{"registrationId":14491,"currentRatchet":{"ephemeralKeyPair":{"pubKey":"BbbXNsO1pO+73yU8VrpUeXmOHfj7xQ1qXOLqpVluSl4P","privKey":"yBmTc03nBdIr9CJz+EWS7/iVYfYKRqC2CLxHLBKI+kk="},"lastRemoteEphemeralKey":"BfNgzaY41Y04xH+pOYaTDVoXhFfn9qreI8CkqKXJ4WkV","previousCounter":0,"rootKey":"IRKDs4FObptQrwJdbWWO2D+Nf0j1oyQoVvLnM675PLc="},"indexInfo":{"baseKey":"BfBj8deED2oYSGDGxKfxr2bMmKl9gBbeJz1rDGNm0Agn","baseKeyType":1,"closed":-1,"used":1696337703295,"created":1696337703295,"remoteIdentityKey":"Bf6/2YNVjYxjnPQDJTsHVl4+MRqcQnQdMABgh9vp+ilr"},"_chains":{"BbbXNsO1pO+73yU8VrpUeXmOHfj7xQ1qXOLqpVluSl4P":{"chainKey":{"counter":3,"key":"CbhBQ2d3DwgHGIT/yG2CRHFX8neOqXmO1pfUPFxs6fs="},"chainType":1,"messageKeys":{}}},"pendingPreKey":{"signedKeyId":8,"baseKey":"BfBj8deED2oYSGDGxKfxr2bMmKl9gBbeJz1rDGNm0Agn"}}},"version":"v1"}