{"_sessions":{"Bf+6viHc2rRDAiR2YbcZbzT5H4W8vdbmESFnER4bIZhR":{"registrationId":1839149764,"currentRatchet":{"ephemeralKeyPair":{"pubKey":"BWz3h9deemO3NvrWvLCUphLzxbHIozkYmAmeXYJiDDgg","privKey":"qLz7wpMq6kGM03QFfmDNd2OnT9VshWyZxCZ3NlBvunc="},"lastRemoteEphemeralKey":"BYjm7T+iaMNN8Y3GjLmumZbm7raNNgsyuWJADuaafYo0","previousCounter":0,"rootKey":"DiCfSOjxnNR2LzYedqjTVewTu5QMNrU6v4UBrN6EMdo="},"indexInfo":{"baseKey":"Bf+6viHc2rRDAiR2YbcZbzT5H4W8vdbmESFnER4bIZhR","baseKeyType":1,"closed":-1,"used":1696337705064,"created":1696337705064,"remoteIdentityKey":"BT0SEnMydTllWaEHk1C8GLoULGG0m27I6unc5EIGC8EQ"},"_chains":{"BWz3h9deemO3NvrWvLCUphLzxbHIozkYmAmeXYJiDDgg":{"chainKey":{"counter":2,"key":"NMK+AeSLZ31zP67IdiI5yhyxmClfeaxU/EanxfMcFnI="},"chainType":1,"messageKeys":{}}},"pendingPreKey":{"signedKeyId":9,"baseKey":"Bf+6viHc2rRDAiR2YbcZbzT5H4W8vdbmESFnER4bIZhR","preKeyId":4474081}}},"version":"v1"}