{"_sessions":{"BW80kh3bRVkH/zmJboi4SCNV8yNfD6cDtPILV3iCrFsf":{"registrationId":898105586,"currentRatchet":{"ephemeralKeyPair":{"pubKey":"BW3Y5QJJ79icYzmuow30vPwDFs2O4Oat5iHoQm/FSndj","privKey":"WFsooCVTG438QEUmBrSI5KkYXAllCtbSWe1CaKyiEWA="},"lastRemoteEphemeralKey":"BTEkvGVeCoKXlj+CEqAhr1JpmMxRUUaYgGLvyyXGwy9a","previousCounter":0,"rootKey":"8zDQd9Cnidw3cyHkQyHsHXIoMmzT92lCX+8usdaQ4Rw="},"indexInfo":{"baseKey":"BW80kh3bRVkH/zmJboi4SCNV8yNfD6cDtPILV3iCrFsf","baseKeyType":1,"closed":-1,"used":1696337719778,"created":1696337719778,"remoteIdentityKey":"Bbyazj5AgWaJ+0TnesGKFQH3GTlSxeFnaZlnDPP9tHQs"},"_chains":{"BW3Y5QJJ79icYzmuow30vPwDFs2O4Oat5iHoQm/FSndj":{"chainKey":{"counter":0,"key":"eUVgQlIuMcYzIHwM3oQ0o/ONV0Q8DXPmK9SDslZ0zkw="},"chainType":1,"messageKeys":{}}},"pendingPreKey":{"signedKeyId":1,"baseKey":"BW80kh3bRVkH/zmJboi4SCNV8yNfD6cDtPILV3iCrFsf","preKeyId":16259864}}},"version":"v1"}