{"_sessions":{"BYaWkuZOR4P/PxVZ3uyY5XDTlKUwsmsgaO4wSD0xfv89":{"registrationId":753754958,"currentRatchet":{"ephemeralKeyPair":{"pubKey":"BV4Zcfdt76eoMpDdT6cU99PareXcRWcyq5VsyLNmlV1N","privKey":"2KFdK+3ltY5P4C4bl4eqv8kULn/dfk50K5OqZPwbg2M="},"lastRemoteEphemeralKey":"BSBPRarultDJ8o1lpCehum44VcXZaYeTDGmvZI4jD5cg","previousCounter":0,"rootKey":"ocT33ybwK5x77Z3CphDcai+cN+6+BXmxD+6x0q2GBPw="},"indexInfo":{"baseKey":"BYaWkuZOR4P/PxVZ3uyY5XDTlKUwsmsgaO4wSD0xfv89","baseKeyType":1,"closed":-1,"used":1696337704441,"created":1696337704441,"remoteIdentityKey":"BWbC4sxEEoUyGysIbl4OOP8CBgvEBeb5E9Pc8/Tfhvlw"},"_chains":{"BV4Zcfdt76eoMpDdT6cU99PareXcRWcyq5VsyLNmlV1N":{"chainKey":{"counter":2,"key":"1LNboGSCe9l0fI4g32DFknXPnE5rHERH7Jp1EjIyGks="},"chainType":1,"messageKeys":{}}},"pendingPreKey":{"signedKeyId":4,"baseKey":"BYaWkuZOR4P/PxVZ3uyY5XDTlKUwsmsgaO4wSD0xfv89","preKeyId":3100808}}},"version":"v1"}