{"_sessions":{"BXawahAZ6sa2G2wBmdVDOynrmgQOetQgoGO+RKWGyaQx":{"registrationId":492453704,"currentRatchet":{"ephemeralKeyPair":{"pubKey":"BZuQEq+6JcPLTptGo4X464WcXFe8KUyvxtv/bl0wezQH","privKey":"KHgOsxGsLnQJAtRou5eerBOuTVIx634Uk1F8K/70UVw="},"lastRemoteEphemeralKey":"BZMmm0RiTMKugBIxo+AL2PzMa11fBqIBRBqV9mgdNrAJ","previousCounter":0,"rootKey":"clbRNpfGW5RTtDq6ZYV1KjAIuHxn6RteHU7M6tRDl8I="},"indexInfo":{"baseKey":"BXawahAZ6sa2G2wBmdVDOynrmgQOetQgoGO+RKWGyaQx","baseKeyType":1,"closed":-1,"used":1696337704414,"created":1696337704414,"remoteIdentityKey":"BQgidsD5YUs5UfQeOe5Dj5Xs9300PgX5r3/H0J1cCbsj"},"_chains":{"BZuQEq+6JcPLTptGo4X464WcXFe8KUyvxtv/bl0wezQH":{"chainKey":{"counter":2,"key":"VHAxdf7lYWBCeIazzNqiq1Rl7mzsvAHlllfko5SmyDo="},"chainType":1,"messageKeys":{}}},"pendingPreKey":{"signedKeyId":0,"baseKey":"BXawahAZ6sa2G2wBmdVDOynrmgQOetQgoGO+RKWGyaQx","preKeyId":4751823}}},"version":"v1"}