{"_sessions":{"BaggCdIairB7OzJAZr83da4mVyMb60SXb/qfDdkpHpIO":{"registrationId":396197819,"currentRatchet":{"ephemeralKeyPair":{"pubKey":"BY+qjo0Jv0pC767QU0nOUR3UqYrQeBKSWWx7LCOtA+cw","privKey":"OBuH063gRxRrxbyrz3En4jIrcMyv0mEFe9KjJJZCSHE="},"lastRemoteEphemeralKey":"BWumGLrlbK5bmjYD3TsxvGUbBbbWfOq9zJ/lOjncw5Ui","previousCounter":0,"rootKey":"CY2GOGE0kdaPmCuOv5CM2pqTPi+lMkwhI8+u6DFH6R8="},"indexInfo":{"baseKey":"BaggCdIairB7OzJAZr83da4mVyMb60SXb/qfDdkpHpIO","baseKeyType":1,"closed":-1,"used":1696337719253,"created":1696337719253,"remoteIdentityKey":"BdDeZQgfkKYHKEAs59tbbJ7nY1qmVy3dYOdOJF6xBtwA"},"_chains":{"BY+qjo0Jv0pC767QU0nOUR3UqYrQeBKSWWx7LCOtA+cw":{"chainKey":{"counter":0,"key":"zBEac6I8ynog6tsuW8TySwJARF+u6EI1LAx9rQsigcg="},"chainType":1,"messageKeys":{}}},"pendingPreKey":{"signedKeyId":0,"baseKey":"BaggCdIairB7OzJAZr83da4mVyMb60SXb/qfDdkpHpIO","preKeyId":6567863}}},"version":"v1"}