{"_sessions":{"BROPG037ynhLECb3R48JY0z5GSZ5PAQi7lzdpdvf0+xZ":{"registrationId":1130498049,"currentRatchet":{"ephemeralKeyPair":{"pubKey":"BXgEXaG5QphW6bvc58B+mFZxd/xXpQcGLz3/fQybh/g9","privKey":"kL7K1RZCNhEisOEVsaBTg8+Hwh+OvKKBKaqNoVO/ZlE="},"lastRemoteEphemeralKey":"BTShquO0yea6KsCqHn0zTAbwI3y1dTfUvPFiDyFCSs93","previousCounter":0,"rootKey":"ECd2SV818PK7xu7E+Akl0rl7AhphuaTvd+CAv3QCHf0="},"indexInfo":{"baseKey":"BROPG037ynhLECb3R48JY0z5GSZ5PAQi7lzdpdvf0+xZ","baseKeyType":1,"closed":-1,"used":1696337704927,"created":1696337704927,"remoteIdentityKey":"BTBroGyAtUCi7yPsEqnSGZQq8xR2m6RrO5ZOeiGxK0xe"},"_chains":{"BXgEXaG5QphW6bvc58B+mFZxd/xXpQcGLz3/fQybh/g9":{"chainKey":{"counter":2,"key":"Moe3VOweKuS8WZSXfN3OWeMaDs1lgyWJ3NA6pWPZi/U="},"chainType":1,"messageKeys":{}}},"pendingPreKey":{"signedKeyId":73,"baseKey":"BROPG037ynhLECb3R48JY0z5GSZ5PAQi7lzdpdvf0+xZ"}}},"version":"v1"}