{"_sessions":{"Bf3t6j63RUSkaurYHfwG7Lh46njzM+oRlJUMXKAHD1Ji":{"registrationId":456580580,"currentRatchet":{"ephemeralKeyPair":{"pubKey":"BW/VMxF4+qVvn7T3eId0wZ7JNi7FHU7CWlnQngflupsH","privKey":"wIU/Kom2k3itJiNUR0sDlJ+1RDTE0lCv39eVPHgjPkY="},"lastRemoteEphemeralKey":"BQFbWNBmoDX85FyC1VQPE3NilSzyllHAMTzLBoYrhAEE","previousCounter":0,"rootKey":"3OPcrtSfPUbZ2mtYNA1bjwvXcuFMk6MxWGs3ETnqPgc="},"indexInfo":{"baseKey":"Bf3t6j63RUSkaurYHfwG7Lh46njzM+oRlJUMXKAHD1Ji","baseKeyType":1,"closed":-1,"used":1696337731319,"created":1696337731319,"remoteIdentityKey":"BXF+jGBSRFIIIkeLyF3quXAAHzc7uUVmB7ivreL4yEdY"},"_chains":{"BW/VMxF4+qVvn7T3eId0wZ7JNi7FHU7CWlnQngflupsH":{"chainKey":{"counter":0,"key":"l6ZHqmDcLkFtyz2Y0X+uYpxpYtv3s5Cn/wI1aRTJ3kM="},"chainType":1,"messageKeys":{}}},"pendingPreKey":{"signedKeyId":2,"baseKey":"Bf3t6j63RUSkaurYHfwG7Lh46njzM+oRlJUMXKAHD1Ji"}}},"version":"v1"}