{"_sessions":{"BXUlDPc/fTv3eZACOFDkZpkTjWlC7RwtQcsGo7ro81Yc":{"registrationId":1726393483,"currentRatchet":{"ephemeralKeyPair":{"pubKey":"BSHFjFqGtbgP37OpTc7sgYyQM8O6oG0/IVeZdesmAWRD","privKey":"IJdgX14AfPerXdoe46o+xGJLPRIUIMNiZcmx3CQx5EM="},"lastRemoteEphemeralKey":"BYVtpDNj8YVgVP1Hoamm9nDVrk22hOu/cuLIdlbwRFYt","previousCounter":0,"rootKey":"OITreXmET+IOsEKGNLPH8fmJ1c/QKJdNWAS3fH3G/hU="},"indexInfo":{"baseKey":"BXUlDPc/fTv3eZACOFDkZpkTjWlC7RwtQcsGo7ro81Yc","baseKeyType":1,"closed":-1,"used":1696337706439,"created":1696337706439,"remoteIdentityKey":"Ba143Eiaxk0s33eYKhgD+BtoXaWSXDNM+MXeTJRHQbgS"},"_chains":{"BSHFjFqGtbgP37OpTc7sgYyQM8O6oG0/IVeZdesmAWRD":{"chainKey":{"counter":4,"key":"LG+1tKPe9hjsclqvwh+KJvtmj70fbgXOpwM7yri9Da8="},"chainType":1,"messageKeys":{}}},"pendingPreKey":{"signedKeyId":1,"baseKey":"BXUlDPc/fTv3eZACOFDkZpkTjWlC7RwtQcsGo7ro81Yc","preKeyId":7242947}}},"version":"v1"}