{"_sessions":{"BYperfI7PB66mz2k13HKKFf9PYcyx6QNWVyX3kDxj6IA":{"registrationId":633546976,"currentRatchet":{"ephemeralKeyPair":{"pubKey":"BQZQjZsdIgaFKNBBMZfBmncRYuO7LfU5w6M3nA/I+ycT","privKey":"gEySt8GZOJqq6eY5acUxFPG0BEjkgAbH5LM3KMNR1FE="},"lastRemoteEphemeralKey":"BVtHJacWbnXhuM+EX+ZrHjGusO7URmUeZ1+10Xti8zd4","previousCounter":0,"rootKey":"RTsV1n8kH0+5gybzb6NPxnil8fpkHLPjCQ9VY4z18Zc="},"indexInfo":{"baseKey":"BYperfI7PB66mz2k13HKKFf9PYcyx6QNWVyX3kDxj6IA","baseKeyType":1,"closed":-1,"used":1696337752370,"created":1696337752370,"remoteIdentityKey":"BT6oOiVqNnvfCKF6jcr2S7a6B/ANvbdq9jc45Z9JA68V"},"_chains":{"BQZQjZsdIgaFKNBBMZfBmncRYuO7LfU5w6M3nA/I+ycT":{"chainKey":{"counter":0,"key":"MT2JdffMXwfcXd0fAkoZqnoJNkbDMolB3orgJjZvfmg="},"chainType":1,"messageKeys":{}}},"pendingPreKey":{"signedKeyId":5,"baseKey":"BYperfI7PB66mz2k13HKKFf9PYcyx6QNWVyX3kDxj6IA","preKeyId":5535483}}},"version":"v1"}