{"_sessions":{"Bawdn5GyrGQCN25XM1KZYXy5f7WE3iHGfpTgbPYehJ1F":{"registrationId":2060702104,"currentRatchet":{"ephemeralKeyPair":{"pubKey":"BZeEDkV+TmTUYFm4dJCXKCBxlr9jHjXWD5V0h9uPlvMN","privKey":"qBhK/YHLg3aCggAM0YuNj1ZyVMNgdEVaGbYXMPfFKVg="},"lastRemoteEphemeralKey":"BQLPAFuBQ6oh7vYzAYcrr3FACETurauUxX98usgKaNoJ","previousCounter":0,"rootKey":"dAOQ6VPWl5qIF9G7PQvrNnQOaJpsn+qGnCqrvPR7JzI="},"indexInfo":{"baseKey":"Bawdn5GyrGQCN25XM1KZYXy5f7WE3iHGfpTgbPYehJ1F","baseKeyType":1,"closed":-1,"used":1696337706303,"created":1696337706303,"remoteIdentityKey":"BRBo6I4jGmffUEJb8v6O6P+6F2bcim/YhNLhN8Mxdc5M"},"_chains":{"BZeEDkV+TmTUYFm4dJCXKCBxlr9jHjXWD5V0h9uPlvMN":{"chainKey":{"counter":2,"key":"vkpgo7qTsrAlwv7GGtAImaC0Ll4XXMFPSkx9muKm5kg="},"chainType":1,"messageKeys":{}}},"pendingPreKey":{"signedKeyId":10,"baseKey":"Bawdn5GyrGQCN25XM1KZYXy5f7WE3iHGfpTgbPYehJ1F","preKeyId":13141491}}},"version":"v1"}