{"_sessions":{"Bd1SSWFqveN62Zym5QJxvj1COnmpDF4gSfQiMD8BYsx7":{"registrationId":884029174,"currentRatchet":{"ephemeralKeyPair":{"pubKey":"BbegUwba2ZBND5o22NaC2jKI6lSvEpag9mUJGEY4bA89","privKey":"0Cm/ShdfzfK4T90wNwrXkg8uCOuGUIm1IfHoH+xYr00="},"lastRemoteEphemeralKey":"BToWrSoF9GW9Lh+bz0QfNlSgEEbKKjbE/G767OFcbRRT","previousCounter":0,"rootKey":"MjrzNkTw0q7n0gU+YMsp2Nzw049DsihfmoKeo93Onq8="},"indexInfo":{"baseKey":"Bd1SSWFqveN62Zym5QJxvj1COnmpDF4gSfQiMD8BYsx7","baseKeyType":1,"closed":-1,"used":1696337706444,"created":1696337706444,"remoteIdentityKey":"BX3QDSirISHtAUoGiDb99/9hmXxcn4D0DNA7xdGSaixu"},"_chains":{"BbegUwba2ZBND5o22NaC2jKI6lSvEpag9mUJGEY4bA89":{"chainKey":{"counter":2,"key":"PdPgz3ZXqTraHI7842bjoKYV40j9sTmoSt7TJdiLewo="},"chainType":1,"messageKeys":{}}},"pendingPreKey":{"signedKeyId":4,"baseKey":"Bd1SSWFqveN62Zym5QJxvj1COnmpDF4gSfQiMD8BYsx7","preKeyId":166104}}},"version":"v1"}