{"_sessions":{"Bf7GW3SmKFXKspZmRvRYGwBP4aHQZsdJqKK04ijm1ho3":{"registrationId":1495059979,"currentRatchet":{"ephemeralKeyPair":{"pubKey":"BXL7hAK5jyNKD7OjCqIpkNuWYDNn0BhCDjYDHO46y/9m","privKey":"UL6QU5xYqiIYd4g9QivtjcO8NCJPMp+Hws2A/PovD0I="},"lastRemoteEphemeralKey":"BaZPin4FXPXB5/y8sxVWba0bygqsUwxdGdidiAAmBit5","previousCounter":0,"rootKey":"jLSFjRvp+NlKyFhKlFvNkOY4a0KVYO7y1TaqzmNBqs4="},"indexInfo":{"baseKey":"Bf7GW3SmKFXKspZmRvRYGwBP4aHQZsdJqKK04ijm1ho3","baseKeyType":1,"closed":-1,"used":1696337752886,"created":1696337752886,"remoteIdentityKey":"BacYNOzb8ufFQZ5M3yK5HdrD+mK5mMh+/pJE12161ytl"},"_chains":{"BXL7hAK5jyNKD7OjCqIpkNuWYDNn0BhCDjYDHO46y/9m":{"chainKey":{"counter":0,"key":"Bc36TJqLIs7W0k6rskTvlz21+2O8mwbFbrpTsBLjabQ="},"chainType":1,"messageKeys":{}}},"pendingPreKey":{"signedKeyId":12,"baseKey":"Bf7GW3SmKFXKspZmRvRYGwBP4aHQZsdJqKK04ijm1ho3","preKeyId":2825199}}},"version":"v1"}