{"_sessions":{"BTg/+LUf7K3glTkhBbpjMuEhMjI1kHlDDatHGmUibD4U":{"registrationId":1161532940,"currentRatchet":{"ephemeralKeyPair":{"pubKey":"BfDnrccDokr3haTdCAJ767PySJw1607IXd9HMM90asBW","privKey":"wPtq30IriKx6DKGb6Njxy7vJ0ihyMuQhnyWxEDnyYFc="},"lastRemoteEphemeralKey":"BbRjy6d5jvPNZ91qinukSD2QDJlzC6HeBe5MuLj2bi5d","previousCounter":0,"rootKey":"TmfKFvoH6xZ+n/aMWZTpdyHW64CpcLgu/EHMn8RCuB4="},"indexInfo":{"baseKey":"BTg/+LUf7K3glTkhBbpjMuEhMjI1kHlDDatHGmUibD4U","baseKeyType":1,"closed":-1,"used":1696337752863,"created":1696337752863,"remoteIdentityKey":"Ba635URjs5wgNc1UtyboYpLV7AST31X8oxR8MBgMI1FS"},"_chains":{"BfDnrccDokr3haTdCAJ767PySJw1607IXd9HMM90asBW":{"chainKey":{"counter":0,"key":"Jwu3e5V0lN0M5TuL10KaLwPPuNoNkCpRjSSp2pHHDLY="},"chainType":1,"messageKeys":{}}},"pendingPreKey":{"signedKeyId":5,"baseKey":"BTg/+LUf7K3glTkhBbpjMuEhMjI1kHlDDatHGmUibD4U","preKeyId":5319501}}},"version":"v1"}