{"_sessions":{"BbdfrO95sfTE9qGADBTJ6RMj/wynfJnHeVe+984355xy":{"registrationId":1212131412,"currentRatchet":{"ephemeralKeyPair":{"pubKey":"Bcg7Os5wn5xy762W7/oM11rNJHgxGf9UjKxI0FoG7Jw9","privKey":"sCLKOr3zXTJBU54NaUlY5f1BFwMpbYDZSfzBL3JCHGE="},"lastRemoteEphemeralKey":"Bbgycav/SDVtLkTWF50QhVqeZRzNZyZgJrvdGTQqlQAC","previousCounter":0,"rootKey":"e2pud1OXB05eefRWUOVl43usfbKvzXo159ksfoljfv4="},"indexInfo":{"baseKey":"BbdfrO95sfTE9qGADBTJ6RMj/wynfJnHeVe+984355xy","baseKeyType":1,"closed":-1,"used":1696337705340,"created":1696337705340,"remoteIdentityKey":"BTIt25FReVNo2TZi8kvUONIY7hx4M+l0675khTC1uppO"},"_chains":{"Bcg7Os5wn5xy762W7/oM11rNJHgxGf9UjKxI0FoG7Jw9":{"chainKey":{"counter":2,"key":"MfQ6cMzwBNhEGxv6ltHKHiWoSWSmlw2WkNx5FEr9t2I="},"chainType":1,"messageKeys":{}}},"pendingPreKey":{"signedKeyId":1,"baseKey":"BbdfrO95sfTE9qGADBTJ6RMj/wynfJnHeVe+984355xy","preKeyId":15966047}}},"version":"v1"}