{"_sessions":{"BfSX8mRJTexBScgfDxe8VutJUgSHMCflopsd9+cC9/UA":{"registrationId":1390422468,"currentRatchet":{"ephemeralKeyPair":{"pubKey":"BQNoxvzw7QtHT471H426rWQQyf/oHEYlzMDip2pTdG8R","privKey":"QAJ++Yp50Go/vixhybUyvvOjdekQE3ED1k2JFFaDeGk="},"lastRemoteEphemeralKey":"BbXviMMaIByPAwgO9iRWiudHoyv9bKchz/K6YnP3WLVk","previousCounter":0,"rootKey":"EA3tZlJyt1ptGU2ex6mFQF0sC8f5DU9qe1xHeaNxV98="},"indexInfo":{"baseKey":"BfSX8mRJTexBScgfDxe8VutJUgSHMCflopsd9+cC9/UA","baseKeyType":1,"closed":-1,"used":1696337705917,"created":1696337705917,"remoteIdentityKey":"BSWB3C2G/cCsdwuswg+zsFmqQErwxvL+mvRvaFCBvO8I"},"_chains":{"BQNoxvzw7QtHT471H426rWQQyf/oHEYlzMDip2pTdG8R":{"chainKey":{"counter":2,"key":"C85L3gbKu9iPkWHgxJT0AIaPMPz7afBh+MgyLcmt4Io="},"chainType":1,"messageKeys":{}}},"pendingPreKey":{"signedKeyId":1,"baseKey":"BfSX8mRJTexBScgfDxe8VutJUgSHMCflopsd9+cC9/UA","preKeyId":7947395}}},"version":"v1"}