{"_sessions":{"Bdq3reMWmE32Vx8R/aO3LGyLx7QY504Ayn/sZbDA7k1T":{"registrationId":1684672727,"currentRatchet":{"ephemeralKeyPair":{"pubKey":"BWVotTCKcTs8iuYHYZzqYMYL22miQd700V4d51LMe+tQ","privKey":"SAU23muKZwW55eXGVqweRnLwgNKeluqQ+oONJw+x6FI="},"lastRemoteEphemeralKey":"Babw64u3eWCQHUkcaqZjNYs2h5lqIJQjzrMQrEJNjFNs","previousCounter":0,"rootKey":"2WuOLdpkLcnnKIdfsTqnrxp1rVohMP29fSvzEdjuY+Q="},"indexInfo":{"baseKey":"Bdq3reMWmE32Vx8R/aO3LGyLx7QY504Ayn/sZbDA7k1T","baseKeyType":1,"closed":-1,"used":1696337752001,"created":1696337752001,"remoteIdentityKey":"BQHRW8P2ss0kEGfPCzAIWZehhwI07bm1g0wdTPCtocYd"},"_chains":{"BWVotTCKcTs8iuYHYZzqYMYL22miQd700V4d51LMe+tQ":{"chainKey":{"counter":0,"key":"kzVLLF1Kk6B/ma+i4q4LLl4x4NPu+ZvNeAon29HNZjA="},"chainType":1,"messageKeys":{}}},"pendingPreKey":{"signedKeyId":15,"baseKey":"Bdq3reMWmE32Vx8R/aO3LGyLx7QY504Ayn/sZbDA7k1T","preKeyId":15920820}}},"version":"v1"}