{"_sessions":{"BX4xv9uwRzZVzlCEopXLh/0KOcssLvU3E0ql1xFowV4j":{"registrationId":264486560,"currentRatchet":{"ephemeralKeyPair":{"pubKey":"BV+ZmlKH6t7M81Uqwx2F5bki5mYOxaVL0GCpJO0n3p9P","privKey":"SH1LgATgDineH4FIjtkziEWsgoE5lWYhoBZr/UJZuHI="},"lastRemoteEphemeralKey":"BdVvMrQgIjHTnx5QUhAxSEdplgErYWxyCnPv8DeIxpN0","previousCounter":0,"rootKey":"e+2syhqiztJLPY0D7BhR4dU/w8qGpl7mnebsYzYHtk4="},"indexInfo":{"baseKey":"BX4xv9uwRzZVzlCEopXLh/0KOcssLvU3E0ql1xFowV4j","baseKeyType":1,"closed":-1,"used":1696337705360,"created":1696337705360,"remoteIdentityKey":"BYxCXMHu62jSSqItmaFMELcOYpDWcB7dDlhei9Vxowsx"},"_chains":{"BV+ZmlKH6t7M81Uqwx2F5bki5mYOxaVL0GCpJO0n3p9P":{"chainKey":{"counter":2,"key":"d8Yc2dia+j5n4XQ2ygHLHxTWEfb8xoJQGFrukk2RpbQ="},"chainType":1,"messageKeys":{}}},"pendingPreKey":{"signedKeyId":5,"baseKey":"BX4xv9uwRzZVzlCEopXLh/0KOcssLvU3E0ql1xFowV4j","preKeyId":5130958}}},"version":"v1"}