{"_sessions":{"BZ/dI89HnQVgyO9kMUpON1KEP/MpWnFdVg+LIfRffg8K":{"registrationId":978694471,"currentRatchet":{"ephemeralKeyPair":{"pubKey":"BeFko8mqb6940CUw0pVadT+AiHcAaaKv641LYpYnTa8r","privKey":"QM0uZ6/SvR3fgiOBCpSQzT+uhyZzj3BOSx7JpFqc5Ec="},"lastRemoteEphemeralKey":"BWE26bl4HO4MfWWjV6WepLamNd151IqqBvh2rgor7gwk","previousCounter":0,"rootKey":"OMiKbH+hX5jXmrl2MuH/MSEMnGhlHoRNxsJfdzDgLIs="},"indexInfo":{"baseKey":"BZ/dI89HnQVgyO9kMUpON1KEP/MpWnFdVg+LIfRffg8K","baseKeyType":1,"closed":-1,"used":1696337731517,"created":1696337731517,"remoteIdentityKey":"BZSutiYu/L/GnFMqlhLdgGkO1XhVq2itXpKI+xCrf8ky"},"_chains":{"BeFko8mqb6940CUw0pVadT+AiHcAaaKv641LYpYnTa8r":{"chainKey":{"counter":1,"key":"InHYp9UuYRMEJrzoXHJutUx0L8f07JqZS+MUU5MezNI="},"chainType":1,"messageKeys":{}}},"pendingPreKey":{"signedKeyId":4,"baseKey":"BZ/dI89HnQVgyO9kMUpON1KEP/MpWnFdVg+LIfRffg8K"}}},"version":"v1"}