{"_sessions":{"BfyYnrQN697LjP8tYW1dXbMgDZJfGplJPS0y/YFA4bNb":{"registrationId":772019416,"currentRatchet":{"ephemeralKeyPair":{"pubKey":"Bc2QEuVAd2/MisO4owsv8CbVlzbd3BWk7a2fXwTU41V9","privKey":"aMr72uufH3AoXee6p7onISf2BKfKIGMXgRLOm364cn4="},"lastRemoteEphemeralKey":"BV1nBE6sRfowYFEqrvxMQzDRxcF1RX0CD5DvEGDDigEN","previousCounter":0,"rootKey":"tPr6XYJ1RJpMXiczS9d743CZx2AbBZVVLGXpDTMCu1A="},"indexInfo":{"baseKey":"BfyYnrQN697LjP8tYW1dXbMgDZJfGplJPS0y/YFA4bNb","baseKeyType":1,"closed":-1,"used":1696337703883,"created":1696337703883,"remoteIdentityKey":"Bb8JmGuF4T/m9odf1Kv9ao0pIA4RTBP/Fca+U1xak/EO"},"_chains":{"Bc2QEuVAd2/MisO4owsv8CbVlzbd3BWk7a2fXwTU41V9":{"chainKey":{"counter":2,"key":"n1HNbANN5suxdOGLrTcH5T0vmX6OX6CxV0z6Bs9NBfQ="},"chainType":1,"messageKeys":{}}},"pendingPreKey":{"signedKeyId":1,"baseKey":"BfyYnrQN697LjP8tYW1dXbMgDZJfGplJPS0y/YFA4bNb","preKeyId":15033214}}},"version":"v1"}