{"_sessions":{"BbF3Xb/PCVaiAlMYKrczGYINGyAiS7qJT6Hc1AtOQG1/":{"registrationId":1484586682,"currentRatchet":{"ephemeralKeyPair":{"pubKey":"BUt9o3BxC8esTLW6QaU0p5FZIQEVMcZzAn3/F61N1A12","privKey":"mJwWr/xAope9Druwtlk2/gYWhhYooBR2Gv9R3ejcPkw="},"lastRemoteEphemeralKey":"BRPt8VJmMUR4wIuQRe6ssn6dJWNo+Z8W3lkJtzrYH0Ug","previousCounter":0,"rootKey":"FRWnro2T7YnNHEUznCjwmuykuia9KDF/jY48VivY0ls="},"indexInfo":{"baseKey":"BbF3Xb/PCVaiAlMYKrczGYINGyAiS7qJT6Hc1AtOQG1/","baseKeyType":1,"closed":-1,"used":1696337704249,"created":1696337704249,"remoteIdentityKey":"BcjOHiLrxJ5gEPcgWA+00PkA9gDmYKe31qqRFTYXo2Va"},"_chains":{"BUt9o3BxC8esTLW6QaU0p5FZIQEVMcZzAn3/F61N1A12":{"chainKey":{"counter":2,"key":"A+FSdlGvYHztl3aIbPZIE7pcDsw550uqek5/JG76Nj4="},"chainType":1,"messageKeys":{}}},"pendingPreKey":{"signedKeyId":1,"baseKey":"BbF3Xb/PCVaiAlMYKrczGYINGyAiS7qJT6Hc1AtOQG1/","preKeyId":10933031}}},"version":"v1"}