{"_sessions":{"BVEAsIKQbCF17NR3Wnz3CXak4q95UOSfspOM/VfKg2hC":{"registrationId":1652464116,"currentRatchet":{"ephemeralKeyPair":{"pubKey":"BVFuEYYS4BID6P6wmH/k9uFqP3bUxvhbGNa2Ohx+dB08","privKey":"wAMVKA1LVEc+8cQGUWX0uYHjXMdBFbRuv/f2uKzcYV0="},"lastRemoteEphemeralKey":"BcU1uijG3f855geA6dA2+Lr1GwCQuCR4EqZuLSXmuy4h","previousCounter":0,"rootKey":"4Xi9/rTJZYA57cK0Nb9+E6mZ0rR5FsargenCaH0seHk="},"indexInfo":{"baseKey":"BVEAsIKQbCF17NR3Wnz3CXak4q95UOSfspOM/VfKg2hC","baseKeyType":1,"closed":-1,"used":1696337704023,"created":1696337704023,"remoteIdentityKey":"Ba+KsqGhB/imURe/gPBjJ7BErvIXaN0IEvRFMi0+kSgm"},"_chains":{"BVFuEYYS4BID6P6wmH/k9uFqP3bUxvhbGNa2Ohx+dB08":{"chainKey":{"counter":2,"key":"wPDiIIdMVVhgZT82bf2fsUp4Zs2vlNT7lAQCoGdsszk="},"chainType":1,"messageKeys":{}}},"pendingPreKey":{"signedKeyId":1,"baseKey":"BVEAsIKQbCF17NR3Wnz3CXak4q95UOSfspOM/VfKg2hC","preKeyId":11423986}}},"version":"v1"}