{"_sessions":{"BbJlUYG4oRxvOWJHVwGlCQmPZYJq7gTvKhwoH2Zdz2RJ":{"registrationId":1895699722,"currentRatchet":{"ephemeralKeyPair":{"pubKey":"BVrGSDQXaGscbh4CYTaHAxqYgD5LIAT/PFAK4KaeoqQE","privKey":"iArb+qaMgmWox1zi8BM/AeaY4yAIIhRSuwTYlxz4hmM="},"lastRemoteEphemeralKey":"BYblrVpL9Btf1sCxliinJ0XB42T94Kt2Whjb/Is6vhFh","previousCounter":0,"rootKey":"pnieiS8e3E+ZMKe6Iew2XCfCZqa2tLQWpwEom8t0nEY="},"indexInfo":{"baseKey":"BbJlUYG4oRxvOWJHVwGlCQmPZYJq7gTvKhwoH2Zdz2RJ","baseKeyType":1,"closed":-1,"used":1696337719257,"created":1696337719257,"remoteIdentityKey":"BfspkgXzpgkCdCB/K23bY302h4BwNQTWrmRuMbBUjB1B"},"_chains":{"BVrGSDQXaGscbh4CYTaHAxqYgD5LIAT/PFAK4KaeoqQE":{"chainKey":{"counter":0,"key":"Ksfb1cei5SseqFEbRC69dmVX1Dz4VqZVsmMmBdUJBss="},"chainType":1,"messageKeys":{}}},"pendingPreKey":{"signedKeyId":4,"baseKey":"BbJlUYG4oRxvOWJHVwGlCQmPZYJq7gTvKhwoH2Zdz2RJ","preKeyId":16075838}}},"version":"v1"}