{"_sessions":{"BdJ6XOgLwMqLoPu7q6k+ZpUAeWo+EGgGT4YVO9rznCsV":{"registrationId":9589,"currentRatchet":{"ephemeralKeyPair":{"pubKey":"BWV3DL3UJc/w0FZfKZRrfTHebKw0g9YfYdPtee5mCzpR","privKey":"qBaErfcHviSM9mTpOSnuJO7/EcZIxH1LO15rSyh94nw="},"lastRemoteEphemeralKey":"BV+y9zjvjl03p12Pc7lhztfgt7kyzpM+LSFNCZmlYtVi","previousCounter":0,"rootKey":"UQktKApWc9bqB2dklMgVqIVOWgJBebF+9H1hWMMrw+Y="},"indexInfo":{"baseKey":"BdJ6XOgLwMqLoPu7q6k+ZpUAeWo+EGgGT4YVO9rznCsV","baseKeyType":1,"closed":-1,"used":1696337719242,"created":1696337719242,"remoteIdentityKey":"BSayBE7fstT2dmmGBLBTMECGPVlnIH/NeTQWvEiAZ0hA"},"_chains":{"BWV3DL3UJc/w0FZfKZRrfTHebKw0g9YfYdPtee5mCzpR":{"chainKey":{"counter":0,"key":"SYue/jNB2AWe6C7F7q9EUBIsHGA/oG5VoCqtCZBuG74="},"chainType":1,"messageKeys":{}}},"pendingPreKey":{"signedKeyId":1,"baseKey":"BdJ6XOgLwMqLoPu7q6k+ZpUAeWo+EGgGT4YVO9rznCsV","preKeyId":713}}},"version":"v1"}