{"_sessions":{"BVStKqbMqYkSIx1fv7iGqD5GJxnipXAY2WjwHUHE99sD":{"registrationId":666645557,"currentRatchet":{"ephemeralKeyPair":{"pubKey":"BRod/4X/O30vFan7Wzc+5k0uu7QLfwbzUbxqdCaFtCsC","privKey":"AJUVmp0gE8xcXm32Du7Kx8kdaxnPvBRe2a/r0HTbi3w="},"lastRemoteEphemeralKey":"BePMa8Y2oFmQm8F9YKGDUQ/pklVYTVvmrjUMsFqP11sz","previousCounter":0,"rootKey":"1hpPmpe4bq2yQJQdNMI5P0ohxAikZT3kUmGvIf1Elco="},"indexInfo":{"baseKey":"BVStKqbMqYkSIx1fv7iGqD5GJxnipXAY2WjwHUHE99sD","baseKeyType":1,"closed":-1,"used":1696337752767,"created":1696337752767,"remoteIdentityKey":"BfkevUBg0o2FJgvUlNgHyiZSYl/unsZXJ/y/VCBLjj4k"},"_chains":{"BRod/4X/O30vFan7Wzc+5k0uu7QLfwbzUbxqdCaFtCsC":{"chainKey":{"counter":0,"key":"aCYUEMKcS2LkIBJU1x4b6rCzHQ/Awax2yGGyb+uSoEU="},"chainType":1,"messageKeys":{}}},"pendingPreKey":{"signedKeyId":11,"baseKey":"BVStKqbMqYkSIx1fv7iGqD5GJxnipXAY2WjwHUHE99sD","preKeyId":4490462}}},"version":"v1"}