{"_sessions":{"BT3x+eCAYu7GeGDnOe55sUqJMr4rIt89S58F4234VyoU":{"registrationId":715363658,"currentRatchet":{"ephemeralKeyPair":{"pubKey":"BRwwi1Ko7VE9aQxLcWyaCBBShU21QPQVR8QTkK4qLFke","privKey":"SIjNF16gsFIY7xNegT5vRhzFpLKP6XCDX1mlSQ5+Wm0="},"lastRemoteEphemeralKey":"BVPU9tLwf8Vzjv+4rBzl/t/79IG9SK7k4gHj2KU+X7lD","previousCounter":0,"rootKey":"dALLqosD5Qov6PzcJj7suhndCHxmo7x40gbvSzBfjmA="},"indexInfo":{"baseKey":"BT3x+eCAYu7GeGDnOe55sUqJMr4rIt89S58F4234VyoU","baseKeyType":1,"closed":-1,"used":1696337705243,"created":1696337705243,"remoteIdentityKey":"BUlb8mDYNvvWrABD7tljUhvUjpewhys7QdYJMLtR3Whh"},"_chains":{"BRwwi1Ko7VE9aQxLcWyaCBBShU21QPQVR8QTkK4qLFke":{"chainKey":{"counter":2,"key":"pMxt156wFsMSHHXLf9HPNjS4gTEWM33He1SSFOdlLKI="},"chainType":1,"messageKeys":{}}},"pendingPreKey":{"signedKeyId":22,"baseKey":"BT3x+eCAYu7GeGDnOe55sUqJMr4rIt89S58F4234VyoU","preKeyId":6523330}}},"version":"v1"}