{"_sessions":{"BQGMmLzFV7sLEezKOy+58cJiLcWUQ8uo5VRJ6cZsuadY":{"registrationId":94521690,"currentRatchet":{"ephemeralKeyPair":{"pubKey":"BfeffZOh/vvUWzqqXVarbV+LeAvXIuQydpfrniN+ughg","privKey":"aJxtPmuXyf6yqa+3uofyhNQpQhgIAzVaHjZovzwrkHQ="},"lastRemoteEphemeralKey":"Bafmgdlxz3fbKuKLmoDdOHKVepEXIivcIANTtPjOmxUi","previousCounter":0,"rootKey":"KnwDYGDkNzyp7Z7zlVyVjqAM6GNAFY7SadH7ztbtpRA="},"indexInfo":{"baseKey":"BQGMmLzFV7sLEezKOy+58cJiLcWUQ8uo5VRJ6cZsuadY","baseKeyType":1,"closed":-1,"used":1696337706308,"created":1696337706308,"remoteIdentityKey":"BUS2SEVT1EHyWbhX+5KM8ZK+AL9PB7b3htu5bB1K/+80"},"_chains":{"BfeffZOh/vvUWzqqXVarbV+LeAvXIuQydpfrniN+ughg":{"chainKey":{"counter":2,"key":"G5zUCAziuoaElkgrJLYm3ek0GANhBnNHIS4IMN9yJUw="},"chainType":1,"messageKeys":{}}},"pendingPreKey":{"signedKeyId":1,"baseKey":"BQGMmLzFV7sLEezKOy+58cJiLcWUQ8uo5VRJ6cZsuadY","preKeyId":7673436}}},"version":"v1"}