{"_sessions":{"BRsdW7SpdpepdgEj2Lq/JtnLBjiF1D+hBPv/UZXlu2E6":{"registrationId":1860612862,"currentRatchet":{"ephemeralKeyPair":{"pubKey":"Bf6kw5LdPFFbXhe/dpKCXkNZ6YICfbBBaNHAqydlV5pH","privKey":"WGaI+h8LuTlJB3I4qhQxhuG1N+YmTjrV/iyPzszD7GM="},"lastRemoteEphemeralKey":"BXPMQnnjPfNCZWeJhlcIYUxmInvCW6gioTszHeOcHuB6","previousCounter":0,"rootKey":"z5LZEnPw6GTV0Ojjyl6TeHEF1TNx75ZWxViEZLfXtlc="},"indexInfo":{"baseKey":"BRsdW7SpdpepdgEj2Lq/JtnLBjiF1D+hBPv/UZXlu2E6","baseKeyType":1,"closed":-1,"used":1696337719376,"created":1696337719376,"remoteIdentityKey":"BTQ4XaXyF5YOHan5Zpu3mON7jRSXG1jqR7oT1X1pTfMt"},"_chains":{"Bf6kw5LdPFFbXhe/dpKCXkNZ6YICfbBBaNHAqydlV5pH":{"chainKey":{"counter":0,"key":"S/QYxpKBbTivBRZXtam1ZPVn1WQXiDb9Pz8nZDEiArU="},"chainType":1,"messageKeys":{}}},"pendingPreKey":{"signedKeyId":31,"baseKey":"BRsdW7SpdpepdgEj2Lq/JtnLBjiF1D+hBPv/UZXlu2E6","preKeyId":6213373}}},"version":"v1"}