{"_sessions":{"BWtuuyndxI9qz+85ooO/LC1qAnqbROf1AOQ857DHfR8q":{"registrationId":1543976308,"currentRatchet":{"ephemeralKeyPair":{"pubKey":"BTqqJRIP9S1oQIRSK95gn82R9odskqDEb2jA+0iO0A8l","privKey":"QJcDdaz8e7qaVlaxwMxea45zMpag+gC2DEWpgAkUKHw="},"lastRemoteEphemeralKey":"Bdm97jBDBxxDy1qxbjhiwZAP9MLHs03IONXPlbtX751W","previousCounter":0,"rootKey":"clCatItkUubIA/wSGP0WQr2etm/TmHU0KZgjP+XCuLQ="},"indexInfo":{"baseKey":"BWtuuyndxI9qz+85ooO/LC1qAnqbROf1AOQ857DHfR8q","baseKeyType":1,"closed":-1,"used":1696337719783,"created":1696337719783,"remoteIdentityKey":"Baf7nwOylwKvYyKQFbxdcagy+jetXmEod+AsKgBW5poq"},"_chains":{"BTqqJRIP9S1oQIRSK95gn82R9odskqDEb2jA+0iO0A8l":{"chainKey":{"counter":0,"key":"Sn7EtShNI4ygbx+daTYLtgR2ZHgEzaQf/YSWXRrbBbg="},"chainType":1,"messageKeys":{}}},"pendingPreKey":{"signedKeyId":1,"baseKey":"BWtuuyndxI9qz+85ooO/LC1qAnqbROf1AOQ857DHfR8q","preKeyId":16641613}}},"version":"v1"}