{"_sessions":{"BWu6TFfsDZ5q5IPL9lINKV5A1E/p5I6lWo1tzD0cW89Y":{"registrationId":158423758,"currentRatchet":{"ephemeralKeyPair":{"pubKey":"BbHIxg6+C/gaoXaaRiGQnOTGUOt0gVlFdaanl5xa/5lI","privKey":"aNcizGr59Fgnig0TiDTz1kO1Qlt4uTNCfsYQI0NNpUg="},"lastRemoteEphemeralKey":"BZ9WdQDio4KCF80ECdGuIjGXsCDq43NWClInBKU3kOhO","previousCounter":0,"rootKey":"n6Ob+tmynb4jDK5m206CLYP+ykA+PU7e45WU86L4YmU="},"indexInfo":{"baseKey":"BWu6TFfsDZ5q5IPL9lINKV5A1E/p5I6lWo1tzD0cW89Y","baseKeyType":1,"closed":-1,"used":1696337704611,"created":1696337704611,"remoteIdentityKey":"Ba5v9NnDE08wWjt8jnVxiO1HWXC7OeVqAVvKFob1PCNu"},"_chains":{"BbHIxg6+C/gaoXaaRiGQnOTGUOt0gVlFdaanl5xa/5lI":{"chainKey":{"counter":2,"key":"WKNYppJUt8GSLHxm5DGcJE8sNu7lHn9aoz0p04do540="},"chainType":1,"messageKeys":{}}},"pendingPreKey":{"signedKeyId":3,"baseKey":"BWu6TFfsDZ5q5IPL9lINKV5A1E/p5I6lWo1tzD0cW89Y","preKeyId":10232944}}},"version":"v1"}