{"_sessions":{"BZs0EaNhZSNOZOZ4kPkE7skduTlPe/kIgPjhzgj/pzkI":{"registrationId":136535003,"currentRatchet":{"ephemeralKeyPair":{"pubKey":"BUYibiFji3rUjoZI2f1mg3SA/dAfKGf8kEK5hu1SS1oB","privKey":"sOua6ZA6Lre1u+qlRvqq1TbTMKSlYpO6uqwCdprQWnU="},"lastRemoteEphemeralKey":"BXNJ6UOng4jTSwm/0dPsdAUYzbH/ufWPIHHEr7BP1F5C","previousCounter":0,"rootKey":"lqmXC39sPjIFTUxD1La9lpwIak1DFIsAySlLfL2nwnE="},"indexInfo":{"baseKey":"BZs0EaNhZSNOZOZ4kPkE7skduTlPe/kIgPjhzgj/pzkI","baseKeyType":1,"closed":-1,"used":1696337705396,"created":1696337705396,"remoteIdentityKey":"BYUGckBu2FP2vHT7RoqPW+64RocWy4BpW9LEXrQjuH4t"},"_chains":{"BUYibiFji3rUjoZI2f1mg3SA/dAfKGf8kEK5hu1SS1oB":{"chainKey":{"counter":2,"key":"M/P9ECBLQANRNY0nNKuwgDwMJW0Hz/o2HOi9fp9xIBU="},"chainType":1,"messageKeys":{}}},"pendingPreKey":{"signedKeyId":3,"baseKey":"BZs0EaNhZSNOZOZ4kPkE7skduTlPe/kIgPjhzgj/pzkI"}}},"version":"v1"}