{"_sessions":{"BeXWMtUjZKWRyB1W6IYpMFjOQBKa6Z52WWR7WzhLV6kW":{"registrationId":1966187080,"currentRatchet":{"ephemeralKeyPair":{"pubKey":"BcNThEmLCu2DXh+6Mx5Tah/L5Zx1VyoPwLkHFhht/Y54","privKey":"GECgPy1Qt6rGtJ1nX28+zNckZ81fNntOaJlt5x3fSHI="},"lastRemoteEphemeralKey":"BcLseDNj+JxC/Ys1SsH7v6vDe+Tdv3plnGzA8mOqs2AP","previousCounter":0,"rootKey":"/fezUkyqRzxrwTCwDjRls9CdIrV4XuIm/miUuDOyYYI="},"indexInfo":{"baseKey":"BeXWMtUjZKWRyB1W6IYpMFjOQBKa6Z52WWR7WzhLV6kW","baseKeyType":1,"closed":-1,"used":1696337704955,"created":1696337704955,"remoteIdentityKey":"Bany/BipyAL1CAgHFtWrTO5fNEGhfv6+gEZq3L8Ilxsg"},"_chains":{"BcNThEmLCu2DXh+6Mx5Tah/L5Zx1VyoPwLkHFhht/Y54":{"chainKey":{"counter":2,"key":"nOsQeq3Q/xR3CdXrSUWLfsSVRByujmxpIXySoB8jl9I="},"chainType":1,"messageKeys":{}}},"pendingPreKey":{"signedKeyId":3,"baseKey":"BeXWMtUjZKWRyB1W6IYpMFjOQBKa6Z52WWR7WzhLV6kW"}}},"version":"v1"}