{"_sessions":{"BcnoBqmtMfkZMeIycq0EajjMD3npMjcuXu1KndAmMO8i":{"registrationId":239675807,"currentRatchet":{"ephemeralKeyPair":{"pubKey":"BcsbygV+qrUaX68l/xYx9PDUwGjZVB+U4ObBfw86RT8T","privKey":"QMx9owt6N5DCQB9cpKH3h3eOh3CQfgmfvTs+2qGl2F0="},"lastRemoteEphemeralKey":"BXZeGrLnHNmJMUCBaIPZshaQO8l79NPA9TR+ezplS3AD","previousCounter":0,"rootKey":"f42oiO6bGk7O3ge4GbJ5gTXGWY9LD6Vp+nzTkMGEVME="},"indexInfo":{"baseKey":"BcnoBqmtMfkZMeIycq0EajjMD3npMjcuXu1KndAmMO8i","baseKeyType":1,"closed":-1,"used":1696337705579,"created":1696337705579,"remoteIdentityKey":"BdRX40mPw89ERMR4i0wn85tSPpGlg17Kkdi7bFG6G0kD"},"_chains":{"BcsbygV+qrUaX68l/xYx9PDUwGjZVB+U4ObBfw86RT8T":{"chainKey":{"counter":2,"key":"ww1q7yyfNTSL3/UPNkesae5bzP7wuA3/MR7gQPid8RI="},"chainType":1,"messageKeys":{}}},"pendingPreKey":{"signedKeyId":23,"baseKey":"BcnoBqmtMfkZMeIycq0EajjMD3npMjcuXu1KndAmMO8i","preKeyId":977233}}},"version":"v1"}