{"_sessions":{"BVQohGXo/TM2J7MHQUfXzsJWZjgU86cI5RQQDQDoqDIP":{"registrationId":1094919990,"currentRatchet":{"ephemeralKeyPair":{"pubKey":"BViHjfQTlu5VOELEoL0ib9C+UPIJbRnVU4k1VaeoHQYd","privKey":"aFDf9wwJ/vJXA0Xrf7HcVDXy7ozIuKWqcGn0ewepXk8="},"lastRemoteEphemeralKey":"BTMqLwgAXpcu2WO6nx5jNOpK0qnYiWPQcgXiZ4PvveZL","previousCounter":0,"rootKey":"tf3UfiL7JUGtRU+ktI8zj4C4ZlFtRQtEkQ972i66fFg="},"indexInfo":{"baseKey":"BVQohGXo/TM2J7MHQUfXzsJWZjgU86cI5RQQDQDoqDIP","baseKeyType":1,"closed":-1,"used":1696337706802,"created":1696337706802,"remoteIdentityKey":"BRZNmSazkK+JJqEdLHP7bpg3PUStOLnLI+BNILU7Nycn"},"_chains":{"BViHjfQTlu5VOELEoL0ib9C+UPIJbRnVU4k1VaeoHQYd":{"chainKey":{"counter":2,"key":"YkRz881wFDmg96qTn3cCjFwlyX7kITXmM71eCGa9pDA="},"chainType":1,"messageKeys":{}}},"pendingPreKey":{"signedKeyId":9,"baseKey":"BVQohGXo/TM2J7MHQUfXzsJWZjgU86cI5RQQDQDoqDIP","preKeyId":4589555}}},"version":"v1"}