{"_sessions":{"Bf28xLNDXdreaTozE+MTWJXykwYJ0PpVOZ1geIpko3sY":{"registrationId":443653881,"currentRatchet":{"ephemeralKeyPair":{"pubKey":"BVP+hMV6TFCDT4gcPc4eL0GHEWHNIdgSysdNItBTRv8w","privKey":"wMjqeOOUqt9558k2JO3POnuLQ7zQYb2OAZtMoGdUPnQ="},"lastRemoteEphemeralKey":"BYcseNsFAMr3q2YDgDStpc/lw2vTYkPpu6XSLYpSn+AD","previousCounter":0,"rootKey":"xxrRF9sJiDCI2jtbErygYeWPo/xY5lJq2GomERzDPNU="},"indexInfo":{"baseKey":"Bf28xLNDXdreaTozE+MTWJXykwYJ0PpVOZ1geIpko3sY","baseKeyType":1,"closed":-1,"used":1696337705288,"created":1696337705288,"remoteIdentityKey":"BfPmDe2t9o4rqkAXb9L/D1ojJsHZWUPj1IaAGiwksW8D"},"_chains":{"BVP+hMV6TFCDT4gcPc4eL0GHEWHNIdgSysdNItBTRv8w":{"chainKey":{"counter":2,"key":"tZv0KAreR2QgZT/IL8Xd/bij+P0C0wAHevLGRtJMp7I="},"chainType":1,"messageKeys":{}}},"pendingPreKey":{"signedKeyId":31,"baseKey":"Bf28xLNDXdreaTozE+MTWJXykwYJ0PpVOZ1geIpko3sY","preKeyId":7170928}}},"version":"v1"}