{"_sessions":{"BVNYc8RmXcWnJZ/NsQIpdqalWJghTyPq+6K6ChUF7gFy":{"registrationId":1788619161,"currentRatchet":{"ephemeralKeyPair":{"pubKey":"BeaVOUPtbGl+yQzL27290+Ng8CnJQ8ppbtL0G6TG1zp5","privKey":"YKPADFGtZHhygkkwfyarWPC3d4X/wf0wre38ZyHspXU="},"lastRemoteEphemeralKey":"BZ6Fv+gijQ/hyl5WaDnAJnkOQ7LQ1rGEGD6VqJzbTp9X","previousCounter":0,"rootKey":"fwmfH3j33M32PYUlvcRzAFhhgTrfGJ2nncVjOZbGknw="},"indexInfo":{"baseKey":"BVNYc8RmXcWnJZ/NsQIpdqalWJghTyPq+6K6ChUF7gFy","baseKeyType":1,"closed":-1,"used":1696337752691,"created":1696337752691,"remoteIdentityKey":"BZXG6/ngGHKt3sOH8/tts0h1G5Fh7YP3xG8sYVkyTNxq"},"_chains":{"BeaVOUPtbGl+yQzL27290+Ng8CnJQ8ppbtL0G6TG1zp5":{"chainKey":{"counter":0,"key":"OwuSv4Nm9NiWVKiA37B0JE/70/euy8QxDPRD9/Jd5ac="},"chainType":1,"messageKeys":{}}},"pendingPreKey":{"signedKeyId":2,"baseKey":"BVNYc8RmXcWnJZ/NsQIpdqalWJghTyPq+6K6ChUF7gFy","preKeyId":10210368}}},"version":"v1"}