{"_sessions":{"BdvXpRilb6o7nK78JRpIncFxicU0EdUb0ZNe65GE+BI5":{"registrationId":1766367827,"currentRatchet":{"ephemeralKeyPair":{"pubKey":"BfZkCI9hgMtndbjgonx+5Wa50GXZmLz/TZhrgyayVJ8F","privKey":"YGMCiooWobWoHaig1KEpL7kJKZqwlyEY8IdIkwTcOnI="},"lastRemoteEphemeralKey":"BbCzFa/C559JcSzbJypu+7blUMJzEgd3miIj2k7VOERj","previousCounter":0,"rootKey":"+2llF7Lz7mb4QAW+B5ELX0VWb3ig+Qugctte+Tkc/nQ="},"indexInfo":{"baseKey":"BdvXpRilb6o7nK78JRpIncFxicU0EdUb0ZNe65GE+BI5","baseKeyType":1,"closed":-1,"used":1696337719380,"created":1696337719380,"remoteIdentityKey":"Bb3oDXjp7ddOIW8zu1BYmP/Urs5KXNryshsuJt244gA0"},"_chains":{"BfZkCI9hgMtndbjgonx+5Wa50GXZmLz/TZhrgyayVJ8F":{"chainKey":{"counter":0,"key":"PYXQyk13vAk6VfNNqULRcTFQEtDjT6fisZCxUUKaHLI="},"chainType":1,"messageKeys":{}}},"pendingPreKey":{"signedKeyId":3,"baseKey":"BdvXpRilb6o7nK78JRpIncFxicU0EdUb0ZNe65GE+BI5","preKeyId":10556496}}},"version":"v1"}