{"_sessions":{"BekVpUedhr992ZFmWDcsfhr/qoB4MBdF8MnqQjKtzWdd":{"registrationId":773996224,"currentRatchet":{"ephemeralKeyPair":{"pubKey":"BXIwevQkAEVjxEbmeK0Au49G6ABXcVfz6NgS2WOu1oRz","privKey":"CAXKsG9tLCRJX5E8BAgVE2RYgde6t4D86a3LH2TBMEI="},"lastRemoteEphemeralKey":"BWqmCHt1Lr3qkt6kb7JFeSR9i10EoOEE+qOp7FEqAfZO","previousCounter":0,"rootKey":"eZeFa224Za0l1Hj+CTs5+GAl44YIp5jHZA6/9Jwt4AM="},"indexInfo":{"baseKey":"BekVpUedhr992ZFmWDcsfhr/qoB4MBdF8MnqQjKtzWdd","baseKeyType":1,"closed":-1,"used":1696337704138,"created":1696337704138,"remoteIdentityKey":"BWiyTv/x+8grvmqVz7zUABL2UcWa4xyuobM36P7DukxP"},"_chains":{"BXIwevQkAEVjxEbmeK0Au49G6ABXcVfz6NgS2WOu1oRz":{"chainKey":{"counter":2,"key":"BuIb6xrSUPVDrxR0uf4DiVLXJW5dW0HnlphTgHVQcIA="},"chainType":1,"messageKeys":{}}},"pendingPreKey":{"signedKeyId":6,"baseKey":"BekVpUedhr992ZFmWDcsfhr/qoB4MBdF8MnqQjKtzWdd","preKeyId":2929032}}},"version":"v1"}