{"_sessions":{"BUb36osRqUsFoQpVBhBMMaAhWCIdaRpWk1nsA/W5MMtC":{"registrationId":3732,"currentRatchet":{"ephemeralKeyPair":{"pubKey":"BRuCD45GTHymoXb7+TMl6t1IepOlBIpKx68tmI6bUktT","privKey":"qD55EuXOf64llcHl/8ixTGHcMsNVK8n76B8q8NPQyXY="},"lastRemoteEphemeralKey":"BTlLfPam/qJ2wi5c/H9T6yNUQS9xDct0VtbU2eZOFmV4","previousCounter":0,"rootKey":"WdvmpVC+4DpXbzmiBjyQSQPWL9TX6rd6aUpc6MklJZU="},"indexInfo":{"baseKey":"BUb36osRqUsFoQpVBhBMMaAhWCIdaRpWk1nsA/W5MMtC","baseKeyType":1,"closed":-1,"used":1696337703987,"created":1696337703987,"remoteIdentityKey":"BdO2vL0qSnsggVVgYtysXkv7D7G15wFYu5w5dzodoI5o"},"_chains":{"BRuCD45GTHymoXb7+TMl6t1IepOlBIpKx68tmI6bUktT":{"chainKey":{"counter":2,"key":"gOeYtsHxiZZ5E/+bPmlQdpzPaxu5IplQubWcy/mtJf4="},"chainType":1,"messageKeys":{}}},"pendingPreKey":{"signedKeyId":1,"baseKey":"BUb36osRqUsFoQpVBhBMMaAhWCIdaRpWk1nsA/W5MMtC","preKeyId":831}}},"version":"v1"}