{"_sessions":{"BRYRHfhwP+zH8dcf/aRz6Cw7w/E1JQjuIwYvtv+QZu5A":{"registrationId":35691891,"currentRatchet":{"ephemeralKeyPair":{"pubKey":"Bc3YMla4+pqBW/wpG3LI6ZdNOO9/xI70N3BhYsDWbjdI","privKey":"KGwwY9JKEHDrh3YDwe3n4w4Ok3j0mumI8CDL/btPoV8="},"lastRemoteEphemeralKey":"BXWjQvJOR2VNUOypg8NtpaXxRhAUCI5ePl79G0baFhND","previousCounter":0,"rootKey":"0q2I7Z6S1r6KFFjj1xaDGK4q//EQBySjeAE5CcNyzK4="},"indexInfo":{"baseKey":"BRYRHfhwP+zH8dcf/aRz6Cw7w/E1JQjuIwYvtv+QZu5A","baseKeyType":1,"closed":-1,"used":1696337719591,"created":1696337719591,"remoteIdentityKey":"BSW+W12HeCeVgCn+WT/ps1UMSCf58hzi4Z7Qc6M6CZ9x"},"_chains":{"Bc3YMla4+pqBW/wpG3LI6ZdNOO9/xI70N3BhYsDWbjdI":{"chainKey":{"counter":0,"key":"E8aLkZS3DpxGLwYcNNJMQA+0YaBtlPervZE0IV4JC9M="},"chainType":1,"messageKeys":{}}},"pendingPreKey":{"signedKeyId":6,"baseKey":"BRYRHfhwP+zH8dcf/aRz6Cw7w/E1JQjuIwYvtv+QZu5A","preKeyId":7910529}}},"version":"v1"}