{"_sessions":{"BfO67UWJ3U2ja224DNrtsnUa5xjIFhbeWAUeCs2VPKoO":{"registrationId":118768199,"currentRatchet":{"ephemeralKeyPair":{"pubKey":"BYifYjdPmPuHPX7g8g5euBBVE6TJS6+lgSTjiB3VdhE/","privKey":"INEqvzUMEe7DP2XDIz1ox21S/E2mMWTsPpSYeqdH4GM="},"lastRemoteEphemeralKey":"BdTmbKlfw4l0769iCx2i9N0hTBl7nHyFVcz7e80j/1dZ","previousCounter":0,"rootKey":"Vex6YzxOHT3I1Wecy/W64KcuVqQ2B4e1r/Ab0/lLaJ0="},"indexInfo":{"baseKey":"BfO67UWJ3U2ja224DNrtsnUa5xjIFhbeWAUeCs2VPKoO","baseKeyType":1,"closed":-1,"used":1696337705199,"created":1696337705199,"remoteIdentityKey":"BZfyq/ymlb8PpZAtHCW4OFhwVBadbDltKm3aA0ULpll9"},"_chains":{"BYifYjdPmPuHPX7g8g5euBBVE6TJS6+lgSTjiB3VdhE/":{"chainKey":{"counter":2,"key":"a6f8KOTZboToKidtYwMd0jMknqcMsL3py3jOH6vnPp4="},"chainType":1,"messageKeys":{}}},"pendingPreKey":{"signedKeyId":1,"baseKey":"BfO67UWJ3U2ja224DNrtsnUa5xjIFhbeWAUeCs2VPKoO","preKeyId":6813446}}},"version":"v1"}