{"_sessions":{"Bc6u0VQxAXF/Y4DfBdSWr/mhA2NYNoy73w38uCoLKm8v":{"registrationId":460228705,"currentRatchet":{"ephemeralKeyPair":{"pubKey":"BR79i/VBDBVkLb/Zm9rVw6y8BqC+eRnD0+S1Shgdq+Ai","privKey":"+Bn1S2cYSwRNB8Cc4ZmrK5EkYxpKzY3E+U/h0LHeWnk="},"lastRemoteEphemeralKey":"BdJ+VI95lwztgFPqPiAB2birKN7JmF4WXtxPhr4MQJo1","previousCounter":0,"rootKey":"y5uwbaRd2agH0VtlNKMXfXLMCNs68UBiUTb4/lZ23rg="},"indexInfo":{"baseKey":"Bc6u0VQxAXF/Y4DfBdSWr/mhA2NYNoy73w38uCoLKm8v","baseKeyType":1,"closed":-1,"used":1696337719647,"created":1696337719647,"remoteIdentityKey":"BSgiTsopaVS1X5C5uyM6hVNuYCMgcJ94W4I4NHXtgUcv"},"_chains":{"BR79i/VBDBVkLb/Zm9rVw6y8BqC+eRnD0+S1Shgdq+Ai":{"chainKey":{"counter":0,"key":"FeCHY5GeQMg68WV3e68dPvClSBNsG14TiX0ljP4qP6w="},"chainType":1,"messageKeys":{}}},"pendingPreKey":{"signedKeyId":0,"baseKey":"Bc6u0VQxAXF/Y4DfBdSWr/mhA2NYNoy73w38uCoLKm8v","preKeyId":15333918}}},"version":"v1"}