{"_sessions":{"BdVQGAb/rg4ybQAgv3vlOQUW3e5m18i80DaBe39ypHJn":{"registrationId":1597740971,"currentRatchet":{"ephemeralKeyPair":{"pubKey":"BWW1UTGkTZ4PCRSj8FWkEdZ2msAFP9lSiIYnApyh6l9L","privKey":"GC2ODAMUoRAmUToeK2D4fOTWPzHdKkuBHuPulB2abX8="},"lastRemoteEphemeralKey":"BWPfG/LAtVBpL0KoAq+NIhE6zRtJ9KLTnRt7xWT0RvIc","previousCounter":0,"rootKey":"DMaZX0iLRTM+41EsglQPALQTN83kb28MyVg6X+qS8Dg="},"indexInfo":{"baseKey":"BdVQGAb/rg4ybQAgv3vlOQUW3e5m18i80DaBe39ypHJn","baseKeyType":1,"closed":-1,"used":1696337705306,"created":1696337705306,"remoteIdentityKey":"BdCN4HF+dGmd+68qmsvYUD+XiILIfvn8Ujcb05tZgl1m"},"_chains":{"BWW1UTGkTZ4PCRSj8FWkEdZ2msAFP9lSiIYnApyh6l9L":{"chainKey":{"counter":2,"key":"L2FIKKOtJmKhm6OyJcyOfQ8MwRvxSwxJGwVX0nqLXHw="},"chainType":1,"messageKeys":{}}},"pendingPreKey":{"signedKeyId":3,"baseKey":"BdVQGAb/rg4ybQAgv3vlOQUW3e5m18i80DaBe39ypHJn","preKeyId":5635757}}},"version":"v1"}