{"_sessions":{"BbxhX46WGCr7EKXqKDSq/8spAntJ00fW43/JzzOMmMRp":{"registrationId":12877,"currentRatchet":{"ephemeralKeyPair":{"pubKey":"BTxn4a+053kC7IhL7URlaPo6IRKCeA5YJGvJxzYJ1pkZ","privKey":"QLFcUf63qlER4C7lAXWHZjEwxWjDa0VtWa5dXRcuYHc="},"lastRemoteEphemeralKey":"BTz73KqFRVoxF09lOOOezwGIcFw/dEZXimtRG+ip3KkK","previousCounter":0,"rootKey":"3JPsWcLQvEhhxcvl+U2bj28hVNE/tJEJuLl3tsuxlIU="},"indexInfo":{"baseKey":"BbxhX46WGCr7EKXqKDSq/8spAntJ00fW43/JzzOMmMRp","baseKeyType":1,"closed":-1,"used":1696337703233,"created":1696337703233,"remoteIdentityKey":"BTd2NEJJ5kdKXxb7JY121SiTdswTPE1wLfpv8tCFn6VP"},"_chains":{"BTxn4a+053kC7IhL7URlaPo6IRKCeA5YJGvJxzYJ1pkZ":{"chainKey":{"counter":2,"key":"zNacq6tAJj83nrd7s+T5wkcvOnZWq1l1U1he97jnnGU="},"chainType":1,"messageKeys":{}}},"pendingPreKey":{"signedKeyId":1,"baseKey":"BbxhX46WGCr7EKXqKDSq/8spAntJ00fW43/JzzOMmMRp"}}},"version":"v1"}