{"_sessions":{"BR4xr2KACYyWjLiVbEF6pJW2K5bNsii3Mrch8Hm81kgT":{"registrationId":806013330,"currentRatchet":{"ephemeralKeyPair":{"pubKey":"BUCkp+JmQkWPGxmhlJji6iYpdYHOFIa4q2P4p0sH1LxJ","privKey":"IPMSkKnqZXArL5y2/kZAyl9ROCbjinDLscq2fvrrEXk="},"lastRemoteEphemeralKey":"BYHlI5V4ZasAUnsK+eH8nzjOPwv0RC9pV5YNgelMZt48","previousCounter":0,"rootKey":"gNujThJYp0auFnyfTSaUMdMz8FuH6VURw2+dT/oKKk8="},"indexInfo":{"baseKey":"BR4xr2KACYyWjLiVbEF6pJW2K5bNsii3Mrch8Hm81kgT","baseKeyType":1,"closed":-1,"used":1696337704874,"created":1696337704874,"remoteIdentityKey":"BdQEyJ5wL8cs1C2+GN2KItTF49IeQ8d+T5OalpKoACpd"},"_chains":{"BUCkp+JmQkWPGxmhlJji6iYpdYHOFIa4q2P4p0sH1LxJ":{"chainKey":{"counter":2,"key":"JlY0hUKf5F8u0NKlD2eTZawLT+tlnT5VAAugDiaFjqA="},"chainType":1,"messageKeys":{}}},"pendingPreKey":{"signedKeyId":26,"baseKey":"BR4xr2KACYyWjLiVbEF6pJW2K5bNsii3Mrch8Hm81kgT","preKeyId":936230}}},"version":"v1"}