{"_sessions":{"BcZsZ0p4Lwz3bvZrtKaNkthDTI1/th55X4J4DizujvR/":{"registrationId":1007,"currentRatchet":{"ephemeralKeyPair":{"pubKey":"BWW/8NTDVXYHcMT3F9WxcJEFWyYqt7SVSdt44uUBl+Y5","privKey":"cATTFJqk75d8Xz5iApqEaMhQrBIpa5ww1VjLgcpKyHo="},"lastRemoteEphemeralKey":"BXkvv4x6cFfcYI6yDXjo7Ds2OPG9cJpeJc5S3ghI/Q0G","previousCounter":0,"rootKey":"Hr6bUk5GmJY61uWLrPq0szOJDCb8fdTj9Uva8EpO/Oc="},"indexInfo":{"baseKey":"BcZsZ0p4Lwz3bvZrtKaNkthDTI1/th55X4J4DizujvR/","baseKeyType":1,"closed":-1,"used":1696337731279,"created":1696337731279,"remoteIdentityKey":"BRH8ApkI422y3LpAt2+gztq2k0MilQ1k81o4DfA5l3t0"},"_chains":{"BWW/8NTDVXYHcMT3F9WxcJEFWyYqt7SVSdt44uUBl+Y5":{"chainKey":{"counter":1,"key":"UC5LAcRCCpNmDusJ7/8pZkMtWBOylGjr0LI8T3r3xpQ="},"chainType":1,"messageKeys":{}}},"pendingPreKey":{"signedKeyId":1,"baseKey":"BcZsZ0p4Lwz3bvZrtKaNkthDTI1/th55X4J4DizujvR/"}}},"version":"v1"}