{"_sessions":{"BYp95qD2Wr6W2g/rCM6+XnRMtk7LcK7iXo9OWgGiWccn":{"registrationId":740273471,"currentRatchet":{"ephemeralKeyPair":{"pubKey":"Bb5DdIY+zoBT3k2oENCNx4jJpOHV/nq3SaUUYW6hL7VC","privKey":"IJ+ocZVdmStNyh4HoEY7b0CG88r959gY0usocT2Wd3M="},"lastRemoteEphemeralKey":"BXVOSiFGjKAcc+1aD2NJGpHEkzbyDubIyw0nP8NgfGYl","previousCounter":0,"rootKey":"HM+FBBchRH3QujYTEFxiPOMOyeHITT3AAIfsU/jewwU="},"indexInfo":{"baseKey":"BYp95qD2Wr6W2g/rCM6+XnRMtk7LcK7iXo9OWgGiWccn","baseKeyType":1,"closed":-1,"used":1696337707161,"created":1696337707161,"remoteIdentityKey":"BZRHi7Vd2JZKe1bZTsTV6fl/XbrgyQqAPtqZwFqRbG4l"},"_chains":{"Bb5DdIY+zoBT3k2oENCNx4jJpOHV/nq3SaUUYW6hL7VC":{"chainKey":{"counter":2,"key":"z7TzutjAqdinMdjgiO/nVZBPSZ4M6TPxbYdpojDw0dM="},"chainType":1,"messageKeys":{}}},"pendingPreKey":{"signedKeyId":19,"baseKey":"BYp95qD2Wr6W2g/rCM6+XnRMtk7LcK7iXo9OWgGiWccn","preKeyId":7479421}}},"version":"v1"}