{"_sessions":{"BRnlN9nF0ooIxQkQ+ateBz7xvfGDZrHox8rF1t2NTVUg":{"registrationId":679400524,"currentRatchet":{"ephemeralKeyPair":{"pubKey":"BQRv96z6Z4oFOAVAt4Krus61GX8rNRhkxHOrjs1dyfwQ","privKey":"oLULboE6Ruf12Flb9Fu27+j22icoiqZHQ5+dcX4zc2o="},"lastRemoteEphemeralKey":"BZLteDmu8rFn1YL1Dl6Ha+5OWHHj86D2XG2s8QeZJ5BQ","previousCounter":0,"rootKey":"B1IQXRA5LWXtONm0aCzzQrzN4P4SEXrcI+1Hqbv9wMU="},"indexInfo":{"baseKey":"BRnlN9nF0ooIxQkQ+ateBz7xvfGDZrHox8rF1t2NTVUg","baseKeyType":1,"closed":-1,"used":1696337705803,"created":1696337705803,"remoteIdentityKey":"Ba9L5f9cLYoz2UV6zLbmUckGJ2CkaV06xsphpVy5ZQQK"},"_chains":{"BQRv96z6Z4oFOAVAt4Krus61GX8rNRhkxHOrjs1dyfwQ":{"chainKey":{"counter":2,"key":"yYgRWJhNOSkvxCFocF3Nmw/Y7dF6Ouk2Nbe9TOvFsTQ="},"chainType":1,"messageKeys":{}}},"pendingPreKey":{"signedKeyId":5,"baseKey":"BRnlN9nF0ooIxQkQ+ateBz7xvfGDZrHox8rF1t2NTVUg","preKeyId":12944361}}},"version":"v1"}