{"_sessions":{"BaHpYZeLQzicx6vE0eOvFTST3p9AC2UsxoA6qDAMQvxR":{"registrationId":1651212202,"currentRatchet":{"ephemeralKeyPair":{"pubKey":"BRW2IE2jnUlZbaTEQrvKDbz+K+D+T0qRuHNEP4u6B/sh","privKey":"iHR949T0TYKYlc0Qewvlga9V56QUfZXqzaeGMLhbGHc="},"lastRemoteEphemeralKey":"BeD3g7fQ10uD/n/79X9MA0d79dXMzJsz6NU7P4hOrfIH","previousCounter":0,"rootKey":"KFB/qV1bbD+dGpy8RL0AVygphCKKkzIuRFeLJB70ZnI="},"indexInfo":{"baseKey":"BaHpYZeLQzicx6vE0eOvFTST3p9AC2UsxoA6qDAMQvxR","baseKeyType":1,"closed":-1,"used":1696337705988,"created":1696337705988,"remoteIdentityKey":"BWVlgkGvXRFaKxriGEl3UcRuD1X69GaoxZty9gQqhP0+"},"_chains":{"BRW2IE2jnUlZbaTEQrvKDbz+K+D+T0qRuHNEP4u6B/sh":{"chainKey":{"counter":2,"key":"NFwYNpdt0QMkr1/jRJXT96cEQHwEoF0qYHBwOqkwkY8="},"chainType":1,"messageKeys":{}}},"pendingPreKey":{"signedKeyId":0,"baseKey":"BaHpYZeLQzicx6vE0eOvFTST3p9AC2UsxoA6qDAMQvxR","preKeyId":4242007}}},"version":"v1"}