{"_sessions":{"BXXvT817SpLUOibN+2nZ+Rxxn26ibhlhhJloaS/VAupA":{"registrationId":1929856029,"currentRatchet":{"ephemeralKeyPair":{"pubKey":"BZaLKyLsJ1BMipAxGNEbATxHuVXX6O1ILq744g+ZFF8a","privKey":"aDWDY+W8kGmL1vmPN4ul00x9xDSK2OqTJ8T4qjVxclg="},"lastRemoteEphemeralKey":"BYBYjVX+kRRKBLi9zXTMs3TwXHVNKnMSG4Pz0R3UkX9U","previousCounter":0,"rootKey":"Dv5hNbIidQG4VjbxXg0lIwJy7JNF2ysmuAz8y+4Rw+Q="},"indexInfo":{"baseKey":"BXXvT817SpLUOibN+2nZ+Rxxn26ibhlhhJloaS/VAupA","baseKeyType":1,"closed":-1,"used":1696337706476,"created":1696337706476,"remoteIdentityKey":"BRWufv5H18533seCS/2Dnltfy89vVhXBY+pgM0nQ5KFp"},"_chains":{"BZaLKyLsJ1BMipAxGNEbATxHuVXX6O1ILq744g+ZFF8a":{"chainKey":{"counter":2,"key":"4CC1KJqq3fPAWWjZGIFXIJFl3KG8zxJc9VMMnDPxi3s="},"chainType":1,"messageKeys":{}}},"pendingPreKey":{"signedKeyId":16,"baseKey":"BXXvT817SpLUOibN+2nZ+Rxxn26ibhlhhJloaS/VAupA","preKeyId":2720468}}},"version":"v1"}