{"_sessions":{"BcdJppQJTs4UV2xEBOr4YSZL2T7pVLZR8Q6kxZH7IVNI":{"registrationId":14543636,"currentRatchet":{"ephemeralKeyPair":{"pubKey":"BaEoE2+BA1i4uABuzq79oOV6HpHP3p8XOOl125Gdr59v","privKey":"0OMk0zBM/6rj4Pp9cfdIlJ2vHOrYHxissaVsmb47S0M="},"lastRemoteEphemeralKey":"BfDgcV4yBzMg1/5J0HsIMCstfyPNUJnzigTRgQXE9OA3","previousCounter":0,"rootKey":"hx3CyeDjFY5fDggKV1ZnXx5gZJWskQawluglZCH/t6w="},"indexInfo":{"baseKey":"BcdJppQJTs4UV2xEBOr4YSZL2T7pVLZR8Q6kxZH7IVNI","baseKeyType":1,"closed":-1,"used":1696337752497,"created":1696337752497,"remoteIdentityKey":"BWlEIedQGplyq2OuAPWdZEekR/kQjrNWeAi7xevN0bcF"},"_chains":{"BaEoE2+BA1i4uABuzq79oOV6HpHP3p8XOOl125Gdr59v":{"chainKey":{"counter":0,"key":"ntpag/atXHLoP8CFKf9uCgn7waFzUMnlYTvQGlU3F+U="},"chainType":1,"messageKeys":{}}},"pendingPreKey":{"signedKeyId":1,"baseKey":"BcdJppQJTs4UV2xEBOr4YSZL2T7pVLZR8Q6kxZH7IVNI","preKeyId":16211637}}},"version":"v1"}