{"_sessions":{"BcJpWnBSAJe4/uu12KTObrxe2bXBFCsGrxnKWuMUrmtJ":{"registrationId":1610281363,"currentRatchet":{"ephemeralKeyPair":{"pubKey":"BR0BgtbkzietTmUDvf5dM+Ls1PC4ICvgmnVyNkV39DFT","privKey":"iDO+ru6x/gl2I0pf6JQGWwxCgS9g/+ok7shlADlGmF8="},"lastRemoteEphemeralKey":"BQsCScNZYq/74Pqe0zQjFTNQ1bqqFeo/6O9BpnBpcq9m","previousCounter":0,"rootKey":"GLyXNwZlkpo33lC8aLAfHDl+Hxk3ppN4Y6c1CSDRgps="},"indexInfo":{"baseKey":"BcJpWnBSAJe4/uu12KTObrxe2bXBFCsGrxnKWuMUrmtJ","baseKeyType":1,"closed":-1,"used":1696337705210,"created":1696337705210,"remoteIdentityKey":"BTDdiw1vVMqCipyp46bxHPxFtYsV1pb8EugQ5KE7nb8B"},"_chains":{"BR0BgtbkzietTmUDvf5dM+Ls1PC4ICvgmnVyNkV39DFT":{"chainKey":{"counter":3,"key":"vCXN+wvI8esxTznm+Aw9mRvjgKPS3xfbCcjziAe34Lc="},"chainType":1,"messageKeys":{}}},"pendingPreKey":{"signedKeyId":1,"baseKey":"BcJpWnBSAJe4/uu12KTObrxe2bXBFCsGrxnKWuMUrmtJ","preKeyId":2353387}}},"version":"v1"}