{"_sessions":{"Bbsv+1Wxek70OHr3QULYO/HQfVMgda2+3yfL0kc7hQg4":{"registrationId":1758443201,"currentRatchet":{"ephemeralKeyPair":{"pubKey":"BYgd9wlnddMM09Jd3farmnNplPxMlJS8DwC5Vq1YGxQn","privKey":"yKCBStF3dFZwofesI5RuF21QhWe2Qqvk/xM/S9+ZuVU="},"lastRemoteEphemeralKey":"BYnSsjALfuhjzrwVOAQIeTXnhhRmTSQjpesnNtL4jRd2","previousCounter":0,"rootKey":"KRN7IKouPb3es3rY5JawF7UKU3xR+wPc8NJlvx+jkpc="},"indexInfo":{"baseKey":"Bbsv+1Wxek70OHr3QULYO/HQfVMgda2+3yfL0kc7hQg4","baseKeyType":1,"closed":-1,"used":1696337706584,"created":1696337706584,"remoteIdentityKey":"BX3jZDd7YB61fyJzIHLJZR5qtoRXxs9Z239OM4weEws+"},"_chains":{"BYgd9wlnddMM09Jd3farmnNplPxMlJS8DwC5Vq1YGxQn":{"chainKey":{"counter":2,"key":"bVRPZJyyAJepHJiTTQnCPaw4NfEX8BcPpnJTJ/ayVdY="},"chainType":1,"messageKeys":{}}},"pendingPreKey":{"signedKeyId":0,"baseKey":"Bbsv+1Wxek70OHr3QULYO/HQfVMgda2+3yfL0kc7hQg4","preKeyId":5939603}}},"version":"v1"}