{"_sessions":{"Bc9tgreLwVYA8E2KjaQBN/LJSnjKtDQurBNi/uhS0fIF":{"registrationId":1610978438,"currentRatchet":{"ephemeralKeyPair":{"pubKey":"BQHgQHwI5D03cxQsyPpaE5EJ+fV14RgYP3hUzM5IlDsp","privKey":"SA1G4JvFQFJL8VyPE7AYYnU+QLdrYZJBbJ9WCxt7hUY="},"lastRemoteEphemeralKey":"BbunvaTMdBj3toJ1lhveEleOXZTpPwwPk+nbOEUrxrMm","previousCounter":0,"rootKey":"X2kUBKQ9a5mdNgX97zr5V8xSzxFZeuS3sTrFu2crEEY="},"indexInfo":{"baseKey":"Bc9tgreLwVYA8E2KjaQBN/LJSnjKtDQurBNi/uhS0fIF","baseKeyType":1,"closed":-1,"used":1696337752547,"created":1696337752547,"remoteIdentityKey":"Bdy58O4k+ApZOPwmbks23RPG46GrnV8h6VVFtcJBvGkI"},"_chains":{"BQHgQHwI5D03cxQsyPpaE5EJ+fV14RgYP3hUzM5IlDsp":{"chainKey":{"counter":0,"key":"7fVbk4jSv2VELjZhcE0KsDWR1NRNGlAsDfeXEM37U+U="},"chainType":1,"messageKeys":{}}},"pendingPreKey":{"signedKeyId":2,"baseKey":"Bc9tgreLwVYA8E2KjaQBN/LJSnjKtDQurBNi/uhS0fIF","preKeyId":6654687}}},"version":"v1"}