{"_sessions":{"Be9+TqETaTo61XhMiHjuBOUWKi5mhEPVsXddx5BJq8YX":{"registrationId":551569678,"currentRatchet":{"ephemeralKeyPair":{"pubKey":"BVwi3sY0q9q1q5jo19gc0sYz+zqGupTStIuRbQuMJeZo","privKey":"QEUBtz7CL2XmuqM/mI2Ke0jlZIeqPHjAla7fzyZTAlQ="},"lastRemoteEphemeralKey":"BUnIthE6LQOdSTbxCZMYRI7uOqiYTPkOmWXxj5T10wQ3","previousCounter":0,"rootKey":"lY2ycRfSHlE1jffx8o/gOisvUrI1ukC3EeClgsnJWx4="},"indexInfo":{"baseKey":"Be9+TqETaTo61XhMiHjuBOUWKi5mhEPVsXddx5BJq8YX","baseKeyType":1,"closed":-1,"used":1696337731834,"created":1696337731834,"remoteIdentityKey":"BRGWb3z83VoyM04xIssMuODegPW2r/AANCdcgVB8WdkM"},"_chains":{"BVwi3sY0q9q1q5jo19gc0sYz+zqGupTStIuRbQuMJeZo":{"chainKey":{"counter":0,"key":"WUv4JmRLuNHwdMSeYTSkXloVx2wxCX2PO+VanHk6TFk="},"chainType":1,"messageKeys":{}}},"pendingPreKey":{"signedKeyId":2,"baseKey":"Be9+TqETaTo61XhMiHjuBOUWKi5mhEPVsXddx5BJq8YX","preKeyId":16514388}}},"version":"v1"}