{"_sessions":{"Ba/XNzTBQEMTdmNfNlqQ5CmPr6aqUNd+oDH/MS0M/MR8":{"registrationId":434159988,"currentRatchet":{"ephemeralKeyPair":{"pubKey":"BadJZf9qNW9Op5R+gYLq+CLzOHCgeKLsHDGjAXXD4QYw","privKey":"uLy/Gx+9fBDq2hh9SH5drlO1/j04/vkRTmUeTt10BXM="},"lastRemoteEphemeralKey":"BaFGfgw1YKcGoyeQ0N/oZA+sghQt+O3U03uUx6qHAyMm","previousCounter":0,"rootKey":"Cf3ymhly2SaLlB8a/daKHkeLdmStlRyKUdkrKBlamvA="},"indexInfo":{"baseKey":"Ba/XNzTBQEMTdmNfNlqQ5CmPr6aqUNd+oDH/MS0M/MR8","baseKeyType":1,"closed":-1,"used":1696337704163,"created":1696337704163,"remoteIdentityKey":"BR0Axbgs4qMVasYnc+ZvxS519aFWO/Hc6VDDmiex7cB/"},"_chains":{"BadJZf9qNW9Op5R+gYLq+CLzOHCgeKLsHDGjAXXD4QYw":{"chainKey":{"counter":2,"key":"uF0pb4pE2LxixjSlsNXrnNckt5dj8PMUpdMevSA1sn4="},"chainType":1,"messageKeys":{}}},"pendingPreKey":{"signedKeyId":0,"baseKey":"Ba/XNzTBQEMTdmNfNlqQ5CmPr6aqUNd+oDH/MS0M/MR8","preKeyId":16449168}}},"version":"v1"}