{"_sessions":{"BafZRUnna41U4CEJrtZ9v/FMhJo/nBE8DNWVheQBvSBq":{"registrationId":1710156310,"currentRatchet":{"ephemeralKeyPair":{"pubKey":"BWQYCv/YO+9TGR8ITNrmx+a5JuBDw62auxjEEiYKlv8V","privKey":"IMV0q++h+4XmS+l2Ww+C5Wh2c+xFLoLyTUNYt7mrC04="},"lastRemoteEphemeralKey":"BUVfkBKyhZTO7TxACIb+s2m5YcCInH0y6PYDPmzHimMW","previousCounter":0,"rootKey":"BXy718wELH5kJAeq6wafmmvpLZTttxIicNqFdNqXQr8="},"indexInfo":{"baseKey":"BafZRUnna41U4CEJrtZ9v/FMhJo/nBE8DNWVheQBvSBq","baseKeyType":1,"closed":-1,"used":1696337704375,"created":1696337704375,"remoteIdentityKey":"BWGPqhQYmCiLawGtKc6vetQYD9BNeh4PTFLuh1zhWcJr"},"_chains":{"BWQYCv/YO+9TGR8ITNrmx+a5JuBDw62auxjEEiYKlv8V":{"chainKey":{"counter":2,"key":"rh4Jw8Ti2RupqG4x+0HUGstKshIryECaOIwH3/fpxsw="},"chainType":1,"messageKeys":{}}},"pendingPreKey":{"signedKeyId":1,"baseKey":"BafZRUnna41U4CEJrtZ9v/FMhJo/nBE8DNWVheQBvSBq","preKeyId":8438537}}},"version":"v1"}