{"_sessions":{"BarpyI0ypSDngCHKh7W880DT1QX3+bQyLgPnXuxMH/Va":{"registrationId":1659991877,"currentRatchet":{"ephemeralKeyPair":{"pubKey":"BbRmI18aTey4qVQH/qsxbyQtmi9a0q5px1YnD8l+rXFB","privKey":"eImmrpxKklwZpzJhntDqJpAaXjjZdzYSZEi6yBfgT1c="},"lastRemoteEphemeralKey":"BRyJ4DK0RzZ9TQkJSQ5D5PgySRl3asyAUDuq95OCYXlr","previousCounter":0,"rootKey":"WfQBwbqw8UH2ExmNDRabyIsSd534tcAA6MplL9BdMKE="},"indexInfo":{"baseKey":"BarpyI0ypSDngCHKh7W880DT1QX3+bQyLgPnXuxMH/Va","baseKeyType":1,"closed":-1,"used":1696337706007,"created":1696337706007,"remoteIdentityKey":"BZZ9+QbkRx0AjNpcY/TJW2bVZdaAlQnxcHPdGLGucwxc"},"_chains":{"BbRmI18aTey4qVQH/qsxbyQtmi9a0q5px1YnD8l+rXFB":{"chainKey":{"counter":2,"key":"sW81w3NFkPpB3JWu0xBHCRbQ9NqcsxyGvSGXEZMDODY="},"chainType":1,"messageKeys":{}}},"pendingPreKey":{"signedKeyId":3,"baseKey":"BarpyI0ypSDngCHKh7W880DT1QX3+bQyLgPnXuxMH/Va","preKeyId":790368}}},"version":"v1"}