{"_sessions":{"BV2DQZldWLgYEhdUhSAlfmi+RTkaucziB5MU8u/jnDoV":{"registrationId":1854028737,"currentRatchet":{"ephemeralKeyPair":{"pubKey":"Bc9vmPKa7E1olG6yW7vZ+otpDvG+tqTIQvj1SW2DSJl0","privKey":"0OnQprndo711/bk4sP72X+8tVZbNaccydkns7nrTgnw="},"lastRemoteEphemeralKey":"BWHaFlZAsm9oYcF2v2p+xDqx+ZTvjaUuyxYdHXvb/0YG","previousCounter":0,"rootKey":"f2nWUtdKEmyhCUP7ZCjhNrZIpVTj+r3xi5CGo88xeQc="},"indexInfo":{"baseKey":"BV2DQZldWLgYEhdUhSAlfmi+RTkaucziB5MU8u/jnDoV","baseKeyType":1,"closed":-1,"used":1696337707096,"created":1696337707096,"remoteIdentityKey":"BVJZgb4DHPOxbe85EtHSmJ+KVFuWYBPYlf7EHfuZ4F1F"},"_chains":{"Bc9vmPKa7E1olG6yW7vZ+otpDvG+tqTIQvj1SW2DSJl0":{"chainKey":{"counter":2,"key":"K6giWFB9/4vQmTQSWlDOGZfOaEvz7+ZcQr4FksDV6tY="},"chainType":1,"messageKeys":{}}},"pendingPreKey":{"signedKeyId":15,"baseKey":"BV2DQZldWLgYEhdUhSAlfmi+RTkaucziB5MU8u/jnDoV","preKeyId":4716165}}},"version":"v1"}