{"_sessions":{"BX+MPAct3aIfMntEggTVP1pJaWXh0vVci2nFHLrBtDcA":{"registrationId":1218316183,"currentRatchet":{"ephemeralKeyPair":{"pubKey":"BUci6YMbQX/Rt2Kc5rUL+OfRCMuKlwig6ff74E8Dkesp","privKey":"WGbI7wNxwngf6VIhHIIxyTgHmqyY+DJkyI43kIOtLmY="},"lastRemoteEphemeralKey":"BawHDx3apWYa8P3CjWnYdQSqqzeV8FW64lZItXg892Fj","previousCounter":0,"rootKey":"u8YeYmoysnZm0Z1HxSX3eTQa7f51BakIfAvY7Qq1m8Y="},"indexInfo":{"baseKey":"BX+MPAct3aIfMntEggTVP1pJaWXh0vVci2nFHLrBtDcA","baseKeyType":1,"closed":-1,"used":1696337752460,"created":1696337752460,"remoteIdentityKey":"BdpZmq38LVSCO+OIRLscJGvR2lvMINBaGZYzaWYncRlZ"},"_chains":{"BUci6YMbQX/Rt2Kc5rUL+OfRCMuKlwig6ff74E8Dkesp":{"chainKey":{"counter":0,"key":"GtrgCl0yFCPwjEgVlmqKneyC99H7+vvswqU2W5GP30c="},"chainType":1,"messageKeys":{}}},"pendingPreKey":{"signedKeyId":17,"baseKey":"BX+MPAct3aIfMntEggTVP1pJaWXh0vVci2nFHLrBtDcA","preKeyId":10098826}}},"version":"v1"}