{"_sessions":{"Bb838WalyIKwDksgR9zgApe7CoZw6p6UeYDo6bx5PTRA":{"registrationId":730228845,"currentRatchet":{"ephemeralKeyPair":{"pubKey":"BRN30PZZr9thL1bB+D62cZA1xB3IMA+3IqYQvEZ052Jj","privKey":"gFMNht23tqYOVGskxrVBVAn+OlzA4X+VSVdVSxHRb2g="},"lastRemoteEphemeralKey":"BXMj/Qgr2nHfSXhbhf8pIqR51+tse+PGc7DODp1UvBV8","previousCounter":0,"rootKey":"BsjncGAbQnSX5SL68veADq+oHXuJvwTJE3XoZpawSOg="},"indexInfo":{"baseKey":"Bb838WalyIKwDksgR9zgApe7CoZw6p6UeYDo6bx5PTRA","baseKeyType":1,"closed":-1,"used":1696337752913,"created":1696337752913,"remoteIdentityKey":"BXlJ2I4hRozD5TuMnIZ3kFw9dNvAVAhPU5ksWO0fCtAD"},"_chains":{"BRN30PZZr9thL1bB+D62cZA1xB3IMA+3IqYQvEZ052Jj":{"chainKey":{"counter":0,"key":"KHLa2AV1C5XySC+PxbvXcyN3VxIT2YVRtwBSK1nlWVY="},"chainType":1,"messageKeys":{}}},"pendingPreKey":{"signedKeyId":1,"baseKey":"Bb838WalyIKwDksgR9zgApe7CoZw6p6UeYDo6bx5PTRA","preKeyId":8603365}}},"version":"v1"}