{"_sessions":{"BS0FpjvrWiP0A9K2SQc4ZwreQutlYJD/LHiee+McdooW":{"registrationId":12683,"currentRatchet":{"ephemeralKeyPair":{"pubKey":"BWU/tJXMuW4ae7DfUqlyLxAKa7oDasAPGotkOPgkSJwC","privKey":"mHbEFuVOBGblwXvC0J2izqtGBK1hFqqYdIG1pkBCBUY="},"lastRemoteEphemeralKey":"BRMIPoVaYOgc8rPox1GP11LNA3g6k/jtVhWl3XLjkfdW","previousCounter":0,"rootKey":"G55CQeLflrLkCYxd3lwN/frvqhPBmYWOdsPuFwyD7Yo="},"indexInfo":{"baseKey":"BS0FpjvrWiP0A9K2SQc4ZwreQutlYJD/LHiee+McdooW","baseKeyType":1,"closed":-1,"used":1696337751916,"created":1696337751916,"remoteIdentityKey":"BeISHWB+UEHpf7x0I4uZVK88bpp/Re1W3wZIpuv2w5Vs"},"_chains":{"BWU/tJXMuW4ae7DfUqlyLxAKa7oDasAPGotkOPgkSJwC":{"chainKey":{"counter":0,"key":"yfagfB8oVC3ppDsxu83TTRD0QlLBPIy0UKmVsWpcXVg="},"chainType":1,"messageKeys":{}}},"pendingPreKey":{"signedKeyId":1,"baseKey":"BS0FpjvrWiP0A9K2SQc4ZwreQutlYJD/LHiee+McdooW"}}},"version":"v1"}