{"_sessions":{"BbZD/Oskuz3SCtsCg/By31uMvHeoZ2o6KefdcdHGgN5W":{"registrationId":138121658,"currentRatchet":{"ephemeralKeyPair":{"pubKey":"BVYlEiqzlYQwqMnl01F0hMsR59yOeFy3h76ZmS92puw1","privKey":"qH8y9rIWDtAaa4955zPbyaZMKI2TbefSMRaq5r4kYF8="},"lastRemoteEphemeralKey":"Baa2JI7MKluEDtjBp6iGxU9++BpWhdc1HH0WuXFwSXho","previousCounter":0,"rootKey":"eaSNjm8jbK+d7M7zU/VxI8jvOp2CrdsqjCxKHCCYN6w="},"indexInfo":{"baseKey":"BbZD/Oskuz3SCtsCg/By31uMvHeoZ2o6KefdcdHGgN5W","baseKeyType":1,"closed":-1,"used":1696337704968,"created":1696337704968,"remoteIdentityKey":"BfWNoEBm6BHleQOkA5moGilO2DcV5Dxz0UjiCuxbydEM"},"_chains":{"BVYlEiqzlYQwqMnl01F0hMsR59yOeFy3h76ZmS92puw1":{"chainKey":{"counter":2,"key":"LKxUCp7Wslb7bg91ZM/PhbULqYhWGXH0vq20dFtBKkY="},"chainType":1,"messageKeys":{}}},"pendingPreKey":{"signedKeyId":26,"baseKey":"BbZD/Oskuz3SCtsCg/By31uMvHeoZ2o6KefdcdHGgN5W"}}},"version":"v1"}