{"_sessions":{"BQrj787BgxXpAzZZ87iOMoYGJxzWReSvj0Kcvk1066Vb":{"registrationId":49614456,"currentRatchet":{"ephemeralKeyPair":{"pubKey":"BW9H00HT4epDyRj6NOX69M7MGx5soYm1zTY6sBZfScl9","privKey":"iKCLLOGBXFXZkGqMIuYPuNlY1QjIpadWp4PVs8WZDF8="},"lastRemoteEphemeralKey":"Bc2OvMPkM/bcdSesb1vii197h9pwX4l8QUIZO8ZbSutT","previousCounter":0,"rootKey":"FJFRHlRczOo6vNd+/hwAh1yOuweS3W/1CkvIh4tJ/uY="},"indexInfo":{"baseKey":"BQrj787BgxXpAzZZ87iOMoYGJxzWReSvj0Kcvk1066Vb","baseKeyType":1,"closed":-1,"used":1696337705542,"created":1696337705542,"remoteIdentityKey":"BeNVD1tNX4DIphH6D3pafNRRqMrVUG3uuolX+pUhfx0C"},"_chains":{"BW9H00HT4epDyRj6NOX69M7MGx5soYm1zTY6sBZfScl9":{"chainKey":{"counter":2,"key":"2H4vyDe0J2Vx1dV+DjMoInQu6Ydm55jh7/vYVYJOrVo="},"chainType":1,"messageKeys":{}}},"pendingPreKey":{"signedKeyId":4,"baseKey":"BQrj787BgxXpAzZZ87iOMoYGJxzWReSvj0Kcvk1066Vb","preKeyId":11355876}}},"version":"v1"}