{"_sessions":{"BaeFrV30/6gG8/ksPhPS5OMgCEPgkwIBgmHlW0fdttBI":{"registrationId":1037040546,"currentRatchet":{"ephemeralKeyPair":{"pubKey":"BYe8yTRRWVhr38dW2K7j6PaUV3a8dlYBdA76tp8Ku7Ma","privKey":"uHHyzv5NEPfdbFb6ywoqOo2btrREqG7e5h18YDLULU4="},"lastRemoteEphemeralKey":"BXtadE+hH9wBAP/Ghgzh7rQC7xMlC7FB16Vb/n5pqpFd","previousCounter":0,"rootKey":"HiqvdvawKyXkWyQRTkd/5D9Ffz3Y4m2MZefV8vJpjEQ="},"indexInfo":{"baseKey":"BaeFrV30/6gG8/ksPhPS5OMgCEPgkwIBgmHlW0fdttBI","baseKeyType":1,"closed":-1,"used":1696337704107,"created":1696337704107,"remoteIdentityKey":"Bf7YLEQlHWZsqw9QNx/ymezHN1Q9g42DtELw0HunIGl8"},"_chains":{"BYe8yTRRWVhr38dW2K7j6PaUV3a8dlYBdA76tp8Ku7Ma":{"chainKey":{"counter":2,"key":"VeID9Mrn2n09qbC8fdlVURgVj6u/zGRez56dQesqFlg="},"chainType":1,"messageKeys":{}}},"pendingPreKey":{"signedKeyId":8,"baseKey":"BaeFrV30/6gG8/ksPhPS5OMgCEPgkwIBgmHlW0fdttBI"}}},"version":"v1"}