{"_sessions":{"BfpadjDDfB5wLWYYLfrQXw1E0ni/AU+RY43XpobryLho":{"registrationId":389013428,"currentRatchet":{"ephemeralKeyPair":{"pubKey":"Bad4QVt0CiZuvBanm6859G9Gio204vDrrJxGWnosI/E6","privKey":"kLyzrdYz/A0YoD28fHdquMhOhHzukBfz8c+WkYWqYkQ="},"lastRemoteEphemeralKey":"BV9BSnitPAeDxH4Ar3+TXqsla08YNgZPvsYWDFBg1RU3","previousCounter":0,"rootKey":"kulNmq0+s0ss1N9s1tJYtDiO+jw2C8zkjidaiVusymk="},"indexInfo":{"baseKey":"BfpadjDDfB5wLWYYLfrQXw1E0ni/AU+RY43XpobryLho","baseKeyType":1,"closed":-1,"used":1696337706173,"created":1696337706173,"remoteIdentityKey":"BfdqUGMm4no6ebUz9bHKlLD4ajDX+FuuuuATUgjmo1kN"},"_chains":{"Bad4QVt0CiZuvBanm6859G9Gio204vDrrJxGWnosI/E6":{"chainKey":{"counter":2,"key":"gTLuHuvwms9L/XV0G/4R10UICIpKuabpCqnOn5TKVRM="},"chainType":1,"messageKeys":{}}},"pendingPreKey":{"signedKeyId":24,"baseKey":"BfpadjDDfB5wLWYYLfrQXw1E0ni/AU+RY43XpobryLho","preKeyId":9419583}}},"version":"v1"}