{"_sessions":{"BeRuyl6/YTPvVwA9vsjZorZ0Yp/gYzlEnAOD7SnoNGBk":{"registrationId":626228930,"currentRatchet":{"ephemeralKeyPair":{"pubKey":"BQCp6q7KzpDay6zrO27agT6RFL3MZV0+CZgJc1tO6m87","privKey":"aK45SVE56o7aslWbVQ4fC+kWJcI/X5osySZxf1KW0G8="},"lastRemoteEphemeralKey":"BSBC0DnNUt9aIrHKCGFLZraSh6dOaZyO8hy3FaR10Xw6","previousCounter":0,"rootKey":"9ek58KAYwzDwE1JntikCToxJE8AYbfxmc7k5NXODIs8="},"indexInfo":{"baseKey":"BeRuyl6/YTPvVwA9vsjZorZ0Yp/gYzlEnAOD7SnoNGBk","baseKeyType":1,"closed":-1,"used":1696337705718,"created":1696337705718,"remoteIdentityKey":"BccvbcbB/tnnr8du35kAHlBKyKI5FhKqNxJ69RUelpBQ"},"_chains":{"BQCp6q7KzpDay6zrO27agT6RFL3MZV0+CZgJc1tO6m87":{"chainKey":{"counter":2,"key":"hAGMIrivAbxrYwU4dT++oRf588Z9ytVmIAqYNv1B16Q="},"chainType":1,"messageKeys":{}}},"pendingPreKey":{"signedKeyId":35,"baseKey":"BeRuyl6/YTPvVwA9vsjZorZ0Yp/gYzlEnAOD7SnoNGBk","preKeyId":655557}}},"version":"v1"}