{"_sessions":{"BWEVPvSanIdITvr5k+DGcmW4eeQIEtacHQx3YIBdlola":{"registrationId":315387124,"currentRatchet":{"ephemeralKeyPair":{"pubKey":"Be6yRUAssvDzIJJTtKZaUidumoonqryh/xgHZCnv/nhu","privKey":"wCyEk31VWkkEKTAXJoj7FkmatSuSn+gJoL27zaOSOVc="},"lastRemoteEphemeralKey":"BfDG07XE/4yzlOg4xFs2J2aKdw4eUIgfMLW9/a/hAnUl","previousCounter":0,"rootKey":"8N8SxozxnOrnjrPX7C5FL/JIrBainRFmIvFuNJBqWWI="},"indexInfo":{"baseKey":"BWEVPvSanIdITvr5k+DGcmW4eeQIEtacHQx3YIBdlola","baseKeyType":1,"closed":-1,"used":1696337706631,"created":1696337706631,"remoteIdentityKey":"BTjMugq+5lqm3KUrpeVF6J1ljrT5aQ3xS+AqQMA23kcU"},"_chains":{"Be6yRUAssvDzIJJTtKZaUidumoonqryh/xgHZCnv/nhu":{"chainKey":{"counter":2,"key":"/qkJEYAsq1pzOC8hZv45sretLgiqYNWCpWNEYOl41ic="},"chainType":1,"messageKeys":{}}},"pendingPreKey":{"signedKeyId":3,"baseKey":"BWEVPvSanIdITvr5k+DGcmW4eeQIEtacHQx3YIBdlola","preKeyId":1810190}}},"version":"v1"}