{"_sessions":{"Bfulz6O+njk+M4naYQc7xVeLwfM+MxAdsrV+1LhWyy5y":{"registrationId":1409904444,"currentRatchet":{"ephemeralKeyPair":{"pubKey":"BSTA0D6pmsCaCkQoPnygA1DOM1ZbcMEZ8wxsyna3OQRH","privKey":"+HfwJSps2r9cStB4LIsURtDaCel7dYLNXoBL6jVP9VM="},"lastRemoteEphemeralKey":"BdelB9IoH3PpAA5VG5preKBN3soqstAVxch1KokzUgVx","previousCounter":0,"rootKey":"Qa3QBdwCG1L1mEfIwHcEH6uRPSTmpfpOPy1bQ6sI7Eo="},"indexInfo":{"baseKey":"Bfulz6O+njk+M4naYQc7xVeLwfM+MxAdsrV+1LhWyy5y","baseKeyType":1,"closed":-1,"used":1696337706003,"created":1696337706003,"remoteIdentityKey":"BVDE11yyWm+uF5t0TUFr1WWJ4HYryab2ZcemBXnio7Qy"},"_chains":{"BSTA0D6pmsCaCkQoPnygA1DOM1ZbcMEZ8wxsyna3OQRH":{"chainKey":{"counter":2,"key":"6MNbkwY1iPvVi7NgZHy4s8C2hLZJCrQhf2jx0OaJ6z8="},"chainType":1,"messageKeys":{}}},"pendingPreKey":{"signedKeyId":8,"baseKey":"Bfulz6O+njk+M4naYQc7xVeLwfM+MxAdsrV+1LhWyy5y","preKeyId":12089632}}},"version":"v1"}