{"_sessions":{"BSjSP8+jXYIUidh4hQvl3y/WlIY0Gg6/OVpdyH6CeBRg":{"registrationId":781434785,"currentRatchet":{"ephemeralKeyPair":{"pubKey":"BWwD8H+s0TuP1nXGL38Bm25OtGXCYnkeJ/1ZzXaop9IB","privKey":"6JtIrVh4yZ4nSjfwHj+MWd2tFhoQhB0Vf+Avy0toulY="},"lastRemoteEphemeralKey":"BUy2CM0SdQXxTpscKPxJ+CFkxcZzGGDXMFkNfuiJ35Fh","previousCounter":0,"rootKey":"WSAmVgKGSi5obJgUDUgzDNWnqQcuLfFwPnBhabbzCn4="},"indexInfo":{"baseKey":"BSjSP8+jXYIUidh4hQvl3y/WlIY0Gg6/OVpdyH6CeBRg","baseKeyType":1,"closed":-1,"used":1696337753044,"created":1696337753044,"remoteIdentityKey":"BaEXCwiK5LjGV8im8FZLhIIupi+m1FTbj0T0ckN5Elkp"},"_chains":{"BWwD8H+s0TuP1nXGL38Bm25OtGXCYnkeJ/1ZzXaop9IB":{"chainKey":{"counter":0,"key":"A8f38MZqZ2I5EAXwLkyjJ1f7IpVmv7tE3J3A8SaTotQ="},"chainType":1,"messageKeys":{}}},"pendingPreKey":{"signedKeyId":0,"baseKey":"BSjSP8+jXYIUidh4hQvl3y/WlIY0Gg6/OVpdyH6CeBRg","preKeyId":1094645}}},"version":"v1"}