{"_sessions":{"Bcx6Gyf3/3UjoR4DZ1HCa2/t4nnEStuWMMxSjPTpKFE0":{"registrationId":1836010512,"currentRatchet":{"ephemeralKeyPair":{"pubKey":"BYbXeRw89IwqecmnmYCIQgl6p13xeucOzDu5sKqQ/yF8","privKey":"WGWP14KsKKKTbjiESYtqPU6WzLT9IwKhVb6/hkvzwXk="},"lastRemoteEphemeralKey":"BS7I3MfzuK7Ft6G9FcmYxcQCL9S4IIi6piVHPqDv3qMp","previousCounter":0,"rootKey":"qLXt/ed/Y15WfpHcynQnZZDrQtIlfkBVQpdn5gfGDNs="},"indexInfo":{"baseKey":"Bcx6Gyf3/3UjoR4DZ1HCa2/t4nnEStuWMMxSjPTpKFE0","baseKeyType":1,"closed":-1,"used":1696337704827,"created":1696337704827,"remoteIdentityKey":"BZRdhImJzhDPj05fe0Be0B3ggFO3b6NKMIc25e6Ga5tk"},"_chains":{"BYbXeRw89IwqecmnmYCIQgl6p13xeucOzDu5sKqQ/yF8":{"chainKey":{"counter":2,"key":"IbtlEfPYjCKBfexBTgnBHtw+RguxO/LEOpwGlxmewLo="},"chainType":1,"messageKeys":{}}},"pendingPreKey":{"signedKeyId":4,"baseKey":"Bcx6Gyf3/3UjoR4DZ1HCa2/t4nnEStuWMMxSjPTpKFE0","preKeyId":3772215}}},"version":"v1"}