{"_sessions":{"BawPDUL7cS9KKazlUnRPd4G6wZHY75jYSuDDZOZcIHB3":{"registrationId":1002429250,"currentRatchet":{"ephemeralKeyPair":{"pubKey":"BZwLGKM8VF2awEUU6h3gXZZtD+g5bIX4Lqb1T6PaqPwi","privKey":"oJTJoFEGeacDaKM/tcVt1KHjQTjjrsrfmrnQw8iuSG8="},"lastRemoteEphemeralKey":"BTM27MuA8a/S+bvAoXlvSNowet5r8MR4alCix7ACZ/NH","previousCounter":0,"rootKey":"DKwIzr46/Weat6rE6PJb0kFGcqMlRvCUFQRFQSL8JW0="},"indexInfo":{"baseKey":"BawPDUL7cS9KKazlUnRPd4G6wZHY75jYSuDDZOZcIHB3","baseKeyType":1,"closed":-1,"used":1696337719798,"created":1696337719798,"remoteIdentityKey":"BVJglGEoOBal0xJNN/G9EBP/C8Cmxkb5sTZabpNQhz5C"},"_chains":{"BZwLGKM8VF2awEUU6h3gXZZtD+g5bIX4Lqb1T6PaqPwi":{"chainKey":{"counter":0,"key":"QUHoR9UfG4YdxQX8C0iHrnpgozTvpLeXjQu9A1SPM9s="},"chainType":1,"messageKeys":{}}},"pendingPreKey":{"signedKeyId":15,"baseKey":"BawPDUL7cS9KKazlUnRPd4G6wZHY75jYSuDDZOZcIHB3","preKeyId":301541}}},"version":"v1"}