{"_sessions":{"BTOBbrGBV6uGKmfHAuIArz2xaZ61o8Ah0TStfRoZj2os":{"registrationId":1404873731,"currentRatchet":{"ephemeralKeyPair":{"pubKey":"BQEzKGUO7QrmajJQDCTrCPUUBvmBZaBI2GIarozprRFX","privKey":"6AByYNNf5d91BMHwwuGjzSnCMZFJv3wf3b1M/OEOkFU="},"lastRemoteEphemeralKey":"Bf5lQqCecqgUIl4411s/ZSc9jtgBBgy2z5QGRTWlgWBO","previousCounter":0,"rootKey":"GqVpSTfq29NFQKMnS23oXRjaOFLoGAS/ZBylmrHmlQQ="},"indexInfo":{"baseKey":"BTOBbrGBV6uGKmfHAuIArz2xaZ61o8Ah0TStfRoZj2os","baseKeyType":1,"closed":-1,"used":1696337752455,"created":1696337752455,"remoteIdentityKey":"BTFDfjayxXo9DLb1uyDGdNHRRRREeWvqqA73SN9hebMh"},"_chains":{"BQEzKGUO7QrmajJQDCTrCPUUBvmBZaBI2GIarozprRFX":{"chainKey":{"counter":0,"key":"gbz+naJ8brzDjUjpfr12a4aIB+AYYNSE+wvpE/J72YA="},"chainType":1,"messageKeys":{}}},"pendingPreKey":{"signedKeyId":2,"baseKey":"BTOBbrGBV6uGKmfHAuIArz2xaZ61o8Ah0TStfRoZj2os","preKeyId":5772149}}},"version":"v1"}