{"_sessions":{"BfBKRPLcjfEbpLJeGCG1dVtlbnxP3mDkC6caW+kEMgQo":{"registrationId":1795672740,"currentRatchet":{"ephemeralKeyPair":{"pubKey":"BYGTWLsSMPZe3A8kRIerhJ0mQkVMwnZSEhWYKmD/snof","privKey":"6O1ENUqMfD0KIKLYdF3WpvhxVLRh7tgBmLAeSlbY4Xk="},"lastRemoteEphemeralKey":"BYHcosRbmv2baBoTFidsTBOTr9rN1vz/C/QgIZfGg0Je","previousCounter":0,"rootKey":"5hm70NCyxNEc9JQLVrCj/V656dQBHq4FSub3/GJeX3o="},"indexInfo":{"baseKey":"BfBKRPLcjfEbpLJeGCG1dVtlbnxP3mDkC6caW+kEMgQo","baseKeyType":1,"closed":-1,"used":1696337731785,"created":1696337731785,"remoteIdentityKey":"BUxGCgz6S/tdUew3tKnc4LEsIHdnrJDrf4DJBBkX3ux/"},"_chains":{"BYGTWLsSMPZe3A8kRIerhJ0mQkVMwnZSEhWYKmD/snof":{"chainKey":{"counter":0,"key":"auJRXbUFbmfjDSinwGBYgjCCw+z+EoajYtltnf7493k="},"chainType":1,"messageKeys":{}}},"pendingPreKey":{"signedKeyId":6,"baseKey":"BfBKRPLcjfEbpLJeGCG1dVtlbnxP3mDkC6caW+kEMgQo","preKeyId":7694935}}},"version":"v1"}