{"_sessions":{"BX1CYtNWma23YtPZTVXlK3HjLLmdavCXRxE3usyUBxcQ":{"registrationId":1510336239,"currentRatchet":{"ephemeralKeyPair":{"pubKey":"BVE5NbQCQKpbnErcuAMHUySQmqIlJegmoCxLNoVGIrdc","privKey":"4LHCaRxKyGqN2kFk6vCVEE6ISalzUHiKJUK8OWOnNVU="},"lastRemoteEphemeralKey":"BYwF1lSGkG2LCPkNfw3F6bYvZ0dYRGezpvufls636Akh","previousCounter":0,"rootKey":"0EjU5v1uYaUA2fTnUcf7mFBMXCAQiYRCzI8+TxxJTS0="},"indexInfo":{"baseKey":"BX1CYtNWma23YtPZTVXlK3HjLLmdavCXRxE3usyUBxcQ","baseKeyType":1,"closed":-1,"used":1696337704880,"created":1696337704880,"remoteIdentityKey":"BZpISOF4yDoTAunCivj8jyxIY2BmY5I4sEOXCr2LKnZ4"},"_chains":{"BVE5NbQCQKpbnErcuAMHUySQmqIlJegmoCxLNoVGIrdc":{"chainKey":{"counter":2,"key":"6KDlupta8+h2KXeMydEileQib30dYgsEMlMCfr43HXE="},"chainType":1,"messageKeys":{}}},"pendingPreKey":{"signedKeyId":3,"baseKey":"BX1CYtNWma23YtPZTVXlK3HjLLmdavCXRxE3usyUBxcQ","preKeyId":7878724}}},"version":"v1"}