{"_sessions":{"BUw3wN9b6eWr5Rz5ynfHg48YtTk8+cR5YyiMEhVTfp8u":{"registrationId":1831927984,"currentRatchet":{"ephemeralKeyPair":{"pubKey":"BerJVnPAUBR/BNKZJcWckxtN8+a/mTIjh9CgTI7xRINk","privKey":"QCGOvZRfVUXSZbFgqR+ZSW6f/fkjXmofOju0hqvflkc="},"lastRemoteEphemeralKey":"BQ74pFZwreNwg42GpvGGfyLjanzkLOW4NFSWTTEtb1hh","previousCounter":0,"rootKey":"jpjJ1CDMxf+h+GATU/u1YJKSUF3IatOFqF+scjyE5f8="},"indexInfo":{"baseKey":"BUw3wN9b6eWr5Rz5ynfHg48YtTk8+cR5YyiMEhVTfp8u","baseKeyType":1,"closed":-1,"used":1696337705452,"created":1696337705452,"remoteIdentityKey":"BeH5VmxwA2HPgHbvbMivCM8M0LElNm0w9CcN5F10nLFy"},"_chains":{"BerJVnPAUBR/BNKZJcWckxtN8+a/mTIjh9CgTI7xRINk":{"chainKey":{"counter":2,"key":"JPul36AScFGslBFsck8MLLa3OYjW4idsrPtxW4KJNtQ="},"chainType":1,"messageKeys":{}}},"pendingPreKey":{"signedKeyId":2,"baseKey":"BUw3wN9b6eWr5Rz5ynfHg48YtTk8+cR5YyiMEhVTfp8u","preKeyId":1766591}}},"version":"v1"}