{"_sessions":{"BRLTYCcN57zeu1TYVlSAodUez+auxqzTNstlhVg8CpUe":{"registrationId":1018233155,"currentRatchet":{"ephemeralKeyPair":{"pubKey":"BUsIsmAy23pXrRx/7rbibLjXhXisJ42ibV+9OYvA7yIw","privKey":"AHPEQgC7g96a9Xn8aPiaY5dD3FM9alMxKRHndWKwtVk="},"lastRemoteEphemeralKey":"BbqVFzqpYaPPFmcQ7gPNk8pCv1f9gFyK3OczjWZN6TFH","previousCounter":0,"rootKey":"A51V6HTc7wYdyZZMyAQj40Kecq3uESwwai1ou4rY3mw="},"indexInfo":{"baseKey":"BRLTYCcN57zeu1TYVlSAodUez+auxqzTNstlhVg8CpUe","baseKeyType":1,"closed":-1,"used":1696337752947,"created":1696337752947,"remoteIdentityKey":"BTYNpTqG+ge12PCKOiJwo/5Z6OL0WfNb8ps6bkXXjm5E"},"_chains":{"BUsIsmAy23pXrRx/7rbibLjXhXisJ42ibV+9OYvA7yIw":{"chainKey":{"counter":0,"key":"ESMc5N6mt+i5jIiiDX4+1wMFLoN8C5eBqxqcZucovJw="},"chainType":1,"messageKeys":{}}},"pendingPreKey":{"signedKeyId":4,"baseKey":"BRLTYCcN57zeu1TYVlSAodUez+auxqzTNstlhVg8CpUe"}}},"version":"v1"}