{"_sessions":{"BS1noV7UR7/BYGBQMwvaZQhqCEsAa2uWCDlkznBnOpNL":{"registrationId":170,"currentRatchet":{"ephemeralKeyPair":{"pubKey":"BeDbHZZESJyO9tYJ4ipGedLwkqHn+vWvKbPgIkye50Yx","privKey":"SE/+pOqJIETR/rtExXSdd4ed/spDF2A/7AljpJN6RlU="},"lastRemoteEphemeralKey":"BUEYOweN3MD+vaCWwedPbU4Y5uLQcrig/cKWeM3+7DkT","previousCounter":0,"rootKey":"VjG3MnV1RdahHUR7MhvpYO83DJe43tI5HpEmbB45R68="},"indexInfo":{"baseKey":"BS1noV7UR7/BYGBQMwvaZQhqCEsAa2uWCDlkznBnOpNL","baseKeyType":1,"closed":-1,"used":1696337719199,"created":1696337719199,"remoteIdentityKey":"Ba9kWZSe8X9cFuh1UvR0g9Z+Wp+hi+kJjBDv9nXFxrVT"},"_chains":{"BeDbHZZESJyO9tYJ4ipGedLwkqHn+vWvKbPgIkye50Yx":{"chainKey":{"counter":0,"key":"tLa70IOwNbSxXPB9oWG4r86HV91jGMWDtOqBCr0gdTo="},"chainType":1,"messageKeys":{}}},"pendingPreKey":{"signedKeyId":1,"baseKey":"BS1noV7UR7/BYGBQMwvaZQhqCEsAa2uWCDlkznBnOpNL"}}},"version":"v1"}