{"_sessions":{"BdPySAX0LLV82p7lgqghuOjZBaIF/tZI58RNRTBx6z1n":{"registrationId":959509771,"currentRatchet":{"ephemeralKeyPair":{"pubKey":"BQ3T2gN6J/wNgFfZMr7KYcPAUtTJ3Jgvp10qdFdu2ftu","privKey":"YN8TP0N1vraQNSj3cRZ1SBaGgZD/iXyQYJqygNsFzl4="},"lastRemoteEphemeralKey":"BcYM+/EsV8XKjQ8p6zg6pjaoDm0pprEHd22L5DLSwHpW","previousCounter":0,"rootKey":"OQXzuO3H0a2024X74j6y1Nkx9OQj0oT9w19RnGNOW6k="},"indexInfo":{"baseKey":"BdPySAX0LLV82p7lgqghuOjZBaIF/tZI58RNRTBx6z1n","baseKeyType":1,"closed":-1,"used":1696337752996,"created":1696337752996,"remoteIdentityKey":"BQjS/Rjk5bI6uuxWqc/UNjYm1fxV7K4u7c6lSZSxjI1c"},"_chains":{"BQ3T2gN6J/wNgFfZMr7KYcPAUtTJ3Jgvp10qdFdu2ftu":{"chainKey":{"counter":0,"key":"y5p+raO/vpFbjm6hHBcc8tuylMFzp1HeKOl/uTjzK5E="},"chainType":1,"messageKeys":{}}},"pendingPreKey":{"signedKeyId":5,"baseKey":"BdPySAX0LLV82p7lgqghuOjZBaIF/tZI58RNRTBx6z1n","preKeyId":5725441}}},"version":"v1"}